date,state,city,summary,month,year_month
2022-10-01,FLORIDA,ORLANDO,"PRELIM INFO FROM FAA OPS: ORLANDO, FL/UAS SIGHTING/1334E/KISSIMMEE ATCT ADVISED, EMBRAER E50P, REPORTED A WHITE UAS WHILE NNW BOUND AT 400 FEET ON A 1.5 MILE FOR RUNWAY 33. UAS CAME WITHIN 100 FEET OF ACFT. NO EVASIVE ACTION TAKEN. OSCEOLA COUNTY SHERIFF NOTIFIED.",10,2022-10
2022-10-01,TENNESSEE,NASHVILLE,"PRELIM INFO FROM FAA OPS: NASHVILLE, TN/UAS SIGHTING/1428C/NASHVILLE APCH ADVISED, GULFSTREAM AEROSPACE GLF4, GYI - BNA, REPORTED A UAS FROM THE RIGHT SIDE WHILE NNE BOUND AT 1,700 FEET ON 3 MILE FINAL RUNWAY 2C BNA. NO EVASIVE ACTION TAKEN. NASHVILLE PD NOTIFIED.",10,2022-10
2022-10-01,TEXAS,DALLAS,"PRELIM INFO FROM FAA OPS: DALLAS, TX/UAS SIGHTING/1725C/FORT WORTH TRACON ADVISED, CRJ7, DFW - LCH, REPORTED A SILVER UAS WHILE E BOUND AT 9,500 FEET 3 N RBD. NO EVASIVE ACTION TAKEN. DFW DPS NOTIFIED.",10,2022-10
2022-10-01,TEXAS,DALLAS,"CORRECTION (CALLSIGN) INFO FROM FAA OPS: DALLAS, TX/UAS SIGHTING/1725C/FORT WORTH TRACON ADVISED, CRJ7, DRT - DFW, REPORTED A SILVER UAS WHILE E BOUND AT 9,500 FEET 3 N RBD. NO EVASIVE ACTION TAKEN. DFW DPS NOTIFIED.",10,2022-10
2022-10-01,FLORIDA,NEW SMYRNA BEACH,"PRELIM INFO FROM FAA OPS: NEW SMYRNA BEACH, FL/UAS SIGHTING/2234E/DAYTONA TRACON ADVISED, HELO, REPORTED A GREEN  UAS AT THE 1 O'CLOCK POSITION WHILE NE BOUND AT 1,000 FEET 8 WSW EVB. NO EVASIVE ACTION TAKEN. VOLUSIA COUNTY SHERIFF NOTIFIED.",10,2022-10
2022-10-02,FLORIDA,JACKSONVILLE,"PRELIM INFO FROM FAA OPS: JACKSONVILLE, FL/UAS SIGHTING/1202E/JACKSONVILLE TRACON ADVISED, BEECH B350, REPORTED A UAS 500 FEET ABOVE ACFT WHILE N BOUND AT 7,500 FEET 7 N CRAIG ARPT, JACKSONVILLE. NO EVASIVE ACTION REPORTED. DUVAL COUNTY SHERIFF NOTIFIED.",10,2022-10
2022-10-02,CALIFORNIA,LONG BEACH,"PRELIM INFO FROM FAA OPS: LONG BEACH, CA/UAS SIGHTING/1250P/LONG BEACH ATCT ADVISED, CESSNA C172, LGB - LGB, REPORTED A RED UAS FROM THE 1 O'CLOCK POSITION WHILE W BOUND AT 200 FEET ON .5 MILE FINAL RUNWAY 26R LGB. NO EVASIVE ACTION TAKEN. LEO NOTIFICATION NOT REPORTED.",10,2022-10
2022-10-02,CALIFORNIA,SANTA ANA,"PRELIM INFO FROM FAA OPS: SANTA ANA, CA/UAS SIGHTING/1418P/JOHN WAYNE ATCT ADVISED, CESSNA C210, REPORTED UAS WHILE W BOUND AT 1,500 FEET 4 E JOHN WAYNE ARPT. NO EVASIVE ACTION TAKEN. ORANGE COUNTY SHERIFF NOTIFIED.",10,2022-10
2022-10-02,TEXAS,FORT WORTH,"PRELIM INFO FROM FAA OPS: FORT WORTH, TX/UAS SIGHTING/1625C/MEACHAM ATCT ADVISED, PIPER P28A, REPORTED A UAS FROM THE 7 O'CLOCK POSITION WHILE S BOUND AT 1,600 FEET 1 SW FTW. NO EVASIVE ACTION TAKEN. DFW DPS NOTIFIED.",10,2022-10
2022-10-02,GEORGIA,ATLANTA,"PRELIM INFO FROM FAA OPS: ATLANTA, GA/UAS SIGHTING/1725E/ATLANTA TRACON ADVISED, CRJ9, AGS - ATL, REPORTED A UAS 500 FEET BELOW ACFT WHILE NNW BOUND AT 4,000 FEET 20 SE ATL. NO EVASIVE ACTION TAKEN. LEO NOTIFICATION NOT REPORTED.",10,2022-10
2022-10-02,TEXAS,HOUSTON,"PRELIM INFO FROM FAA OPS: HOUSTON, TX/UAS SIGHTING/1742C/HOUSTON TRACON ADVISED, A319, MONTERREY, MEXICO (MMMY) - IAH, REPORTED A BLACK UAS AT THE 1 O'CLOCK POSITION WHILE NE BOUND AT 4,100 FEET 19 WSW IAH. NO EVASIVE ACTION TAKEN. FBI NOTIFIED.",10,2022-10
2022-10-03,OKLAHOMA,OKLAHOMA CITY,"PRELIM INFO FROM FAA OPS: OKLAHOMA CITY, OK/UAS SIGHTING/0620C/OKLAHOMA CITY APCH ADVISED, DASSAULT F2TH, REPORTED A QUADCOPTER AT THE 12 O'CLOCK POSITION FLYING SE BOUND AT 50-100 FEET OVER THE APPROACH END OF RUNWAY 17L. NO IMPACT TO OPS. OKLAHOMA CITY PD NOTIFIED.",10,2022-10
2022-10-03,CALIFORNIA,LOS ALAMITOS,"PRELIM INFO FROM FAA OPS: LOS ALAMITOS, CA/UAS SIGHTING/1214P/SOCAL TRACON ADVISED, MOONEY M20P, REPORTED A RED UAS AT THE 2 O'CLOCK POSITION WHILE NE BOUND AT 3,500 FEET 4 SW SLI. NO EVASIVE ACTION TAKEN. LOS ALAMITOS PD NOTIFIED.",10,2022-10
2022-10-03,MISSISSIPPI,MERIDIAN,"PRELIM INFO FROM FAA OPS: MERIDIAN, MS/UAS SIGHTING/1501C/ATLANTA ARTCC ADVISED, PIPER PA32, HATTIESBURG-LAUREL, MS (PIB) - AUBURN, AL (AUO), REPORTED A UAS 100 FEET BELOW ACFT WHILE ENE BOUND AT 5,400 FEET 30 SSE MEI. NO EVASIVE ACTION TAKEN. LEO NOTIFICATION NOT PROVIDED.",10,2022-10
2022-10-04,CALIFORNIA,BYRON,"PRELIM INFO FROM FAA OPS: BYRON, CA/UAS SIGHTING/1455P/NORCAL TRACON ADVISED, CESSNA C172, REPORTED A UAS FROM THE 12 O'CLOCK POSITION WHILE N BOUND AT 3,800 FEET 7.5 BRENTWOOD PD NOTIFIED.",10,2022-10
2022-10-04,OREGON,PORTLAND,"PRELIM INFO FROM FAA OPS: PORTLAND, OR/LASER INCIDENT/1712P/PORTLAND TRACON REPORTED , ATR AT43, MFR - PDX, WAS ILLUMINATED BY A GREEN LASER FROM THE 3 O'CLOCK POSITION WHILE E BOUND AT 100 FEET LANDING RUNWAY 10R. NO EVASIVE ACTION TAKEN. NO LEO NOTIFICATION PROVIDED.",10,2022-10
2022-10-04,OREGON,PORTLAND,"CORRECTION INFO (EVENT TYPE) FROM FAA OPS: PORTLAND, OR/UAS SIGHTING/1712P/PORTLAND TRACON ADVISED, ATR AT43, MFR - PDX, REPORTED A UAS FROM THE 3 O'CLOCK POSITION WHILE E BOUND AT 100 FEET LANDING RUNWAY 10R. NO EVASIVE ACTION TAKEN. NO LEO NOTIFICATION PROVIDED.",10,2022-10
2022-10-04,NEVADA,LAS VEGAS,"PRELIM INFO FROM FAA OPS: LAS VEGAS, NV/UAS SIGHTING/1724P/LAS VEGAS TRACON ADVISED, B752, LAS - HOU, REPORTED A UAS FROM THE LEFT SIDE WHILE AT 8,200 FEET. NO EVASIVE ACTION TAKEN. LAS VEGAS METRO PD NOTIFIED.",10,2022-10
2022-10-05,FLORIDA,LA BELLE,"PRELIM INFO FROM FAA OPS: LA BELLE, FL/UAS SIGHTING/1220E/MIAMI ARTCC ADVISED, CESSNA C172, REPORTED UAS 100 FEET ABOVE ACFT AT THE 10 O'CLOCK POSITION WHILE NNE BOUND AT 2,000 FEET 37 N LA BELLE VORTAC. NO EVASIVE ACTION REPORTED. LEOS TO BE NOTIFIED.",10,2022-10
2022-10-05,GEORGIA,ATLANTA,"PRELIM INFO FROM FAA OPS: ATLANTA, GA/UAS SIGHTING/1245E/ATLANTA TRACON ADVISED, BEECH BE36, SAV - PDK, REPORTED A UAS FROM 100 FEET BELOW ACFT WHILE W BOUND AT 2,600 FEET 14 NE ATL. NO EVASIVE ACTION TAKEN. DEKALB COUNTY SHERIFF NOTIFIED.",10,2022-10
2022-10-05,FLORIDA,PENSACOLA,"PRELIM INFO FROM FAA OPS: PENSACOLA, FL/UAS SIGHTING/1232C/PENSACOLA ATCT ADVISED, SOCATA TBM8, PIB - PNS, REPORTED A BLACK UAS FROM 25 FEET BELOW THE 9 O'CLOCK POSITION WHILE N BOUND AT 1,700 FEET 7 S PNS. NO EVASIVE ACTION TAKEN. ATCT RE-SEQUENCED ARRIVALS FROM RUNWAY 35 TO RUNWAY 26. GULF BREEZE PD NOTIFIED.",10,2022-10
2022-10-05,TEXAS,HOUSTON,"PRELIM INFO FROM FAA OPS: HOUSTON, TX/UAS SIGHTING/1233C/HOBBY ATCT ADVISED, CESSNA C525, TEX - HOU, REPORTED SMALL UAS FROM THE TWELVE O'CLOCK POSITION WHILE SE BOUND AT 1,800 FEET 2 SE HOU. NO EVASIVE ACTION REPORTED. HOUSTON PD NOTIFIED.",10,2022-10
2022-10-05,TEXAS,FORT WORTH,"PRELIM INFO FROM FAA OPS: FORT WORTH, TX/UAS SIGHTING/1308C/FORT WORTH-SPINKS FCT ADVISED, CESSNA C172, FWS - FWS, REPORTED A UAS FROM 200 FEET BELOW ACFT WHILE N BOUND AT 1,700 FEET 1 W FWS. NO EVASIVE ACTION TAKEN. BURLESON PD NOTIFIED.",10,2022-10
2022-10-05,GEORGIA,ATLANTA,"PRELIM INFO FROM FAA OPS: ATLANTA, GA/UAS SIGHTING/1429E/ATLANTA TRACON ADVISED, A320, DEN - ATL, REPORTED A UAS FROM 50 FEET BELOW THE 10 O'CLOCK POSITION WHILE NW BOUND AT 12,000 FEET 27 NW ATL. NO EVASIVE ACTION TAKEN. PAULDING COUNTY SHERIFF NOTIFIED.",10,2022-10
2022-10-05,VIRGINIA,RICHMOND,"PRELIM INFO FROM FAA OPS: RICHMOND, VA/UAS SIGHTING/1820E/RICHMOND ATCT ADVISED, SOCATA TBM7, IAD - RIC, REPORTED UAS 100 FEET BELOW ACFT AT THE 10 O'CLOCK POSITION WHILE NE BOUND AT 1,500 FEET 5 SW RICHMOND. NO EVASIVE ACTION REPORTED. HENRICO COUNTY PD NOTIFIED.",10,2022-10
2022-10-05,ILLINOIS,CHICAGO,"PRELIM INFO FROM FAA OPS: CHICAGO, IL/UAS SIGHTING/1918C/CHICAGO TRACON ADVISED, A388, ORD - LONDON, ENGLAND (EGLL), WAS ILLUMINATED BY GREEN LASER FROM THE 1 O'CLOCK POSITION WHILE NE BOUND AT 5,000 FEET 15 NE ORD. NO EVASIVE ACTION TAKEN. HIGHLAND PARKS PD NOTIFIED.",10,2022-10
2022-10-06,NEW YORK,NEW YORK,"PRELIM INFO FROM FAA OPS: NEW YORK, NY/UAS SIGHTING/0800E/LAGUARDIA ATCT ADVISED, REPORTED DRONE WHILE N BOUND AT UNKN ALTITUDE 1 SW LGA. NO EVASIVE ACTION REPORTED. PORT AUTHORITY PD NOTIFIED.",10,2022-10
2022-10-06,WISCONSIN,WAUKESHA,"PRELIM INFO FROM FAA OPS: WAUKESHA, WI/UAS SIGHTING/1721C/WAUKESHA ATCT ADVISED, BEECH BE20, REPORTED A GREY UAS FROM THE 1 O'CLOCK POSITION WHILE W BOUND AT 1,900 FEET 3 E UES. NO INJURIES REPORTED. NO EVASIVE ACTION TAKEN. WAUKESHA CITY PD NOTIFIED.",10,2022-10
2022-10-07,ILLINOIS,CHICAGO,"PRELIM INFO FROM FAA OPS: CHICAGO, IL/UAS SIGHTING/0850C/CHICAGO TRACON ADVISED, B763, ORD - MEM, REPORTED UAS 200 FEET BELOW ACFT WHILE S BOUND AT AT 5,000 FEET 12 S CHICAGO. NO EVASIVE ACTION REPORTED. RIVERSIDE PD NOTIFIED.",10,2022-10
2022-10-07,TEXAS,HOUSTON,"PRELIM INFO FROM FAA OPS: HOUSTON, TX/UAS SIGHTING/1500C/HOUSTON ATCT ADVISED, E75L, DCA - IAH, REPORTED A BLACK AND YELLOW UAS WHILE E BOUND AT 3,000 FEET 10 W IAH. NO EVASIVE ACTION TAKEN. HOUSTON PD NOTIFIED.",10,2022-10
2022-10-07,NEW HAMPSHIRE,PORTSMOUTH,"PRELIM INFO FROM FAA OPS: PORTSMOUTH, NH/UAS SIGHTING/1735E/PORTSMOUTH ATCT ADVISED, CESSNA C172, REPORTED UAS OFF RIGHT SIDE WHILE SSE BOUND AT 500 FEET 1 NNW PSM. NO EVASIVE ACTION TAKEN. NEWINGTON PD NOTIFIED.",10,2022-10
2022-10-07,LOUISIANA,NEW ORLEANS,"PRELIM INFO FROM FAA OPS: NEW ORLEANS, LA/UAS SIGHTING/1656C/LAKEFRONT ATCT ADVISED, PIPER P28A, REPORTED UAS AT THE 3 O'CLOCK POSITION WHILE E BOUND AT 1,300 FEET 6 W NEW. NO EVASIVE ACTION TAKEN. JEFFERSON PARISH PD NOTIFIED.",10,2022-10
2022-10-07,NEVADA,LAS VEGAS,"PRELIM INFO FROM FAA OPS: LAS VEGAS, NV/UAS SIGHTING/2040P/LAS VEGAS ATCT ADVISED, CESSNA C25B, EDMONTON, CANADA (CYEG) - LAS, REPORTED UAS FROM THE 9 O'CLOCK POSITION WHILE W BOUND AT 3,500 FEET 4 ENE LAS. NO EVASIVE ACTION REPORTED. METRO PD NOTIFIED.",10,2022-10
2022-10-08,ARIZONA,FLAGSTAFF,"PRELIM INFO FROM FAA OPS: FLAGSTAFF, AZ/UAS SIGHTING/1055M/W-ROC ADVISED, CRJ7, DFW - FLG, REPORTEDLY OBSERVED A POSSIBLE UAS WHILE NORTHEAST BOUND .5 SE FLAGSTAFF. NO EVASIVE ACTION REPORTED. NO LEO NOTIFICATION PROVIDED.",10,2022-10
2022-10-08,VIRGINIA,RICHMOND,"PRELIM INFO FROM FAA OPS: RICHMOND, VA/UAS SIGHTING/1445E/POTOMAC TRACON ADVISED, CIRRUS SR22, OBSERVED A UAS 50 FEET BELOW WHILE SOUTHBOUND AT 8,000 FEET, 42 ENE RICHMOND. NO EVASIVE ACTION REPORTED.  RICHMOND COUNTY SHERIFF NOTIFIED.",10,2022-10
2022-10-08,CALIFORNIA,SANTA MARIA,"PRELIM INFO FROM FAA OPS: SANTA MARIA, CA/UAS SIGHTING/1235P/SANTA MARIA ATCT ADVISED, CESSNA C152, REPORTED A WHITE UAS 100 FEET BELOW ACFT E BOUND AT 1,000 FEET 3 W SANTA MARIA. NO EVASIVE ACTION WAS REPORTED. SANTA BARBARA COUNTY SHERIFF NOTIFIED.",10,2022-10
2022-10-08,PENNSYLVANIA,ALLENTOWN,"PRELIM INFO FROM FAA OPS: ALLENTOWN, PA/UAS SIGHTING/1620E/ALLENTOWN ATCT ADVISED, CESSNA C152, OBSERVED A QUAD-COPTER UAW WHILE SOUTHWEST BOUND AT 1,000 FEET ON SHORT FINAL TO RWY24. NO EVASIVE ACTION REPORTED. ALLENTOWN ARPT PD NOTIFIED.",10,2022-10
2022-10-09,MINNESOTA,MINNEAPOLIS,"PRELIM INFO FROM FAA OPS: MINNEAPOLIS, MN/UAS SIGHTING/1627C/MINNEAPOLIS ATCT ADVISED, B763, MEM - MSP, REPORTED A UAS 500 FEET FROM THE 3 O'CLOCK POSITION WHILE ESE BOUND AT 3,000 FEET 5 WNW MSP. NO EVASIVE ACTION TAKEN. MINNEAPOLIS ARPT PD NOTIFIED.",10,2022-10
2022-10-09,DISTRICT OF COLUMBIA,WASHINGTON,"PRELIM INFO FROM FAA OPS: WASHINGTON, DC/UAS SIGHTING/1737E/POTOMAC TRACON ADVISED, CRJ9, BNA - DCA, REPORTED BLACK AND WHITE UAS WHILE SSE BOUND AT 4,500 FEET 11 WSW DCA. NO EVASIVE ACTION REPORTED. LEO INFORMATION NOT PROVIDED.",10,2022-10
2022-10-09,ILLINOIS,CHICAGO,"PRELIM INFO FROM FAA OPS: CHICAGO, IL/UAS SIGHTING/1826C/CHICAGO TRACON ADVISED, E75L, STL - ORD, REPORTED UAS AT THE 12 O'CLOCK POSITION WHILE W BOUND AT 4,000 FEET 15 ESE ORD. NO EVASIVE ACTION REPORTED. FBI NOTIFIED.",10,2022-10
2022-10-10,NEW YORK,NEW YORK,"PRELIM INFO FROM FAA OPS: NEW YORK, NY/UAS SIGHTING/1333E/NEW YORK TRACON ADVISED, A319, MSP - LGA, REPORTED A UAS WHILE N BOUND AT 4,000 FEET 7 SW LGA. NO EVASIVE ACTION TAKEN. NYPD AVIATION UNIT NOTIFIED.",10,2022-10
2022-10-10,CALIFORNIA,SAN DIEGO,"PRELIM INFO FROM FAA OPS: SAN DIEGO, CA/UAS SIGHTING/1215P/SAN DIEGO ATCT ADVISED, B38M, ABQ - SAN, REPORTED A UAS FROM THE RIGHT SIDE WHILE W BOUND AT 2,000 FEET 5 E SAN. NO EVASIVE ACTION TAKEN. SAN DIEGO HARBOR PD NOTIFIED.",10,2022-10
2022-10-10,GEORGIA,MACON,"PRELIM INFO FROM FAA OPS: MACON, GA/UAS INCIDENT/1530E/ATLANTA TRACON ADVISED, CIRRUS S22T, REPORTED UAS AT THE 12 O'CLOCK POSITION WHILE S BOUND AT 6,000 FEET 17 ESE MCN. PIC PREFORMED A RIGHT TURN TO AVOID UAS. MILLEDGEVILLE PD NOTIFIED.",10,2022-10
2022-10-10,TEXAS,DALLAS-FORT WORTH,"PRELIM INFO FROM FAA OPS: DALLAS-FORT WORTH, TX/UAS SIGHTING/1542C/DALLAS-FORT WORTH ATCT ADVISED, CRJ7, FLG - DFW, REPORTED A UAS FROM THE 9 O'CLOCK POSITION WHILE S BOUND AT 3,000 FEET 7 N DFW. NO EVASIVE ACTION TAKEN. DFW ARPT PD NOTIFIED.",10,2022-10
2022-10-10,TEXAS,DALLAS-FORT WORTH,"PRELIM INFO FROM FAA OPS: DALLAS-FORT WORTH, TX/UAS SIGHTING/1546C/DALLAS-FORT WORTH ATCT ADVISED, B788, TOKYO, JAPAN (RJAA) - DFW, REPORTED A UAS ABOVE ACFT FROM 9 O'CLOCK POSITION WHILE S BOUND AT 1,800 FEET 4 N DFW. NO EVASIVE ACTION TAKEN. DFW ARPT PD NOTIFIED.",10,2022-10
2022-10-11,TEXAS,HOUSTON,"PRELIM INFO FROM FAA OPS: HOUSTON, TX/UAS SIGHTING/1030C/HOUSTON TRACON ADVISED, PIPER P28A, REPORTED A BLACK UAS AT SAME ALTITUDE OFF RIGHT SIDE WHILE E BOUND AT 2,000 FEET 10 N HOUSTON. NO EVASIVE ACTION REPORTED. FBI NOTIFIED.",10,2022-10
2022-10-12,NEW YORK,NEW YORK,"PRELIM INFO FROM FAA OPS: NEW YORK, NY/UAS SIGHTING/0841E/NEW YORK TRACON ADVISED, CRJ9, LGA - SAV, REPORTED A MULTI-COLORED UAS OFF THE LEFT SIDE WHILE NE BOUND AT 1,500 FEET 10 SW LGA. NO EVASIVE ACTION TAKEN. NEW JERSEY STATE PD NOTIFIED.",10,2022-10
2022-10-12,MISSISSIPPI,MERIDIAN,"PRELIM INFO FROM FAA OPS: MERIDIAN, MS/UAS SIGHTING/1207C/MEMPHIS ARTCC ADVISED, A20N, MCO - MEM, REPORTED A WHITE UAS FROM THE 12 O'CLOCK POSITION WHILE N BOUND AT FL350 11 W MEI. NO EVASIVE ACTION TAKEN. NO LEO NOTIFIED.",10,2022-10
2022-10-12,TEXAS,EL PASO,"PRELIM INFO FROM FAA OPS: EL PASO, TX/UAS SIGHTING/1325M/EL PASO ATCT ADVISED, LEARJET LJ60, REPORTED A WHITE UAS FROM THE 7 O'CLOCK POSITION WHILE SE BOUND AT 7,000 FEET 10 N ELP. NO EVASIVE ACTION TAKEN. DPS NOTIFIED.",10,2022-10
2022-10-13,NEVADA,LAS VEGAS,"PRELIM INFO FROM FAA OPS: LAS VEGAS, NV/UAS SIGHTING/1516P/LAS VEGAS TRACON ADVISED, VAN'S RV12, REPORTED UAS WHILE ENE BOUND AT 11,500 FEET 21 WNW LAS. NO EVASIVE ACTION TAKEN. LAS VEGAS METRO PD NOTIFIED.",10,2022-10
2022-10-13,TEXAS,EL PASO,"PRELIM INFO FROM FAA OPS: EL PASO, TX/UAS SIGHTING/1801M/EL PASO ATCT ADVISED, MOONEY M20T, OBSERVED A UAS WHILE SOUTH BOUND AT 7,500 FEET, 15 N ELP. NO EVASIVE ACTION REPORTED. NO LEO NOTIFICATION PROVIDED.",10,2022-10
2022-10-14,TENNESSEE,NASHVILLE,"PRELIM INFO FROM FAA OPS: NASHVILLE, TN/UAS SIGHTING/0702C/NASHVILLE TRACON ADVISED, B737, BNA - MDW, REPORTED A UAS FROM THE LEFT SIDE WHILE W BOUND AT 300 FEET 3 W BNA. NO EVASIVE ACTION TAKEN. MNAA NOTIFIED.",10,2022-10
2022-10-14,NEW JERSEY,NEWARK,"PRELIM INFO FROM FAA OPS: NEWARK, NJ/UAS SIGHTING/0810E/[REPORTING FACILITY] ADVISED, DE HAVILLAND CANADA DH8D, TORONTO, CANADA (CYTZ) - EWR, REPORTED BLACK QUAD COPTER UAS FROM THE 12 O'CLOCK POSITION WHILE NE BOUND AT 1,400 FEET 5 SW EWR. NO EVASIVE ACTION TAKEN. EUGENE PORT AUTHORITY NOTIFIED.",10,2022-10
2022-10-14,MARYLAND,BALTIMORE,"PRELIM INFO FROM FAA OPS: BALTIMORE, MD/UAS SIGHTING/1040E/POTOMAC TRACON ADVISED, V-22, REPORTED BLACK QUAD COPTER UAS FROM THE 12 O'CLOCK POSITION WHILE SW BOUND AT 3,500 FEET 15 ESE BALTIMORE VORTAC. NO EVASIVE ACTION TAKEN. LAW ENFORCEMENT NOTIFICATION NOT REPORTED.",10,2022-10
2022-10-14,TEXAS,GALVESTON,"PRELIM INFO FROM FAA OPS: GALVESTON, TX/UAS SIGHTING/0950C/GALVESTON ATCT ADVISED, AS65, REPORTED A UAS FROM THE 12 O'CLOCK POSITION WHILE SE BOUND AT 500 FEET .5 SE GLS. NO EVASIVE ACTION TAKEN. GALVESTON PD NOTIFIED.",10,2022-10
2022-10-14,PUERTO RICO,SAN JUAN,"PRELIM INFO FROM FAA OPS: SAN JUAN, PUERTO RICO/UAS SIGHTING/1207A/SAN JUAN ATCT ADVISED, PILATUS BRITTEN-NORMAN BN2P, REPORTED BLACK UAS WHILE E BOUND AT 3,800 FEET 3 E SJU. NO EVASIVE ACTION TAKEN. PUERTO RICO PD NOTIFIED.",10,2022-10
2022-10-14,WASHINGTON,SEATTLE,"PRELIM INFO FROM FAA OPS: SEATTLE, WA/UAS SIGHTING/1357P/BOEING FIELD ATCT ADVISED, CESSNA C25A, REPORTED A UAS FROM THE 4 O'CLOCK POSITION WHILE NW BOUND AT 2,200 FEET ON 8 MILE FINAL. NO EVASIVE ACTION TAKEN. NO LEO NOTIFIED.",10,2022-10
2022-10-14,TEXAS,NEW BRAUNFELS,"PRELIM INFO FROM FAA OPS: NEW BRAUNFELS, TX/UAS SIGHTING/1542C/NEW BRAUNFELS ATCT ADVISED, PIPER P28A, REPORTED A UAS FROM THE 9 O'CLOCK POSITION WHILE E BOUND AT 2,200 FEET 4 E BAZ. NO EVASIVE ACTION TAKEN. GUADALUPE COUNTY SHERIFF NOTIFIED.",10,2022-10
2022-10-14,PENNSYLVANIA,PHILADELPHIA,"PRELIM INFO FROM FAA OPS: PHILADELPHIA, PA/UAS SIGHTING/1649E/PHILADELPHIA ATCT ADVISED, CRJ9, MSN - PHL, REPORTED BLUE UAS FROM THE 3 O'CLOCK POSITION WHILE E BOUND AT 5,000 FEET 10 NE PHL. NO EVASIVE ACTION TAKEN. ARPT PD NOTIFIED.",10,2022-10
2022-10-14,NORTH CAROLINA,RALEIGH,"PRELIM INFO FROM FAA OPS: RALEIGH, NC/UAS SIGHTING/1730E/RALEIGH DURHAM ATCT ADVISED, BEECH BE58, REPORTED A RED UAS WHILE ESE BOUND AT 3,500 FEET 16 NW RDU. NO EVASIVE ACTION TAKEN. ORANGE COUNTY SHERIFF NOTIFIED.",10,2022-10
2022-10-14,CALIFORNIA,VAN NUYS,"PRELIM INFO FROM FAA OPS: VAN NUYS, CA/UAS SIGHTING/1737P/SOCAL TRACON ADVISED, EMBRAER E135, BUR - MRY, REPORTED A BLACK UAS AT THE 11 O'CLOCK POSITION WHILE NW BOUND AT 9,000 FEET 9 N VNY. NO EVASIVE ACTION TAKEN. SANTA CLARITA PD NOTIFIED.",10,2022-10
2022-10-15,TEXAS,WACO,"PRELIM INFO FROM FAA OPS: WACO, TX/UAS SIGHTING/1317C/WACO ATCT ADVISED, CESSNA C210, RFI - MNZ, REPORTED A BLACK/WHITE UAS 300 FEET FROM THE 3 O'CLOCK POSITION WHILE W BOUND AT 7,600 FEET 8 N ACT. NO EVASIVE ACTION TAKEN. WACO PD NOTIFIED.",10,2022-10
2022-10-15,SOUTH CAROLINA,SPARTANBURG,"PRELIM INFO FROM FAA OPS: SPARTANBURG, SC/UAS SIGHTING/1528E/ATLANTA ARTCC ADVISED, CRJ9, ATL - CHO, REPORTED A UAS FROM THE 12 O'CLOCK POSITION WHILE ENE BOUND AT FL310 25 ENE SPA. NO EVASIVE ACTION TAKEN. LEO NOTIFICATION NOT REPORTED.",10,2022-10
2022-10-15,NEW YORK,NEW YORK,"PRELIM INFO FROM FAA OPS: NEW YORK, NY/UAS SIGHTING/1538E/NEW YORK TRACON ADVISED, A319, DTW - LGA, REPORTED A LARGE RED UAS AT THE 3 O'CLOCK POSITION WHILE NE BOUND AT 3,000 FEET 7 N LGA. NO EVASIVE ACTION TAKEN. NYPD AVIATION NOTIFIED.",10,2022-10
2022-10-15,NEW YORK,NEW YORK,"PRELIM INFO FROM FAA OPS: NEW YORK, NY/UAS SIGHTING/1709E/NEW YORK TRACON ADVISED, E170, GSO - LGA, REPORTED A SILVER UAS FROM THE 3 O'CLOCK POSITION WHILE N BOUND AT 6,000 FEET 15 SSW LGA. NO EVASIVE ACTION REPORTED. NYPD AVIATION UNIT NOTIFIED.",10,2022-10
2022-10-15,NEW YORK,NEW YORK,"PRELIM INFO FROM FAA OPS: NEW YORK, NY/UAS SIGHTING/1726E/NEW YORK TRACON ADVISED, A321, ATL - LGA, REPORTED UAS BELOW ACFT AT THE 12 O'CLOCK POSITION WHILE NE BOUND AT 4,000 FEET 6 NW LGA. NO EVASIVE ACTION REPORTED. NY PD AVIATION NOTIFIED.",10,2022-10
2022-10-15,NEW JERSEY,MORRISTOWN,"PRELIM INFO FROM FAA OPS: MORRISTOWN, NJ/UAS SIGHTING/1744E/MORRISTOWN ATCT ADVISED, GULFSTREAM GLF5, REPORTED A WHITE QUADCOPTER FROM THE 3 O'CLOCK POSITION WHILE E BOUND AT 3,000 FEET 8 NW MMU. NO EVASIVE ACTION REPORTED. LEO INFORMATION NOT PROVIDED.",10,2022-10
2022-10-16,FLORIDA,ORLANDO,"PRELIM INFO FROM FAA OPS: ORLANDO, FL/UAS SIGHTING/1225E/CENTRAL FLORIDA TRACON ADVISED, CESSNA C68A, ORL - OSU, REPORTED UAS OFF LEFT SIDE WHILE NE BOUND AT 1,900 FEET 5 NE ORL. NO EVASIVE ACTION TAKEN. ORANGE COUNTY SHERIFF NOTIFIED.",10,2022-10
2022-10-16,TEXAS,SAN ANTONIO,"PRELIM INFO FROM FAA OPS: SAN ANTONIO, TX/UAS SIGHTING/1312C/SAN ANTONIO TRACON ADVISED, T38, REPORTED A BLACK UAS WHILE N BOUND AT 3,000 FEET 12 WSW SAT. NO EVASIVE ACTION TAKEN. SAN ANTONIO PD NOTIFIED.",10,2022-10
2022-10-16,NORTH CAROLINA,CHARLOTTE,"PRELIM INFO FROM FAA OPS: CHARLOTTE, NC/UAS SIGHTING/1458E/CHARLOTTE APCH ADVISED, CRJ9, MOB - CLT, REPORTED A BLUE UAS FROM THE 3 O'CLOCK POSITION WHILE N BOUND AT 6,000 FEET 9 NNW CLT. NO EVASIVE ACTION TAKEN. GASTON COUNTY SHERIFF NOTIFIED.",10,2022-10
2022-10-16,NEW HAMPSHIRE,MANCHESTER,"PRELIM INFO FROM FAA OPS: MANCHESTER, NH/UAS SIGHTING/1613E/MANCHESTER ATCT ADVISED, EUROCOPTER EC35 REPORTED A YELLOW AND BLACK UAS WHILE N BOUND AT 1,000 FEET 1 SE MHT. NO EVASIVE ACTION TAKEN. NO LEO NOTIFICATION.",10,2022-10
2022-10-16,TEXAS,HOUSTON,"PRELIM INFO FROM FAA OPS: HOUSTON, TX/UAS SIGHTING/1610C/HOUSTON TRACON ADVISED, B737, LGA - HOU, REPORTED A SILVER UAS FROM THE 3 O'CLOCK POSITION WHILE SSW BOUND AT 6,000 FEET 2 NNE HOU. NO EVASIVE ACTION TAKEN. FBI NOTIFIED.",10,2022-10
2022-10-16,NEW HAMPSHIRE,MANCHESTER,"PRELIM INFO FROM FAA OPS: MANCHESTER, NH/UAS SIGHTING/1820E/BOSTON TRACON ADVISED, CIRRUS SF50, OWD - LCI, REPORTED A UAS FROM THE 9 O'CLOCK POSITION WHILE N BOUND AT 6,000 FEET 10 S MHT. NO EVASIVE ACTION TAKEN. LAW ENFORCEMENT NOT NOTIFIED.",10,2022-10
2022-10-17,CALIFORNIA,LONG BEACH,"PRELIM INFO FROM FAA OPS: LONG BEACH, CA/UAS SIGHTING/1234P/LONG BEACH ATCT ADVISED, CESSNA C172, LGB - LGB, REPORTED A WHITE R/C PLANE WHILE W BOUND AT 1,000 FEET 3 E LGB. NO EVASIVE ACTION TAKEN. LONG BEACH PD NOTIFIED.",10,2022-10
2022-10-17,CALIFORNIA,TORRANCE,"PRELIM INFO FROM FAA OPS: TORRANCE, CA/UAS SIGHTING/1905P/TORRANCE ATCT ADVISED, SLING SLG2, TOA - TOA, REPORTED A UAS WHILE SE BOUND AT 1,100 FEET 2.5 NE TOA. NO EVASIVE ACTION REPORTED. TORRANCE PD NOTIFIED.",10,2022-10
2022-10-18,VERMONT,BURLINGTON,"PRELIM INFO FROM FAA OPS: BURLINGTON, VT/UAS SIGHTING/1735E/BURLINGTON ATCT ADVISED, CESSNA C172, BTV - BTV, REPORTED A WHITE UAS FROM THE 6 O'CLOCK POSITION WHILE SSE BOUND AT 1,800 FEET 4 NW BTV. NO EVASIVE ACTION TAKEN. SOUTH BURLINGTON POLICE NOTIFIED.",10,2022-10
2022-10-19,FLORIDA,FORT LAUDERDALE,"PRELIM INFO FROM FAA OPS: FORT LAUDERDALE, FL/UAS SIGHTING/0025E/FORT LAUDERDALE EXECUTIVE ATCT ADVISED, HELO, REPORTED A UAS WITHIN 40 FEET OF THE ACFT WHILE ON THE GROUND AT AN ACTIVE SCENE 2.4 W FXE. NO EVASIVE ACTION TAKEN.",10,2022-10
2022-10-19,FLORIDA,FORT LAUDERDALE,"CLOSE-OUT INFO FROM FAA OPS: FORT LAUDERDALE, FL/UAS SIGHTING/0107E/FORT LAUDERDALE EXECUTIVE ATCT ADVISED, HELO, ACFT WAS UNABLE TO DEPART ACCIDENT SCENE. PILOT REPORTED UAS WAS BEING OPERATED BY NEWS CHANNEL.",10,2022-10
2022-10-20,CALIFORNIA,FILLMORE,"PRELIM INFO FROM FAA OPS: FILLMORE, CA/UAS SIGHTING/1320P/SOCAL TRACON ADVISED, A388, DUBAI, UNITED ARAB EMIRATES (OMDB) - LAX, REPORTED UAS 100 FEET BELOW WHILE SSE BOUND AT 16,000 FEET 2 W FILLMORE VORTAC. EVASIVE ACTION NOT TAKEN. VENTURA COUNTY SHERIFF NOTIFIED.",10,2022-10
2022-10-20,NEW JERSEY,NEWARK,"PRELIM INFO FROM FAA OPS: NEWARK, NJ/UAS SIGHTING/1718E/NEWARK ATCT ADVISED, B739, TOCUMEN AIRPORT, PANAMA (MPTO) - EWR, REPORTED A UAS OF UNSPECIFIED SIZE AND COLOR AT 300 FEET WHILE SW BOUND AT THE 9 O'CLOCK POSITION 1 E RWY 22L AND OVER NEW JERSEY TURNPIKE. NO EVASIVE ACTION REPORTED. LEO NOTIFICATION NOT REPORTED.",10,2022-10
2022-10-20,CALIFORNIA,VAN NUYS,"PRELIM INFO FROM FAA OPS: VAN NUYS, CA/UAS SIGHTING/1448P/VAN NUYS ATCT ADVISED, PIPER P28A, REPORTED UAS OFF LEFT SIDE WHILE SSE BOUND AT 1,400 FEET 2 SSE VNY. EVASIVE ACTION NOT TAKEN. LEO NOTIFICATION NOT REPORTED.",10,2022-10
2022-10-21,MINNESOTA,DULUTH,"PRELIM INFO FROM FAA OPS: DULUTH, MN/UAS SIGHTING/1705C/DULUTH ATCT ADVISED, ROBINSON R44, REPORTED A WHITE QUADCOPTER AT THE 3 O'CLOCK POSITION WHILE W BOUND AT 2,100 FEET 2 ESE DLH. NO EVASIVE ACTION TAKEN. ST LOUIS COUNTY SHERIFF NOTIFIED.",10,2022-10
2022-10-21,MISSOURI,ST LOUIS,"PRELIM INFO FROM FAA OPS: ST LOUIS, MO/UAS SIGHTING/1820C/SAINT LOUIS ATCT ADVISED, HUGHES H500, REPORTED A WHITE QUADCOPTER 100 FEET BELOW WHILE N BOUND AT 900 FEET 6 WNW STL. NO EVASIVE ACTION TAKEN. ST CHARLES COUNTY PD NOTIFICATION NUMBER NOT PROVIDED.",10,2022-10
2022-10-21,TEXAS,STEPHENVILLE,"PRELIM INFO FROM FAA OPS: STEPHENVILLE, TX/UAS SIGHTING/1846C/FORT WORTH ARTCC ADVISED, E145, GRK - DFW, OBSERVED A UAS 500 FEET BELO WHILE NORTHWEST BOUND AT 17,000 FEET, 29 S STEPHENSVILLE. NO EVASIVE ACTION REPORTED. NO LEO NOTIFICATION SPECIFIED.",10,2022-10
2022-10-22,FLORIDA,POMPANO BEACH,"PRELIM INFO FROM FAA OPS: POMPANO BEACH, FL/UAS SIGHTING/1304E/MIAMI APCH ADVISED, E170, MARSH HARBOUR, BAHAMAS (MYAM) - MIA, REPORTED A UAS 2,000 FEET BELOW ACFT WHILE SSW BOUND AT 13,000 FEET 19 ENE PMP. NO EVASIVE ACTION TAKEN. BROWARD COUNTY SHERIFF NOTIFIED.",10,2022-10
2022-10-22,TEXAS,DALLAS,"PRELIM INFO FROM FAA OPS: DALLAS, TX/UAS SIGHTING/1230C/DALLAS LOVE ATCT ADVISED, EXPERIMENTAL VAN'S RV7, REPORTED A UAS FROM THE 2 O'CLOCK POSITION WHILE SE BOUND AT 1,700 FEET 2 SW DAL. NO EVASIVE ACTION TAKEN. DFW DPS NOTIFIED.",10,2022-10
2022-10-22,ILLINOIS,CHICAGO,"PRELIM INFO FROM FAA OPS: CHICAGO, IL/UAS SIGHTING/1319C/CHICAGO TRACON ADVISED, B789, LONDON, UNITED KINGDOM (EGLL) - ORD, REPORTED A MEDIUM SIZED UAS 200 FEET BELOW ACFT WHILE W BOUND AT 3,200 FEET 8 E ORD. NO EVASIVE ACTION TAKEN. CHICAGO PD NOTIFIED.",10,2022-10
2022-10-22,ILLINOIS,CHICAGO,"PRELIM INFO FROM FAA OPS: CHICAGO, IL/UAS SIGHTING/1548C/O'HARE ATCT ADVISED, CRJ2, LIT - ORD, REPORTED A YELLOW UAS OFF THE RIGHT SIDE WHILE W BOUND AT 2,200 FEET 5 E ORD. NO EVASIVE ACTION TAKEN. CHICAGO PD NOTIFIED.",10,2022-10
2022-10-22,VIRGINIA,CHANTILLY,"PRELIM INFO FROM FAA OPS: CHANTILLY, VA/UAS SIGHTING/1652E/DULLES ATCT ADVISED, CESSNA C56X, FRG - IAD, REPORTED A BLACK QUADCOPTER UAS WHILE S BOUND AT 1,700 FEET 4 N IAD. NO EVASIVE ACTION TAKEN. LOUDOUN COUNTY SHERIFF NOTIFIED.",10,2022-10
2022-10-22,PENNSYLVANIA,PHILADELPHIA,"PRELIM INFO FROM FAA OPS: PHILADELPHIA, PA/UAS SIGHTING/1700E/PHILADELPHIA APCH ADVISED, CESSNA C172, REPORTED A BLACK OR GRAY QUADCOPTER WHILE WSW BOUND AT 2,500 FEET 5 S PNE. NO EVASIVE ACTION TAKEN. PHL ARPT PD NOTIFIED.",10,2022-10
2022-10-22,NEW YORK,NEW YORK,"PRELIM INFO FROM FAA OPS: NEW YORK, NY/UAS SIGHTING/2047E/KENNEDY ATCT ADVISED, B752, LAS - JFK, REPORTED QUADCOPTER BENEATH WHILE E BOUND AT 2,000 FEET VCNTY CANARSIE VOR-DME. NO INJURIES REPORTED.  NYPD AVIATION UNIT NOTIFIED.",10,2022-10
2022-10-22,MINNESOTA,MINNEAPOLIS,"PRELIM INFO FROM FAA OPS: MINNEAPOLIS, MN/UAS SIGHTING/1950C/ANOKA ATCT ADVISED, AGUSTA A119, REPORTED UAS 150 FEET BELOW AT THE 12 O'CLOCK POSITION WHILE ENE BOUND AT 300 FEET .5 S ANE. NO EVASIVE ACTION TAKEN. ANOKA COUNTY SHERIFF NOTIFICATION NUMBER NOT PROVIDED.",10,2022-10
2022-10-23,FLORIDA,DAYTONA BEACH,"PRELIM INFO FROM FAA OPS: DAYTONA BEACH, FL/UAS SIGHTING/1042E/DAYTONA BEACH ATCT ADVISED, HAWKER H25B, FLL - PBI, REPORTED A WHITE UAS FROM BELOW THE 12 O'CLOCK POSITION WHILE NNW BOUND AT 2,000 FEET VCNTY DAB. NO EVASIVE ACTION TAKEN. VOLUSIA COUNTY SHERIFF NOTIFIED.",10,2022-10
2022-10-23,GEORGIA,NAHUNTA,"PRELIM INFO FROM FAA OPS: NAHUNTA, GA/UAS SIGHTING/1100E/JACKSONVILLE ARTCC ADVISED, CESSNA C150, HEG - EQY, REPORTED A UAS FROM BELOW ACFT WHILE N BOUND AT 4,500 FEET VCNTY BRANTLEY ARPT (4J1). NO EVASIVE ACTION TAKEN. BRANTLEY COUNTY SHERIFF NOTIFIED.",10,2022-10
2022-10-23,GEORGIA,ATLANTA,"PRELIM INFO FROM FAA OPS: ATLANTA, GA/UAS SIGHTING/1158E/DEKALB-PEACHTREE ATCT ADVISED, CESSNA C25B, REPORTED A UAS FROM THE 9 O'CLOCK POSITION WHILE WSW BOUND AT 2,700 FEET 3 WSW PDK. NO EVASIVE ACTION TAKEN. CHAMBLEE PD NOTIFIED.",10,2022-10
2022-10-23,FLORIDA,ORLANDO,"PRELIM INFO FROM FAA OPS: ORLANDO, FL/UAS SIGHTING/1219E/CENTRAL FLORIDA TRACON ADVISED, BEECHCRAFT BE58, REPORTED A WHITE/BLACK UAS FROM THE 10 O'CLOCK POSITION WHILE NNW BOUND AT 2,000 FEET 24 S ORL. NO EVASIVE ACTION TAKEN. OSCEOLA PD AVIATION UNIT NOTIFIED.",10,2022-10
2022-10-23,TEXAS,HOUSTON,"PRELIM INFO FROM FAA OPS: HOUSTON, TX/UAS SIGHTING/1230C/HOUSTON TRACON ADVISED, A320, ATL - IAH, REPORTED A UAS FROM THE 12 O'CLOCK POSITION WHILE WSW BOUND AT 6,600 FEET 6 NE IAH. NO EVASIVE ACTION TAKEN. FBI NOTIFIED.",10,2022-10
2022-10-23,TEXAS,HOUSTON,"PRELIM INFO FROM FAA OPS: HOUSTON, TX/UAS SIGHTING/1638C/HOUSTON TRACON ADVISED, A320, DCA - IAH, REPORTED BLACK AND ORANGE UAS AT THE 12 O'CLOCK POSITION WHILE W BOUND AT 4,600 FEET 12 WNW IAH. NO EVASIVE ACTION REPORTED. FBI NOTIFIED.",10,2022-10
2022-10-23,WISCONSIN,MADISON,"PRELIM INFO FROM FAA OPS: MADISON, WI/UAS SIGHTING/1655C/MADISON ATCT ADVISED, EUROCOPTER EC45, REPORTED UAS 200 FEET BELOW WHILE E BOUND AT 2,000 FEET 3 SSE MSN. NO EVASIVE ACTION TAKEN. ARPT PD NOTIFIED.",10,2022-10
2022-10-23,CALIFORNIA,LONG BEACH,"PRELIM INFO FROM FAA OPS: LONG BEACH, CA/UAS SIGHTING/1515P/LONG BEACH ATCT ADVISED, CESSNA C172, LGB - LGB, REPORTED A GREEN UAS FROM THE 12 O'CLOCK POSITION WHILE NW BOUND AT 1,000 FEET 3 ESE LGB. NO EVASIVE ACTION TAKEN. LONG BEACH PD NOTIFIED.",10,2022-10
2022-10-24,TENNESSEE,NASHVILLE,"PRELIM INFO FROM FAA OPS: NASHVILLE, TN/UAS SIGHTING/0955C/NASHVILLE TRACON ADVISED, H60, REPORTED A WHITE UAS WHILE W BOUND AT 1,800 FEET 2 E BNA. NO EVASIVE ACTION TAKEN. NASHVILLE ARPT PD NOTIFIED.",10,2022-10
2022-10-25,WASHINGTON,MOSES LAKE,"PRELIM INFO FROM FAA OPS: MOSES LAKE, WA/UAS SIGHTING/1333P/GRANT COUNTY ATCT ADVISED, C130, REPORTED A SMALL QUADCOPTER UAS 600 FEET BELOW ACFT WHILE NW BOUND AT 1,200 FEET ON 2 MILE FINAL RUNWAY 32R. NO EVASIVE ACTION TAKEN. GRANT COUNTY SHERIFF NOTIFIED.",10,2022-10
2022-10-25,NEW YORK,NEW YORK,"PRELIM INFO FROM FAA OPS: NEW YORK, NY/UAS SIGHTING/1645E/NEY YORK TRACON ADVISED, A321, TORONTO, CANADA (CYYZ) - LGA, REPORTED A WHITE UAS WHILE ESE BOUND AT 3,500 FEET 10 SW LGA. NO EVASIVE ACTION TAKEN. NYPD NOTIFIED.",10,2022-10
2022-10-26,NEW YORK,NEW YORK,"PRELIM INFO FROM FAA OPS: NEW YORK, NY/UAS SIGHTING/1040E/NEW YORK TRACON ADVISED, BCS1, PBI - LGA, REPORTED A BLACK UAS WHILE N BOUND AT 3,500 FEET 7 N LGA. NO EVASIVE ACTION TAKEN. NYPD AVIATION UNIT NOTIFIED.",10,2022-10
2022-10-26,ARIZONA,BUCKEYE,"PRELIM INFO FROM FAA OPS: BUCKEYE, AZ/UAS SIGHTING/0946M/ALBUQUERQUE ARTCC ADVISED, F35, REPORTED A RED UAS WITH A 5-10 FOOT WINGSPAN AT THE 3 O'CLOCK POSITION WHILE WNW BOUND AT FL200 33 WNW BUCKEYE VOR. NO EVASIVE ACTION TAKEN. LA PAZ COUNTY SHERIFF NOTIFIED.",10,2022-10
2022-10-26,ILLINOIS,CHICAGO,"PRELIM INFO FROM FAA OPS: CHICAGO, IL/UAS SIGHTING/1210C/O'HARE ATCT ADVISED, E145, DAY - ORD, REPORTED A BLACK QUADCOPTER UAS OFF THE RIGHT SIDE WHILE W BOUND AT 4,000 FEET 9 E ORD. NO EVASIVE ACTION TAKEN. CHICAGO PD NOTIFIED.",10,2022-10
2022-10-26,TEXAS,DALLAS,"PRELIM INFO FROM FAA OPS: DALLAS, TX/UAS SIGHTING/1501C/FORT WORTH ARTCC ADVISED, B38M, DAL - LIT, REPORTED UAS AT THE 9 O'CLOCK POSITION WHILE NNE BOUND AT 10,000 FEET 20 E COWBOY VOR-DME. NO EVASIVE ACTION TAKEN. LEO NOTIFICATION NOT REPORTED.",10,2022-10
2022-10-26,FLORIDA,VERO BEACH,"PRELIM INFO FROM FAA OPS: VERO BEACH, FL/UAS SIGHTING/1813E/PALM BEACH INTL APPROACH ADVISED, PIPER P28A, PBI - MLB, REPORTED A BLACK CIRCULAR UAS AT THE 3 O'CLOCK POSITION AT 3,000 FEET WHILE N BOUND 5 NE VRB. NO EVASIVE ACTION TAKEN. PALM BEACH PD NOTIFIED.",10,2022-10
2022-10-27,RHODE ISLAND,PROVIDENCE,"PRELIM INFO FROM FAA OPS: PROVIDENCE, RI/UAS SIGHTING/1450E/PROVIDENCE APCH ADVISED, CESSNA C182, REPORTED A BLACK UAS OFF RIGHT SIDE AT 4,000 FEET 11 NNE PVD. NO EVASIVE ACTION TAKEN. LINCOLN PD NOTIFIED.",10,2022-10
2022-10-27,CALIFORNIA,POMONA,"PRELIM INFO FROM FAA OPS: POMONA, CA/UAS SIGHTING/1244P/CHINO ATCT ADVISED, PIPER P28A, REPORTED A UAS 300 FEET OFF THE LEFT WING WHILE SE BOUND AT 2,000 FEET 5 SE PAMONA VORTAC. NO EVASIVE ACTION TAKEN. LEO NOTIFICATION NOT PROVIDED.",10,2022-10
2022-10-27,NEW YORK,NEW YORK,"PRELIM INFO FROM FAA OPS: NEW YORK, NY/UAS SIGHTING/1547E/LAGUARDIA ATCT ADVISED, B738, MIA - LGA, REPORTED UAS 500 FEET BELOW AT THE 9 O'CLOCK POSITION WHILE ENE BOUND AT 1,500 FEET 1.5 S LGA. NO EVASIVE ACTION TAKEN. NYPD AVIATION UNIT NOTIFIED.",10,2022-10
2022-10-27,OREGON,PORTLAND,"PRELIM INFO FROM FAA OPS: PORTLAND, OR/UAS SIGHTING/1430P/TROUTDALE ATCT ADVISED, ROBINSON R22, REPORTED A SMALL BLACK UAS WHILE N BOUND AT 200 FEET 1 NE TTD. NO EVASIVE ACTION TAKEN. PORTLAND PD NOTIFIED.",10,2022-10
2022-10-27,NEW YORK,NEW YORK,"PRELIM INFO FROM FAA OPS: NEW YORK, NY/UAS SIGHTING/1750E/NEW YORK TRACON ADVISED, CRJ9, ATL - HPN, REPORTED UAS AT 12,000 FEET WHILE NNW BOUND 5 N ISP. NO EVASIVE ACTIONS TAKEN. SUFFOLK COUNTY AVIATION UNIT NOTIFIED.",10,2022-10
2022-10-28,WISCONSIN,WAUKESHA,"PRELIM INFO FROM FAA OPS: WAUKESHA, WI/UAS SIGHTING/1103C/WAUKESHA ATCT ADVISED, PIPER P28A, REPORTED UAS WHILE S BOUND AT 1,500 FEET 2 ESE UES. NO EVASIVE ACTION TAKEN. WAUKESHA COUNTY COMMUNICATIONS CENTER NOTIFIED.",10,2022-10
2022-10-28,NEVADA,LAS VEGAS,"PRELIM INFO FROM FAA OPS: LAS VEGAS, NV/UAS SIGHTING/1442P/LAS VEGAS TRACON ADVISED, GULFSTREAM AEROSPACE GLF4, REPORTED UAS FROM THE RIGHT SIDE WHILE E BOUND AT 9,000 FEET 7 ESE LAS. NO EVASIVE ACTION TAKEN. LAS VEGAS METRO PD NOTIFIED.",10,2022-10
2022-10-28,ARIZONA,GLENDALE,"PRELIM INFO FROM FAA OPS: GLENDALE, AZ/UAS SIGHTING/1520M/LUKE AFB ATCT ADVISED, CESSNA C68A, SNA - SDL, REPORTED UAS WHILE W BOUND AT 6,000 FEET 15 N LUF. NO EVASIVE ACTION TAKEN. MARICOPA COUNTY SHERIFF NOTIFIED.",10,2022-10
2022-10-28,FLORIDA,MIAMI,"PRELIM INFO FROM FAA OPS: MIAMI, FL/UAS SIGHTING/2105E/MIAMI APCH ADVISED, CANADAIR CL60, SAN JOSE DEL CABO, MEXICO (MSJD) - OPF, REPORTED A 5 FOOT SQUARE UAS WITH 4 LIGHTS ON TOP PASS BELOW THE ACFT WHILE E BOUND AT 5,500 FEET 26 W OPF. NO EVASIVE ACTION TAKEN. MICCOSUKEE PD NOTIFIED.",10,2022-10
2022-10-29,NEW JERSEY,NEWARK,"PRELIM INFO FROM FAA OPS: NEWARK, NJ/UAS SIGHTING/LATE REPORT-0823E/NEW YORK TRACON ADVISED, B738, EWR - MIA, REPORTED A UAS FROM THE LEFT SIDE WHILE S BOUND AT 11,500 FEET 10 S EWR. NO EVASIVE ACTION TAKEN. NEW JERSEY STATE PD NOTIFIED.",10,2022-10
2022-10-29,FLORIDA,FORT LAUDERDALE,"PRELIM INFO FROM FAA OPS: FORT LAUDERDALE, FL/UAS SIGHTING/1040E/MIAMI TRACON ADVISED, PIPER PA46, REPORTED A SILVER UAS FROM THE 12 O'CLOCK POSITION WHILE NW BOUND AT 3,000 FEET 10 NW FXE. NO EVASIVE ACTION TAKEN. BROWARD SHERIFF NOTIFIED.",10,2022-10
2022-10-29,MINNESOTA,ROCHESTER,"PRELIM INFO FROM FAA OPS: ROCHESTER, MN/UAS SIGHTING/1407C/ROCHESTER ATCT ADVISED, CESSNA C421, APN - RST, REPORTED A UAS WHILE W BOUND AT 3,000 FEET 4 E ROCHESTER. NO EVASIVE ACTION REPORTED. ROCHESTER PD  NOTIFIED.",10,2022-10
2022-10-29,NEW YORK,NEW YORK,"PRELIM INFO FROM FAA OPS: NEW YORK, NY/UAS SIGHTING/1742E/LAGUARDIA ATCT ADVISED, B737, UNKN - LGA, REPORTED A WHITE UAS FROM THE 10 O'CLOCK POSITION WHILE NE BOUND AT 100 FEET .5 SW LGA. NO EVASIVE ACTION TAKEN. NYPD AVIATION NOTIFIED.",10,2022-10
2022-10-29,CALIFORNIA,HAWTHORNE,"PRELIM INFO FROM FAA OPS: HAWTHORNE, CA/UAS SIGHTING/1545P/HAWTHORNE FCT ADVISED, CESSNA C172, HHR - HHR, REPORTED A UAS WHILE WSW BOUND AT 500 FEET 1 N HHR. NO EVASIVE ACTION TAKEN. HAWTHORNE PD NOTIFIED.",10,2022-10
2022-10-29,NEVADA,LAS VEGAS,"PRELIM INFO FROM FAA OPS: LAS VEGAS, NV/UAS SIGHTING/2335P/LAS VEGAS ATCT ADVISED, B38M, MIA - LAS, REPORTED A UAS FROM THE RIGHT SIDE WHILE W BOUND ON FINAL RUNWAY 26L VCNTY LAS. NO EVASIVE ACTION TAKEN. MULTIPLE ACFT SPOTTED UAS BETWEEN RUNWAY 26L AND 26R. LAS VEGAS METRO PD NOTIFIED.",10,2022-10
2022-10-30,FLORIDA,MIAMI,"PRELIM INFO FROM FAA OPS: MIAMI, FL/UAS SIGHTING/1135E/MIAMI APCH ADVISED, PIPER PA32, TMB - TMB, REPORTED A UAS FROM THE RIGHT SIDE WHILE W BOUND AT 1,500 FEET 2 SW TMB. NO EVASIVE ACTION TAKEN. FORT LAUDERDALE PD NOTIFIED.",10,2022-10
2022-10-30,DISTRICT OF COLUMBIA,WASHINGTON,"PRELIM INFO FROM FAA OPS: WASHINGTON, DC/UAS SIGHTING/1326E/POTOMAC TRACON ADVISED, C37, BLV - ADW, REPORTED A UAS 400 FEET BELOW WHILE SE BOUND AT 3,000 FEET 10 NE DCA. NO EVASIVE ACTION TAKEN. PRINCE GEORGES COUNTY SHERIFF NOTIFIED.",10,2022-10
2022-10-30,ILLINOIS,CHICAGO,"PRELIM INFO FROM FAA OPS: CHICAGO, IL/UAS SIGHTING/1452C/CHIGACO TRACON ADVISED, CRJ7, ORF - ORD, REPORTED A WHITE UAS FROM THE 3 O'CLOCK POSITION WHILE NW BOUND AT 7,000 FEET 3 N ORD. NO EVASIVE ACTION TAKEN. FBI NOTIFIED.",10,2022-10
2022-10-30,NEVADA,LAS VEGAS,"PRELIM INFO FROM FAA OPS: LAS VEGAS, NV/UAS SIGHTING/1336P/LAS VEGAS ATCT ADVISED, A20N, MEXICO CITY, MEXICO (MMMX) - LAS, REPORTED A BLACK UAS WHILE S BOUND AT 4,000 FEET 4 E LAS. NO EVASIVE ACTION TAKEN. LAS VEGAS METRO PD NOTIFIED.",10,2022-10
2022-10-30,TEXAS,PALACIOS,"PRELIM INFO FROM FAA OPS: PALACIOS, TX/UAS SIGHTING/1600C/HOUSTON ARTCC ADVISED, PIPER P32R, LVJ - HRL, REPORTED A RED UAS FROM THE 3 O' CLOCK POSITION WHILE SSW BOUND AT 8,000 FEET 26 NE PSX. NO EVASIVE ACTION TAKEN. BAY CITY PD NOTIFIED.",10,2022-10
2022-10-30,CALIFORNIA,VAN NUYS,"PRELIM INFO FROM FAA OPS: VAN NUYS, CA/UAS SIGHTING/1418P/VAN NUYS ATCT ADVISED, CZECH CRUZ, REPORTED A UAS FROM THE 3 O'CLOCK POSITION WHILE NW BOUND AT 1,800 FEET 1 E VNY. NO EVASIVE ACTION TAKEN. POLICE HELO NOTIFIED.",10,2022-10
2022-10-30,WEST VIRGINIA,CHARLESTON,"PRELIM INFO FROM FAA OPS: CHARLESTON, WV/UAS SIGHTING/1723E/CHARLESTON ATCT ADVISED, CIRRUS SR20, REPORTED A BLACK AND RED UAS FROM THE 12 O'CLOCK POSITION WHILE SSW BOUND AT 2,200 FEET 2 NE CRW. NO EVASIVE ACTION TAKEN. CRW ARPT PD NOTIFIED.",10,2022-10
2022-10-30,CALIFORNIA,BURBANK,"PRELIM INFO FROM FAA OPS: BURBANK, CA/UAS SIGHTING/1835P/BURBANK ATCT ADVISED, ROBINSON R44, REPORTED MULTIPLE UAS FROM THE 12 O'CLOCK POSITION WHILE NW BOUND AT 2,000 FEET 5 SSE BUR. NO EVASIVE ACTION TAKEN. LAPD AIR SUPPORT TO BE NOTIFIED.",10,2022-10
2022-10-31,CALIFORNIA,LOS ALAMITOS,"PRELIM INFO FROM FAA OPS: LOS ALAMITOS, CA/UAS SIGHTING/0920P/SOCAL TRACON ADVISED, DASSAULT F2TH, REPORTED A BLACK UAS WHILE SE BOUND AT 9,000 FEET 15 NNW SLI. NO EVASIVE ACTION TAKEN. LAPD NOTIFIED.",10,2022-10
2022-10-31,FLORIDA,PALM COAST,"PRELIM INFO FROM FAA OPS: PALM COAST, FL/UAS SIGHTING/1702E/DAYTONA BEACH ATCT ADVISED, CESSNA C172, REPORTED A WHITE UAS FROM THE 3 O'CLOCK POSITION WHILE NW BOUND AT 5,000 FEET 8 N FIN. NO EVASIVE ACTION TAKEN. FLAGLER SHERIFF NOTIFIED.",10,2022-10
2022-11-01,INDIANA,WHITING,"PRELIM INFO FROM FAA OPS: WHITING, IN/UAS SIGHTING/0600C-LATE REPORT/US COAST GUARD REPORTED UAS OPERATING OVER THE WHITING BP OIL REFINERY, WHICH IS A MARITIME SECURITY TRANSPORTATION ACT (MTSA) REGULATED FACILITY WITH STRINGENT SECURITY REQUIREMENTS. THE OPERATOR WAS IDENTIFIED AND REPORTED TO LEO. US COAST GUARD WAS NOTIFIED.",11,2022-11
2022-11-01,CALIFORNIA,VAN NUYS,"PRELIM INFO FROM FAA OPS: VAN NUYS, CA/UAS SIGHTING/1013P/SOCAL TRACON ADVISED, CESSNA C182, OBSERVED UAS WHILE EASTBOUND AT 2,000 FEET, VCNTY VAN NUYS. NO EVASIVE ACTION REPORTED. LA COUNTY SHERIFF AIR DIVISION NOTIFIED.",11,2022-11
2022-11-01,INDIANA,TERRE HAUTE,"PRELIM INFO FROM FAA OPS: TERRE HAUTE, IN/UAS SIGHTING/1723E/TERRE HAUTE ATCT ADVISED, PIPER PA28, OBSERVED A RED UAS AT 12 O'CLOCK POSITION WHILE SOUTHBOUND AT 3,000 FEET, 9 N TERRE HAUTE. ACFT TOOK EVASIVE ACTION TO AVOID UAS. LEO NOTIFIED.",11,2022-11
2022-11-03,GEORGIA,COLUMBUS,"PRELIM INFO FROM FAA OPS: COLUMBUS, GA/UAS SIGHTING/1615E/COLUMBUS ATCT ADVISED, C120, OBSERVED A UAS WHILE NORTHEAST BOUND AT 1,000 FEET VCNTY COLUMBUS. NO EVASIVE ACTION REPORTED.  AIRPORT OPS NOTIFIED.",11,2022-11
2022-11-03,ARIZONA,PHOENIX,"PRELIM INFO FROM FAA OPS: PHOENIX, AZ/UAS SIGHTING/1544M/PHOENIX-MESA GATEWAY ATCT ADVISED, BEECH BE9L, APA - IWA, REPORTED A LARGE WHITE UAS WITH RED BEACON LIGHTS 100 FEET BELOW ACFT WHILE WNW BOUND AT 3,700 FEET 5 MILE FINAL RUNWAY 30L. NO EVASIVE ACTION TAKEN. QUEEN CREEK PD NOTIFIED.",11,2022-11
2022-11-04,FLORIDA,MIAMI,"PRELIM INFO FROM FAA OPS: MIAMI, FL/UAS SIGHTING/0805E/MIAMI TRACON ADVISED, B763, BOGOTA, COLOMBIA (SKBO) - MIA, REPORTED A UAS WHILE W BOUND AT 5,000 FEET 8 SSW MIA. NO EVASIVE ACTION TAKEN. MIAMI DADE PD NOTIFIED.",11,2022-11
2022-11-04,WEST VIRGINIA,BECKLEY,"PRELIM INFO FROM FAA OPS: BECKLEY, WV/UAS SIGHTING/1659E/INDIANAPOLIS ARTCC ADVISED, E135, LWB - CLT, REPORTED A RED UAS FROM THE 9 O'CLOCK POSITION WHILE SW BOUND AT 12,500 FEET 19 ESE BECKLEY VOR. NO EVASIVE ACTION TAKEN. SUMMERS COUNTY SHERIFF NOTIFIED.",11,2022-11
2022-11-04,NEVADA,LAS VEGAS,"PRELIM INFO FROM FAA OPS: LAS VEGAS, NV/UAS SIGHTING/1600P/LAS VEGAS TRACON ADVISED, LEARJET LJ60, HND - LAS, REPORTED A BLACK QUAD-COPTER UAS WHILE NW BOUND AT 8,000 FEET 28 SSE LAS. NO EVASIVE ACTION TAKEN. LAS VEGAS METRO PD NOTIFIED.",11,2022-11
2022-11-05,MARYLAND,BOWIE,"PRELIM INFO FROM FAA OPS: BOWIE, MD/UAS SIGHTING/1214E/POTOMAC TRACON ADVISED, CESSNA C172, REPORTED A BLACK UAS FROM THE 2 O'CLOCK POSITION WHILE N BOUND AT 1,000 FEET 1 E FREEWAY ARPT (W00). NO EVASIVE ACTION TAKEN. PRINCE GEORGES COUNTY PD NOTIFIED.",11,2022-11
2022-11-05,WEST VIRGINIA,MARTINSBURG,"PRELIM INFO FROM FAA OPS: MARTINSBURG, WV/UAS SIGHTING/1756E/POTOMAC TRACON ADVISED, LANCAIR LNC2, REPORTED A UAS AT 7,500 FEET 4 SW MRB. NO EVASIVE ACTION TAKEN. JEFFERSON COUNTY PD NOTIFIED.",11,2022-11
2022-11-05,PENNSYLVANIA,EAST TEXAS,"PRELIM INFO FROM FAA OPS: EAST TEXAS, PA/UAS SIGHTING/1915E/ALLENTOWN APCH ADVISED, EUROCOPTER EC35, REPORTED AN ORANGE UAS AT THE 10 O'CLOCK POSITION WHILE WSW BOUND AT 1,000 FEET 10 E EAST TEXAS VORTAC. NO EVASIVE ACTION TAKEN. ALLENTONW PD NOTIFIED.",11,2022-11
2022-11-06,FLORIDA,FORT LAUDERDALE,"PRELIM INFO FROM FAA OPS: FORT LAUDERDALE, FL/UAS SIGHTING/1043E/FORT LAUDERDALE ATCT ADVISED, A20N, CLE - FLL, REPORTED A UAS FROM THE 9 O'CLOCK POSITION WHILE E BOUND AT 600 FEET 2 W FLL. NO EVASIVE ACTION TAKEN. BROWARD COUNTY SHERIFF NOTIFIED.",11,2022-11
2022-11-06,FLORIDA,ORLANDO,"PRELIM INFO FROM FAA OPS: ORLANDO, FL/UAS SIGHTING/1350E/ORLANDO ATCT ADVISED, A321, MSP - MCO, REPORTED A BLACK QUADCOPTER FROM THE 10 O'CLOCK POSITION WHILE N BOUND AT 1,200 FEET 3 S MCO. NO EVASIVE ACTION TAKEN. ORANGE COUNTY SHERIFF HELO UNIT NOTIFIED.",11,2022-11
2022-11-06,FLORIDA,MIAMI,"PRELIM INFO FROM FAA OPS: MIAMI, FL/UAS SIGHTING/1511E/OPA LOCKA FCT ADVISED, MH65, REPORTED A UAS FROM THE 11 O'CLOCK POSITION WHILE E BOUND AT 500 FEET 1 W OPF. NO EVASIVE ACTION TAKEN. MIAMI DADE PD NOTIFIED.",11,2022-11
2022-11-06,OKLAHOMA,ARDMORE,"PRELIM INFO FROM FAA OPS: ARDMORE, OK/UAS SIGHTING/1433C/ARDMORE FCT ADVISED, FLIGHT DESIGN FDCT, GOLDSBY, OK (1K4) - GORDONVILLE, TX (3T0), REPORTED A UAS WHILE N BOUND AT 3,500 FEET VCNTY ARDMORE. NO EVASIVE ACTION TAKEN. ARDMORE PD NOTIFIED.",11,2022-11
2022-11-06,NEW YORK,NEW YORK,"PRELIM INFO FROM FAA OPS: NEW YORK, NY/UAS SIGHTING/1555E/JF KENNEDY ATCT ADVISED, A35K, LONDON, UNITED KINGDOM (EGLL) - JFK, REPORTED A WHITE QUADCOPTER FROM THE RIGHT SIDE WHILE SW BOUND AT 2,000 FEET 7 NE JFK. NO EVASIVE ACTION TAKEN. PORT AUTHORITY NOTIFIED.",11,2022-11
2022-11-06,NEW YORK,NEW YORK,"PRELIM INFO FROM FAA OPS: NEW YORK, NY/UAS SIGHTING/1626E/JF KENNEDY ATCT ADVISED, B772, LONDON, UNITED KINGDOM (EGLL) - JFK, REPORTED A BLACK UAS FROM THE 2 O'CLOCK POSITION WHILE SW BOUND AT 2,000 FEET 10 SW JFK. NO EVASIVE ACTION TAKEN. LEO NOTIFICATION NOT REPORTED.",11,2022-11
2022-11-07,FLORIDA,MIAMI,"PRELIM INFO FROM FAA OPS: MIAMI, FL/UAS SIGHTING/1232E/MIAMI TRACON ADVISED, A20N, SAN JUAN, PUERTO RICO (SJU) - MIA, REPORTED A YELLOW/BLACK UAS WHILE W BOUND AT 2,500 6 SW MIA. NO EVASIVE ACTION TAKEN. DADE COUNTY SHERIFF NOTIFIED.",11,2022-11
2022-11-07,NEW JERSEY,NEWARK,"PRELIM INFO FROM FAA OPS: NEWARK, NJ/UAS SIGHTING/1518E/NEW YORK TRACON ADVISED, CRJ9, EWR - RDU, REPORTEDÂ A METALLIC/SILVER UAS AT 5900 FEET WHILE SOUTHBOUND 3 SW COL VOR. NO INJURIES REPORTED. NO EVASIVE ACTION REPORTED AIRCRAFT CONTINUED TO DESTINATION WITHOUT FURTHER INCIDENT. NJ HOMELAND SECURITY WAS NOTIFIED.",11,2022-11
2022-11-07,NEW YORK,NEW YORK,"PRELIM INFO FROM FAA OPS: NEW YORK, NY/UAS SIGHTING/1849E/NEW YORK TRACON ADVISED, PIPER PA32, REPORTED A WHITE UAS HEADED NORTHEAST BOUND 50 FEET FROM AIRCRAFT POSITION SAME ALTITUDE 8 NW JFK. RELATIVE CLOCK POSITION NOT REPORTED. NO INJURIES REPORTED. NO EVASIVE ACTION REPORTED. AIRCRAFT CONTINUED TO DESTINATION WITHOUT FURTHER INCIDENT. NASSAU COUNTY AVIATION WAS NOTIFIED.",11,2022-11
2022-11-07,VIRGINIA,RICHMOND,"PRELIM INFO FROM FAA OPS: RICHMOND, VA/UAS SIGHTING INCIDENT/1908E/POTOMAC TRACON REPORTED , P8, WAS ILLUMINATED BY A GREEN LASER AT 5,000 FEET WHILE NE BOUND 10 NE HCM VOR. NO EVASIVE ACTION REPORTED.Â KING & QUEEN CO. SHERIFF WAS NOTIFIED.",11,2022-11
2022-11-07,VIRGINIA,RICHMOND,"CORRECTION INFO (SUMMARY) FROM FAA OPS: RICHMOND, VA/UAS SIGHTING INCIDENT/1908E/POTOMAC TRACON REPORTED , P8,  REPORTED A WHITE UAS AT 5,000 FEET WHILE NE BOUND 10 NE HCM VOR. NO EVASIVE ACTION REPORTED.Â KING & QUEEN CO. SHERIFF WAS NOTIFIED.",11,2022-11
2022-11-08,MICHIGAN,DETROIT,"PRELIM INFO FROM FAA OPS: DETROIT, MI/UAS SIGHTING/1117E/DETROIT ATCT ADVISED, A320, ATL - DTW, REPORTED A WHITE QUADCOPTER UAS FROM THE RIGHT SIDE WHILE NE BOUND AT 3,300 FEET 8 SW DTW. NO EVASIVE ACTION TAKEN. ARPT PD NOTIFIED.",11,2022-11
2022-11-08,MICHIGAN,DETROIT,"CORRECTION INFO (DISTRIBUTION GROUP) FROM FAA OPS: DETROIT, MI/UAS SIGHTING/1117E/DETROIT ATCT ADVISED, A320, ATL - DTW, REPORTED A WHITE QUADCOPTER UAS FROM THE RIGHT SIDE WHILE NE BOUND AT 3,300 FEET 8 SW DTW. NO EVASIVE ACTION TAKEN. ARPT PD NOTIFIED.",11,2022-11
2022-11-08,MICHIGAN,DETROIT,"PRELIM INFO FROM FAA OPS: DETROIT, MI/UAS SIGHTING/1345E/WILLOW RUN ATCT ADVISED, CESSNA C56X, SDL - YIP, REPORTED A FOUR ROTOR UAS FROM THE 3 O'CLOCK POSITION WHILE NE BOUND AT 1,400 FEET 1 NE YIP. NO EVASIVE ACTION REPORTED. VAN BUREN TOWNSHIP PD NOTIFIED.",11,2022-11
2022-11-09,NEW YORK,NEW YORK,"PRELIM INFO FROM FAA OPS: NEW YORK, NY/UAS SIGHTING/1345E/NEW YORK TRACON ADVISED, E75S, LGA - ATL, REPORTED A UAS WHILE NE BOUND AT 2,500 FEET 10 SW LGA. NO EVASIVE ACTION TAKEN. NYPD AVIATION UNIT NOTIFIED.",11,2022-11
2022-11-09,NEW YORK,NEW YORK,"PRELIM INFO FROM FAA OPS: NEW YORK, NY/UAS SIGHTING/1748E/LAGUARDIA ATCT ADVISED, HELO, REPORTED A UAS WHILE E BOUND AT 400 FEET IN VCNTY OF UN BUILDING. NO EVASIVE ACTION REPORTED. NYPD NOTIFIED.",11,2022-11
2022-11-09,ALABAMA,MOBILE,"PRELIM INFO FROM FAA OPS: MOBILE, AL/UAS SIGHTING/2018C/MOBILE ATCT ADVISED, H60, REPORTED POSSIBLE UAS 1,000 FEET BELOW ACFT WHILE NW BOUND AT 1,200 FEET 4 N MOB. NO EVASIVE ACTION REPORTED. PILOT STATED UAS WAS IN VCNTY OF PROVIDENCE HOSPITAL. MOBILE CITY PD NOTIFIED.",11,2022-11
2022-11-10,OKLAHOMA,MC ALESTER,"PRELIM INFO FROM FAA OPS: MC ALESTER, OK/UAS SIGHTING/0734C/FORT-WORTH ARTCC ADVISED, CIRRUS SR22, OUN - TXK, REPORTED AN 8 TO 10 FOOT WIDE RED WITH YELLOW STRIPED UAS 200 FEET BELOW WHILE WNW BOUND AT 10,000 FEET 32 SSE MLC. NO EVASIVE ACTION TAKEN. OKLAHOMA PD NOTIFIED.",11,2022-11
2022-11-10,ILLINOIS,CHICAGO,"PRELIM INFO FROM FAA OPS: CHICAGO, IL/UAS SIGHTING/1125C/CHICAGO TRACON ADVISED, IAI GALX, MTV - ORD, REPORTED A SMALL, DARK COLORED UAS 100 FEET BELOW ACFT WHILE W BOUND AT 4,000 FEET 15 E ORD. NO EVASIVE ACTION TAKEN. FBI NOTIFIED.",11,2022-11
2022-11-10,INDIANA,TERRE HAUTE,"PRELIM INFO FROM FAA OPS: TERRE HAUTE, IN/UAS SIGHTING/1250E/TERRE HAUTE ATCT ADVISED, DIAMOND DV20, REPORTED A UAS FROM THE 3 O'CLOCK POSITION WHILE NW BOUND AT 4,000 FEET 10 NW HUF. NO EVASIVE ACTION TAKEN. VIGO COUNTY SHERIFF NOTIFIED.",11,2022-11
2022-11-10,MISSOURI,STEELE,"PRELIM INFO FROM FAA OPS: STEELE, MO/UAS SIGHTING/1536C/MEMPHIS ARTCC ADVISED, PIPER PA34, NQA - ENW, REPORTED A LARGE RED DRONE UAS 500 FEET BELOW WHILE N BOUND AT 9,000 FEET 2 E M12. NO EVASIVE ACTION TAKEN. STEELE PD NOTIFIED.",11,2022-11
2022-11-10,TENNESSEE,MEMPHIS,"PRELIM INFO FROM FAA OPS: MEMPHIS, TN/UAS SIGHTING/1711C/MEMPHIS ATCT ADVISED, DIAMOND DV20, REPORTED UAS 200 FEET ABOVE ACFT AT THE 12 O'CLOCK POSITION WHILE ON 5 MILE FINAL RUNWAY 18C AT 2,000 FEET. NO EVASIVE ACTION RERPOTED. MEMPHIS PD NOTIFIED.",11,2022-11
2022-11-10,IDAHO,BOISE,"PRELIM INFO FROM FAA OPS: BOISE, ID/UAS SIGHTING/1915M/BOISE TRACON ADVISED, PILATUS PC12, REPORTED UAS AT THE 9 O'CLOCK POSITION AT SAME ALTITUDE WHILE NW BOUND AT 9,000 FEET 19 ESE BOI. NO EVASIVE ACTION REPORTED. ADA COUNTY SHERIFF NOTIFIED.",11,2022-11
2022-11-11,FLORIDA,MIAMI,"PRELIM INFO FROM FAA OPS: MIAMI, FL/UAS SIGHTING/1638E/OPA LOCKA FCT ADVISED, CESSNA C172, REPORTED A UAS FROM THE 11 O'CLOCK POSITION WHILE E BOUND AT 1,000 FEET 1 S OPF. NO EVASIVE ACTION TAKEN. MIAMI DADE PD NOTIFIED.",11,2022-11
2022-11-12,CALIFORNIA,SAN JOSE,"PRELIM INFO FROM FAA OPS: SAN JOSE, CA/UAS SIGHTING/1420P/REID-HILLVIEW ATCT ADVISED, CESSNA C172, REPORTED A GRAY UAS FROM THE 2 O'CLOCK POSITION WHILE ON TWY E AFTER LANDING RUNWAY 31R RHV. NO EVASIVE ACTION REPORTED. ARPT OPERATIONS NOTIFIED.",11,2022-11
2022-11-13,NEW YORK,NEW YORK,"PRELIM INFO FROM FAA OPS: NEW YORK, NY/UAS SIGHTING/0702E/JF KENNEDY ATCT ADVISED, A320, BOS - JFK, REPORTED A WHITE UAS FROM THE RIGHT SIDE WHILE WNW BOUND AT 700 FEET 2 ESE JFK. NO EVASIVE ACTION TAKEN. ARPT OPERATIONS NOTIFIED.",11,2022-11
2022-11-13,FLORIDA,MIAMI,"PRELIM INFO FROM FAA OPS: MIAMI, FL/UAS SIGHTING/1313E/MIAMI TRACON ADVISED, B763, BOGOTA COLOMBIA (SKBO) - MIA, REPORTED A WHITE AND RED UAS FROM THE 2 O'CLOCK POSITION WHILE W BOUND AT 3,000 FEET 10 WSW MIA. NO EVASIVE ACTION TAKEN. METRO DADE PD NOTIFIED.",11,2022-11
2022-11-13,CONNECTICUT,WINDSOR LOCKS,"PRELIM INFO FROM FAA OPS: WINDSOR LOCKS, CT/UAS SIGHTING/1537E/BRADLEY ATCT ADVISED, E55P, BDL - DSM, REPORTED A METALLIC SILVER UAS FROM THE 3 O'CLOCK POSITION WHILE NNW BOUND AT 300 FEET 1 SSE BDL. NO EVASIVE ACTION TAKEN. CONNECTICUT STATE PD NOTIFIED.",11,2022-11
2022-11-13,ILLINOIS,CHICAGO,"PRELIM INFO FROM FAA OPS: CHICAGO, IL/UAS SIGHTING/1447C/CHICAGO TRACON ADVISED, B753, SFO - ORD, REPORTED A UAS FROM THE 12 O'CLOCK POSITION WHILE E BOUND AT 5,900 FEET 13 SE ORD. NO EVASIVE ACTION TAKEN. FBI NOTIFIED.",11,2022-11
2022-11-13,NORTH CAROLINA,GREENSBORO,"PRELIM INFO FROM FAA OPS: GREENSBORO, NC/UAS SIGHTING/1711E/GREENSBORO ATCT ADVISED, PIPER P28, REPORTED A UAS WITH RED FLASHING LIGHTS FROM 6 O'CLOCK POSITION WHILE NORTHBOUND AT 3,000 FEET 7 S GSO. NO EVASIVE ACTION TAKEN. LEO NOTIFICATION NOT REPORTED.",11,2022-11
2022-11-14,PENNSYLVANIA,MODENA,"PRELIM INFO FROM FAA OPS: MODENA, PA/UAS SIGHTING/0957C/JF KENNEDY ATCT ADVISED, CRJ7, BGR - DCA, UAS REPORTED AT 1,000 FEET HEADING E BOUND VCNTY OF MODENA. NO EVASIVE ACTION REPORTED. PA STATE PD NOTIFIED.",11,2022-11
2022-11-14,KENTUCKY,COVINGTON,"PRELIM INFO FROM FAA OPS: COVINGTON, KY/UAS SIGHTING/LATE REPORT-0622E/INDIANAPOLIS ARTCC ADVISED, CRJ9, CVG - LGA, REPORTED A UAS FROM THE LEFT SIDE AT 11,800 FEET 15 N CVG. NO EVASIVE ACTION TAKEN. WARREN COUNTY SHERIFF NOTIFIED.",11,2022-11
2022-11-14,COLORADO,CENTENNIAL,"PRELIM INFO FROM FAA OPS: CENTENNIAL, CO/UAS SIGHTING/1135M/CENTENNIAL ATCT ADVISED, CESSNA C525, REPORTED WHITE QUAD COPTER UAS WHILE N BOUND OFF LEFT SIDE  AT 7,000 FEET VCNTY HESS RESERVOIR. NO EVASIVE ACTION REPORTED. DOUGLAS COUNTY SHERIFF NOTIFIED.",11,2022-11
2022-11-14,PENNSYLVANIA,LANCASTER,"PRELIM INFO FROM FAA OPS: LANCASTER, PA/UAS SIGHTING/1718E/NEW YORK ARTCC ADVISED, E145, UNV - PHL, REPORTED A UAS FROM THE RIGHT SIDE WHILE EAST BOUND AT 11,000 FEET 1 S LANCASTER (LRP). NO EVASIVE ACTION TAKEN. PENNSYLVANIA STATE PD NOTIFIED.",11,2022-11
2022-11-14,CALIFORNIA,CHINO,"PRELIM INFO FROM FAA OPS: CHINO, CA/UAS SIGHTING/1501P/CHINO ATCT ADVISED, CESSNA C172, REPORTED UAS 500 FEET BELOW WHILE NW BOUND AT 2,000 FEET 4 SE CNO. NO EVASIVE ACTION TAKEN. LEO NOTIFICATION NOT REPORTED.",11,2022-11
2022-11-14,MONTANA,MC LEOD,"PRELIM INFO FROM FAA OPS: MC LEOD, MT/UAS SIGHTING/2053M/SKY WEST 5550, CRJ2, DEN - HLN, REPORTED LIGHTS INCREASING INTENSITY AND CHANGING DIRECTIONS APPROXIMATELY 45 E BOZEMAN. ALTITUDES SEEMED TO BE ABOVE THEM BUT NOT BY MUCH. NO OTHER TRAFFIC SEEN OR REPORTED BY THE CONTROLLER. ACFT WAS LEVEL AT FL320.",11,2022-11
2022-11-14,MONTANA,MC LEOD,"PRELIM INFO FROM FAA OPS: MC LEOD, MT/UAS SIGHTING/2053M/, B739, ATL - PDX, REPORTED LIGHTS INCREASING INTENSITY AND CHANGING DIRECTIONS APPROXIMATELY 45 E BOZEMAN. ALTITUDES SEEMED TO BE ABOVE THEM BUT NOT BY MUCH. NO OTHER TRAFFIC SEEN OR REPORTED BY THE CONTROLLER. ACFT WAS LEVEL AT FL360.",11,2022-11
2022-11-16,DISTRICT OF COLUMBIA,WASHINGTON,"PRELIM INFO FROM FAA OPS: WASHINGTON, DC/UAS SIGHTING/1131E/WASHINGTON ATCT ADVISED, E170, EWR - DCA, REPORTED A GREY QUADCOPTER UAS AT 1,000 FEET WHILE N BOUND SAME ALTITUDE 3 S DCA. NO EVASIVE ACTION TAKEN. ALEXANDRIA PD NOTIFIED.",11,2022-11
2022-11-16,CALIFORNIA,WATSONVILLE,"PRELIM INFO FROM FAA OPS: WATSONVILLE, CA/UAS SIGHTING/0916P/NORCAL TRACON ADVISED, CESSNA C182, PAO - MRY, REPORTED A BLACK UAS 1,000 FEET BELOW ACFT WHILE SE BOUND AT 5,500 FEET 5 SW WVI. NO EVASIVE ACTION TAKEN. SANTA CRUZ SHERIFF NOTIFIED.",11,2022-11
2022-11-16,NEW YORK,NEW YORK,"PRELIM INFO FROM FAA OPS: NEW YORK, NY/UAS SIGHTING/1410E/NEW YORK TRACON ADVISED, A343, BERLIN, GERMANY (EDDB) - JFK, REPORTED A LIGHT COLORED UAS AT THE 12 O'CLOCK POSITION WHILE ENE BOUND AT 7,200 FEET 5 WSW ISP. NO EVASIVE ACTION TAKEN. SUFFOLK COUNTY PD AVIATION UNIT NOTIFIED.",11,2022-11
2022-11-17,CALIFORNIA,TORRANCE,"PRELIM INFO FROM FAA OPS: TORRANCE, CA/UAS SIGHTING/1505P/TORRANCE ATCT ADVISED, CESSNA C152, REPORTED A BLUE UAS WHILE W BOUND AT 600 FEET 3 W TOA. NO EVASIVE ACTION TAKEN. TORRANCE PD NOTIFIED.",11,2022-11
2022-11-17,WEST VIRGINIA,CHARLESTON,"PRELIM INFO FROM FAA OPS: CHARLESTON, WV/UAS SIGHTING/1853E/CHARLESTON ATCT ADVISED, CIRRUS SR20, REPORTED A UAS WHILE NE BOUND AT 1,800 FEET 1 SSW CRW. NO EVASIVE ACTION TAKEN. CHARLESTON PD NOTIFIED.",11,2022-11
2022-11-18,TEXAS,FORT WORTH,"PRELIM INFO FROM FAA OPS: FORT WORTH, TX/UAS SIGHTING/1208C/FORT WORTH SPINKS ATCT ADVISED, CESSNA C152, REPORTED A BLACK AND WHITE FROM THE 9 O'CLOCK POSITION WHILE NW BOUND AT 1,000 FEET 1 S FWS. NO EVASIVE ACTION TAKEN. AIRPORT AUTHORITY AND BURLESON PD NOTIFIED. NO PHONE NUMBER WAS REPORTED.",11,2022-11
2022-11-18,CALIFORNIA,LOS ANGELES,"PRELIM INFO FROM FAA OPS: LOS ANGELES, CA/UAS SIGHTING/1018P/LOS ANGELES ARTCC ADVISED, A319, DEN - LAX, REPORTED A 3 FOOT WIDE UAS FROM THE 9 O'CLOCK POSITION WHILE SW BOUND AT 13,000 FEET 10 NW LAX. NO EVASIVE ACTION TAKEN. LEO NOTIFICATION NOT REPORTED.  7-3333 EC/ER",11,2022-11
2022-11-18,OREGON,SALEM,"PRELIM INFO FROM FAA OPS: SALEM, OR/UAS SIGHTING/2159P/SEATTLE ARTCC ADVISED, PIPER P28A, ALBANY, OR (S12) - S12, REPORTED 2 UAS WHILE SE BOUND AT 1,200 FEET 1.5 SW S12. NO EVASIVE ACTION TAKEN. ALBANY PD NOTIFIED.",11,2022-11
2022-11-20,MASSACHUSETTS,BOSTON,"PRELIM INFO FROM FAA OPS: BOSTON, MA/UAS SIGHTING/0714E/BOSTON ATCT ADVISED, A21N, BOS - MIA, REPORTED A WHITE AND SILVER BASKETBALL SIZED UAS RIGHT OFF WINGTIP AT 2 O'CLOCK POSITION WHILE W BOUND AT 8,200 FEET 8 W BOSTON. MASS STATE POLICE NOTIFIED.",11,2022-11
2022-11-20,LOUISIANA,BATON ROUGE,"PRELIM INFO FROM FAA OPS: BATON ROUGE, LA/UAS SIGHTING/1012C/BATON ROUGE ATCT ADVISED, EUROCOPTER EC135, REPORTED A LARGE, SILVER UAS WITH FLASHING LIGHTS WHILE S BOUND AT 1,000 FEET 6 SE BTR (30.62N/91.46W). RELATIVE POSITION TO AIRCRAFT NOT REPORTED. NO EVASIVE ACTION TAKEN. LEO NOTIFICATION NOT REPORTED.",11,2022-11
2022-11-20,NEW HAMPSHIRE,MANCHESTER,"PRELIM INFO FROM FAA OPS: MANCHESTER, NH/UAS SIGHTING/1405E/BOSTON TRACON ADVISED, PIPER P28A, REPORTED A WHITE UAS FROM THE 12 O'CLOCK POSITION WHILE SW BOUND AT 3,000 FEET 15 SSE MHT. NO EVASIVE ACTION TAKEN. NEW HAMPSHIRE STATE PD NOTIFIED.",11,2022-11
2022-11-20,MICHIGAN,DETROIT,"PRELIM INFO FROM FAA OPS: DETROIT, MI/UAS SIGHTING/1654E/DETROIT ATCT ADVISED, B772, PARIS, FRANCE (LFPG) - DTW, REPORTED A BLACK UAS FROM THE 12 O'CLOCK POSITION WHILE SSW BOUND AT 2,000 FEET 4 NNE DTW. NO EVASIVE ACTION TAKEN. MICHIGAN STATE PD NOTIFIED.",11,2022-11
2022-11-21,NEW YORK,NEW YORK,"PRELIM INFO FROM FAA OPS: NEW YORK, NY/UAS SIGHTING/1148E/LA GUARDIA ATCT ADVISED, CRJ9, BUF - LGA, REPORTED A UAS FROM THE 10 O'CLOCK POSITION WHILE SW BOUND AT 2,000 FEET 5 NE LGA. NO EVASIVE ACTION TAKEN. LEO INFORMATION NOT PROVIDED.",11,2022-11
2022-11-21,GEORGIA,ATLANTA,"PRELIM INFO FROM FAA OPS: ATLANTA, GA/UAS SIGHTING/1329E/ATLANTA ATCT ADVISED, A321, ATL - ORD, REPORTED A BLACK UAS OPERATING BETWEEN RUNWAY 8R AND TWY E BELOW 100 FEET. NO IMPACT TO OPERATIONS. 911 NOTIFIED.",11,2022-11
2022-11-22,CALIFORNIA,TORRANCE,"PRELIM INFO FROM FAA OPS: TORRANCE, CA/UAS SIGHTING/1200P/TORRANCE ATCT ADVISED, UNKN ACFT TYPE,  RECEIVED  PHONE CALL FROM CITY OF TORRENCE.  CITY ADVISED PILOT REPORTED UAS OPERATING AT CROSS STREETS OF EL DORADO AND MAPLE.  NO DESCRIPTION OF UAS PROVIDED. NO LEO PHONE NUMBER PROVIDED.",11,2022-11
2022-11-22,TEXAS,HOUSTON,"PRELIM INFO FROM FAA OPS: HOUSTON, TX/UAS SIGHTING/1750C/HOUSTON TRACON ADVISED, E145, BTR - IAH, REPORTED UAS OFF LEFT SIDE WHILE E BOUND AT 5,000 FEET 20 W IAH. NO EVASIVE ACTION TAKEN. HARRIS COUNTY SHERIFF NOTIFIED.",11,2022-11
2022-11-22,ARIZONA,GLENDALE,"PRELIM INFO FROM FAA OPS: GLENDALE, AZ/UAS SIGHTING/1716M/LUKE ATCT ADVISED, HELO, REPORTED A SILVER AND WHITE UAS 100 FEET BELOW OFF LEFT SIDE WHILE SW BOUND AT 2,100 FEET .5 W LUF. NO EVASIVE ACTION TAKEN. LUKE AFB SECURITY FORCES NOTIFIED.",11,2022-11
2022-11-23,MASSACHUSETTS,BEDFORD,"PRELIM INFO FROM FAA OPS: BEDFORD, MA/UAS SIGHTING/1145E/BEDFORD ATCT ADVISED, BOMBARDIER GL5T, TEB - BED, REPORTED UAS AT THE 3 O'CLOCK POSITION WHILE ON 2 MILE FINAL RUNWAY 29 AT 1,000 FEET. NO EVASIVE ACTION REPORTED. MA STATE PD NOTIFIED.",11,2022-11
2022-11-23,FLORIDA,JACKSONVILLE,"PRELIM INFO FROM FAA OPS: JACKSONVILLE, FL/UAS SIGHTING/1412E/JACKSONVILLE TRACON ADVISED, CESSNA C560, VDF - HEG, REPORTED A UAS 500 FEET BELOW ACFT WHILE N BOUND AT 4,000 FEET VCNTY VQQ. NO EVASIVE ACTION TAKEN. JACKSONVILLE SHERIFF UAS DIVISION NOTIFIED.",11,2022-11
2022-11-23,KENTUCKY,LOUISVILLE,"PRELIM INFO FROM FAA OPS: LOUISVILLE, KY/UAS SIGHTING/1418E/SANDIFORD ATCT ADVISED, BEECH BE36, DAY - LUG, REPORTED A UAS 50 FEET BELOW ACFT RIGHT WING WHILE SW BOUND AT 8,000 FEET 15 S LOUISVILLE VORTAC (IIU). NO EVASIVE ACTION TAKEN. NELSON COUNTY SHERIFF NOTIFIED.",11,2022-11
2022-11-23,OHIO,NEWARK,"PRELIM INFO FROM FAA OPS: NEWARK, OH/UAS SIGHTING/1607E/COLUMUBS APCH ADVISED, CIRRUS SR20, BATAVIA, OH - OSU, REPORTED UAS AT 12 O'CLOCK POSITION WHILE NW BOUND AT 3,000 FEET 10 NW NEWARK. NO EVASIVE ACTION REPORTED. LICKING COUNTY SHERIFF NOTIFIED.",11,2022-11
2022-11-23,PENNSYLVANIA,JOHNSTOWN,"PRELIM INFO FROM FAA OPS: JOHNSTOWN, PA/UAS SIGHTING/1752E/JOHNSTOWN ATCT ADVISED, HELO, CONEMAUGH VALLEY MEMORIAL HOSPITAL HELIPORT - UNKN, REPORTED A UAS WITH LIGHTS AT 1,500 FEET BELOW ACFT WHILE S BOUND AT 1,800 FEET 4.5 W JST. NO EVASIVE ACTION TAKEN. PENNSYLVANIA STATE PD NOTIFIED.",11,2022-11
2022-11-23,CALIFORNIA,SANTA ANA,"PRELIM INFO FROM FAA OPS: SANTA ANA, CA/UAS SIGHTING/1909P/JOHN WAYNE ATCT ADVISED, B737, SJC - SNA, REPORTED A UAS FROM THE 2 O'CLOCK POSITION WHILE NNE BOUND AT 400 FEET ON FINAL RUNWAY 20R SNA. NO EVASIVE ACTION TAKEN. ORANGE COUNTY SHERIFF NOTIFIED.",11,2022-11
2022-11-24,CALIFORNIA,SAN LUIS OBISPO,"PRELIM INFO FROM FAA OPS: SAN LUIS OBISPO, CA/UAS SIGHTING/1506P/SAN LUIS COUNTY REGIONAL ATCT ADVISED, EXPERIMENTAL VANS RV9, JAQ - SBP, REPORTED A QUAD-COPTER UAS FROM THE 3 O'CLOCK POSITION WHILE ESE BOUND AT 500 FEET .25 WNW SBP. NO EVASIVE ACTION TAKEN. SAN LUIS OBISPO COUNTY SHERIFF NOTIFIED.",11,2022-11
2022-11-25,MICHIGAN,DETROIT,"PRELIM INFO FROM FAA OPS: DETROIT, MI/UAS SIGHTING/1217E/DETROIT ATCT ADVISED, B752, BWI - DTW, REPORTED A UAS FROM 100 FEET BELOW ACFT WHILE NE BOUND AT 3,500 FEET 7 E DET. NO EVASIVE ACTION TAKEN. MICHIGAN STATE PD NOTIFIED.",11,2022-11
2022-11-26,NEW YORK,FARMINGDALE,"PRELIM INFO FROM FAA OPS: FARMINGDALE, NY/UAS SIGHTING/1100E/FARMINGDALE ATCT ADVISED, FAIRCHILD DORNIER J328, ACY - FRG, REPORTED LARGE WHITE UAS 2OO FEET BELOW ACFT FROM THE 12 O'CLOCK POSITION WHILE NW BOUND AT 1,200 FEET 4 SE FRG. NO EVASIVE ACTION TAKEN. NYPD NOTIFIED.",11,2022-11
2022-11-26,PENNSYLVANIA,POTTSTOWN,"PRELIM INFO FROM FAA OPS: POTTSTOWN, PA/UAS SIGHTING/1230E/PHILADELPHIA ATCT ADVISED, CESSNA C172, REPORTED A BLACK UAS FROM THE 1 O'CLOCK POSITION WHILE ESE BOUND AT 1,500 FEET 2 ESE PTW. NO EVASIVE ACTION TAKEN. PHL ARPT PD NOTIFIED.",11,2022-11
2022-11-26,NEW YORK,NEW YORK,"PRELIM INFO FROM FAA OPS: NEW YORK, NY/UAS SIGHTING/1247E/JFK ATCT ADVISED, B763, MADRID, SPAIN (LEMD) - JFK, REPORTED UAS WHILE NW BOUND AT 4,000 FEET 15 SE JFK. NO EVASIVE ACTION TAKEN. NYPD AVIATION NOTIFIED.",11,2022-11
2022-11-26,NEW YORK,NEW YORK,"PRELIM INFO FROM FAA OPS: NEW YORK, NY/UAS SIGHTING/1248E/JFK ATCT ADVISED, B763, BRUSSELS, BELGIUM (EBBR) - JFK, REPORTED UAS WHILE NW BOUND AT 4,000 FEET 15 SE JFK. NO EVASIVE ACTION TAKEN. NYPD AVIATION NOTIFIED.",11,2022-11
2022-11-26,FLORIDA,FORT MYERS,"PRELIM INFO FROM FAA OPS: FORT MYERS, FL/UAS SIGHTING/1312E/FORT MYERS ATCT ADVISED, B738, SDF - RSW, REPORTED A WHITE AND SILVER UAS FROM THE 1 O'CLOCK POSITION WHILE ENE BOUND AT 1,600 FEET 10 ESE RSW. NO EVASIVE ACTION TAKEN. LEE COUNTY SHERIFF NOTIFIED.",11,2022-11
2022-11-26,MISSOURI,KANSAS CITY,"PRELIM INFO FROM FAA OPS: KANSAS CITY, MO/UAS SIGHTING/1500C/KANSAS CITY ATCT ADVISED, EMBRAER E55P, LOT - MKC, REPORTED A YELLOW UAS FROM THE 9 O'CLOCK POSITION WHILE SW BOUND AT 3,000 FEET 8 NNE MKC. NO EVASIVE ACTION TAKEN. POLICE HELO NOTIFIED.",11,2022-11
2022-11-26,CALIFORNIA,SAN JOSE,"PRELIM INFO FROM FAA OPS: SAN JOSE, CA/UAS SIGHTING/1714P/SAN JOSE ATCT ADVISED, BOMBARDIER CL35, MEM - SJC, REPORTED A BLACK UAS A THE 12 O'CLOCK POSITION WHILE SE BOUND AT 3,000 FEET 8 NW SJA. NO INJURIES REPORTED. LEO NOTIFICATION NOT REPORTED..",11,2022-11
2022-11-27,GEORGIA,ATLANTA,"PRELIM INFO FROM FAA OPS: ATLANTA, GA/UAS SIGHTING/1317E/ATLANTA TRACON ADVISED, B712, CLT - ATL, REPORTED UAS FROM THE 1 O'CLOCK POSITION WHILE S BOUND AT 5,000 FEET 25 NE ATL. NO EVASIVE ACTION TAKEN. GWINNETT COUNTY PD NOTIFIED.",11,2022-11
2022-11-27,NEW YORK,NEW YORK,"PRELIM INFO FROM FAA OPS: NEW YORK, NY/UAS SIGHTING/1331E/NEW YORK TRACON ADVISED, E75S, LGA - MCI, REPORTED UAS FROM THE LEFT SIDE WHILE SE BOUND AT 1,500 FEET 2 SE LGA. NO EVASIVE ACTION TAKEN. NYPD NOTIFIED.",11,2022-11
2022-11-27,FLORIDA,ORLANDO,"PRELIM INFO FROM FAA OPS: ORLANDO, FL/UAS SIGHTING/1509E/ORLANDO ATCT ADVISED, A321, TORONTO, CANADA (CYYZ) - MCO, REPORTED 2 WHITE QUAD COPTER UAS FROM THE LEFT AND RIGHT SIDE WHILE S BOUND AT 1,000 FEET 4 N MCO. NO EVASIVE ACTION TAKEN. ORANGE COUNTY SHERIFF NOTIFIED.",11,2022-11
2022-11-27,COLORADO,DENVER,"PRELIM INFO FROM FAA OPS: DENVER, CO/UAS SIGHTING/1430M/DENVER TRACON ADVISED, CESSNA C182, REPORTED UAS OFF RIGHT SIDE WHILE SSW BOUND AT 8,300 FEET 18 ESE DEN. NO EVASIVE ACTION TAKEN. ARPT PD NOTIFIED.",11,2022-11
2022-11-27,ARIZONA,PHOENIX,"PRELIM INFO FROM FAA OPS: PHOENIX, AZ/UAS SIGHTING/1521M/PHOENIX-MESA GATEWAY ATCT ADVISED, E545, PHX - IWA, REPORTED A UAS PASSING OVER WING WHILE ESE BOUND AT 2,500 FEET 2 WNW IWA. NO INJURIES REPORTED. MESA PD NOTIFIED.",11,2022-11
2022-11-27,CALIFORNIA,SAN FRANCISCO,"PRELIM INFO FROM FAA OPS: SAN FRANCISCO, CA/UAS SIGHTING/1818P/NORTHERN CALIFORNIA TRACON ADVISED, CESSNA C172, DVO - UNKN, REPORTED A UAS FROM THE 9 O'CLOCK POSITION WHILE N BOUND AT 2,100 FEET 12 NW SFO. NO EVASIVE ACTION REPORTED. GOLDEN GATE BRIDGE AUTHORITY NOTIFIED.",11,2022-11
2022-11-29,NORTH DAKOTA,FARGO,"PRELIM INFO FROM FAA OPS: FARGO, ND/UAS SIGHTING/LATE REPORT-1042C/FARGO ATCT ADVISED, CESSNA C25A, FAR - GTF, REPORTED A WHITE UAS FROM THE 12 O'CLOCK POSITION DURING TAXI 40 FEET ABOVE TWY B. NO IMPACT TO ATC OPERATIONS. RED RIVER DISPATCH NOTIFIED.",11,2022-11
2022-11-29,FLORIDA,NAPLES,"PRELIM INFO FROM FAA OPS: NAPLES, FL/UAS SIGHTING/1230E/NAPLES ATCT ADVISED, PIPER PA44, [DEPARTURE] - [ARRIVAL], REPORTED A WHITE UAS FROM THE LEFT SIDE WHILE NE BOUND AT 400 FEET 1 N APF. NO EVASIVE ACTION TAKEN. LEE COUNTY SHERIFF NOTIFIED.",11,2022-11
2022-11-29,FLORIDA,ORLANDO,"PRELIM INFO FROM FAA OPS: ORLANDO, FL/UAS SIGHTING/1558E/ORLANDO ATCT ADVISED, A321, MCO - DFW, REPORTED A UAS WHILE S BOUND AT 200 FEET 8 S ORL. NO EVASIVE ACTION TAKEN. ORANGE COUNTY SHERIFF AVIATION DEPARTMENT NOTIFIED.",11,2022-11
2022-11-30,FLORIDA,ORLANDO,"PRELIM INFO FROM FAA OPS: ORLANDO, FL/UAS SIGHTING/1457E/ORLANDO ATCT ADVISED, B737, NASSAU, BAHAMAS (NAS) - MCO, REPORTED A BLACK UAS FROM THE RIGHT SIDE WHILE S BOUND AT 800 FEET 5 SSE MCO. NO EVASIVE ACTION TAKEN. ORANGE COUNTY SHERIFF NOTIFIED.",11,2022-11
2022-11-30,TEXAS,LAREDO,"PRELIM INFO FROM FAA OPS: LAREDO, TX/UAS SIGHTING/1528C/LAREDO ATCT ADVISED, HELO, REPORTED A GREY UAS WHILE SSW BOUND AT 900 FEET 1 SSW LRD. NO EVASIVE ACTION REPORTED. DPS NOTIFIED.",11,2022-11
2022-12-02,NORTH CAROLINA,LIBERTY,"PRELIM INFO FROM FAA OPS: LIBERTY, NC/UAS SIGHTING/1608E/WASHINGTON ARTCC ADVISED, C35, REPORTED AN ORANGE QUADCOPTER OFF RIGHT SIDE WHILE SE BOUND AT 12,700 FEET 16 SW LIBERTY VORTAC. NO EVASIVE ACTION TAKEN. LEO NOTIFICATION NUMBER NOT PROVIDED.",12,2022-12
2022-12-03,FLORIDA,DAYTONA BEACH,"PRELIM INFO FROM FAA OPS: DAYTONA BEACH, FL/UAS SIGHTING/1526E/DAYTONA BEACH ATCT ADVISED, CESSNA C172, REPORTED A UAS AT THE 9 O'CLOCK POSITION WHILE N BOUND AT 2,500 FEET 3 S DAYTONA BEACH. NO EVASIVE ACTION REPORTED. VOLUSIA COUNTY SHERIFF NOTIFIED.",12,2022-12
2022-12-03,NEW YORK,NEW YORK,"PRELIM INFO FROM FAA OPS: NEW YORK, NY/UAS SIGHTING/2246E/KENNEDY ATCT ADVISED, B763, LAX - JFK, REPORTED A QUADCOPTER UAS WITH LIGHTS WHILE NW BOUND AT 1,200 FEET 2 SE JFK. NO EVASIVE ACTION TAKEN. LEO NOTIFICATION NOT REPORTED.",12,2022-12
2022-12-04,DISTRICT OF COLUMBIA,WASHINGTON,"PRELIM INFO FROM FAA OPS: WASHINGTON, DC/UAS SIGHTING/1841E/WASHINGTON ATCT ADVISED, HELO, REPORTED A UAS WITH RED AND GREEN LIGHTS WHILE NNW BOUND AT 700 FEET 6.5 NNW DCA. NO EVASIVE ACTION TAKEN. DC METRO PD NOTIFIED.",12,2022-12
2022-12-04,GEORGIA,ATLANTA,"PRELIM INFO FROM FAA OPS: ATLANTA, GA/UAS SIGHTING/1348E/ATLANTA TRACON ADVISED, CIRRUS S22T, REPORTED A UAS OF UNSPECIFIED SIZE AND COLOR AT 9,000 FEET WHILE S BOUND AT 2 O'CLOCK POSITION 25 N ATL. NO EVASIVE ACTION TAKEN. FULTON CO POLICE NOTIFIED.",12,2022-12
2022-12-04,MARYLAND,BALTIMORE,"PRELIM INFO FROM FAA OPS: BALTIMORE, MD/UAS SIGHTING/1426E/BALTIMORE ATCT ADVISED, A319, ATL - BWI, REPORTED UAS 300 FEET BELOW ACFT WHILE NW BOUND AT 2,000 FEET 6 SSE BWI. NO EVASIVE ACTION TAKEN. ANNE ARUNDEL COUNTY PD WAS NOTIFIED.",12,2022-12
2022-12-04,ARIZONA,PHOENIX,"PRELIM INFO FROM FAA OPS: PHOENIX, AZ/UAS SIGHTING/1420M/PHOENIX TRACON ADVISED, A20N, PDX - PHX, REPORTED A UAS FROM THE 9 O'CLOCK POSITION WHILE W BOUND AT 6,800 FEET 8 NW PHOENIX VOR. NO EVASIVE ACTION TAKEN. NO LEO NOTIFICATION REPORTED.",12,2022-12
2022-12-05,ALABAMA,MONTGOMERY,"PRELIM INFO FROM FAA OPS: MONTGOMERY, AL/UAS SIGHTING/1002C/MONTGOMERY APCH ADVISED, BE40, REPORTED A BLACK UAS WHILE N BOUND AT 800 FEET 1 W MGM. NO EVASIVE ACTION REPORTED. ARPT PD NOTIFIED.",12,2022-12
2022-12-05,FLORIDA,MIAMI,"PRELIM INFO FROM FAA OPS: MIAMI, FL/UAS SIGHTING/1833E/OPA LOCKA EXECUTIVE ATCT ADVISED, MH65, REPORTED UAS AT THE 4 O'CLOCK POSITION WHILE W BOUND AT 500 FEET 4 E OPF. NO EVASIVE ACTION REPORTED.  MIAMI-DADE COUNTY PD NOTIFIED.",12,2022-12
2022-12-05,CALIFORNIA,LOS ANGELES,"PRELIM INFO FROM FAA OPS: LOS ANGELES, CA/UAS SIGHTING/2025P/LOS ANGELES ATCT ADVISED, A321, AUS - LAX, REPORTED A UAS FROM THE 12 O'CLOCK POSITION WHILE WSW BOUND AT 700 FEET 3 ENE LAX. NO EVASIVE ACTION TAKEN. LOS ANGELES COUNTY SHERIFF NOTIFIED.",12,2022-12
2022-12-06,TEXAS,HOUSTON,"PRELIM INFO FROM FAA OPS: HOUSTON, TX/UAS SIGHTING/1252C/HOUSTON ATCT ADVISED, A320, IAH - LOS CABOS, MEXICO (MMSD), REPORTED A GRAY UAS FROM THE 2 O'CLOCK POSITION WHILE SE BOUND AT 100 FEET 1 SW IAH. NO EVASIVE ACTION TAKEN. HPD NOTIFIED.",12,2022-12
2022-12-06,ALABAMA,MOBILE,"PRELIM INFO FROM FAA OPS: MOBILE, AL/UAS SIGHTING/1520C/MOBILE ATCT ADVISED, A220, REPORTED A BLACK UAS ON TWY A WHILE TAXIING. ARPT OPS REMOVED UAS FROM TWY. NO IMPACT TO OPERATIONS. ARPT PD NOTIFIED.",12,2022-12
2022-12-07,FLORIDA,DAYTONA BEACH,"PRELIM INFO FROM FAA OPS: DAYTONA BEACH, FL/UAS SIGHTING/1100E/DAYTONA BEACH ATCT ADVISED, CESSNA C172, REPORTED 4 RED AND WHITE UAS FROM THE 9 O'CLOCK POSITION WHILE NW BOUND AT 1,500 FEET VCNTY SPRUCE CREEK ARPT (7FL6). NO EVASIVE ACTION TAKEN. VOLUSIA COUNTY SHERIFF NOTIFIED.",12,2022-12
2022-12-08,LOUISIANA,LAFAYETTE,"PRELIM INFO FROM FAA OPS: LAFAYETTE, LA/UAS SIGHTING/1502C/LAFAYETTE APCH ADVISED, CESSNA C150, REPORTED A RED AND WHITE UAS AT THE 10 O'CLOCK POSITION WHILE N BOUND AT 4,200 FEET 10 WSW LFT. NO EVASIVE ACTION TAKEN. LAFAYETTE SHERIFF NOTIFIED.",12,2022-12
2022-12-08,ARIZONA,PHOENIX,"PRELIM INFO FROM FAA OPS: PHOENIX, AZ/UAS SIGHTING/1502M/PHOENIX ATCT ADVISED, B763, AFW - PHX, REPORTED A UAS WHILE W BOUND AT 4,000 FEET 4 E PHOENIX VORTAC. NO EVASIVE ACTION TAKEN. TEMPE PD NOTIFIED.",12,2022-12
2022-12-09,MASSACHUSETTS,BEDFORD,"PRELIM INFO FROM FAA OPS: BEDFORD, MA/UAS SIGHTING/1135E/HANSCOM ATCT ADVISED, CESSNA C56X, IAD - BED, REPORTED A BLACK AND WHITE UAS OFF THE RIGHT SIDE WHILE NE BOUND AT 1,400 FEET 3 E BED. NO EVASIVE ACTION TAKEN. MASSACHUSETTS STATE PD NOTIFIED.",12,2022-12
2022-12-09,PENNSYLVANIA,ALLENTOWN,"PRELIM INFO FROM FAA OPS: ALLENTOWN, PA/UAS SIGHTING/1605E/NEW YORK ARTCC ADVISED, B78X, LAX - EWR, REPORTED A UAS WHILE WNW BOUND AT 10,000 FEET 30 NNE ABE. NO EVASIVE ACTION TAKEN. PA STATE PD NOTIFIED.",12,2022-12
2022-12-10,DISTRICT OF COLUMBIA,WASHINGTON,"PRELIM INFO FROM FAA OPS: WASHINGTON, DC/UAS SIGHTING/1608E/POTOMAC TRACON ADVISED, PIPER P28A, FRIENDLY, MD (VKX) - INDIAN HEAD, MD (2W5), REPORTED A UAS 500 FEET ABOVE ACFT WHILE W BOUND AT 1,500 FEET 15 SSW DCA. NO EVASIVE ACTION TAKEN. CHARLES COUNTY SHERIFF NOTIFIED.",12,2022-12
2022-12-10,ARIZONA,CHANDLER,"PRELIM INFO FROM FAA OPS: CHANDLER, AZ/UAS SIGHTING/1430M/CHANDLER ATCT ADVISED, PIPER P28A, CHD - CHD, REPORTED A UAS 100 FEET BELOW ACFT WHILE SW BOUND AT 2,700 FEET 1 WSW CHD. NO EVASIVE ACTION TAKEN. CHANDLER PD NOTIFIED.",12,2022-12
2022-12-10,FLORIDA,FORT LAUDERDALE,"PRELIM INFO FROM FAA OPS: FORT LAUDERDALE, FL/UAS SIGHTING/2009E/FORT LAUDERDALE EXECUTIVE ATCT ADVISED, ROBINSON RA22, REPORTED A UAS FROM THE 2 O'CLOCK POSITION WHILE WNW BOUND AT 1,000 FEET 4 SE FXE. NO EVASIVE ACTION TAKEN. BROWARD COUNTY SHERIFF NOTIFIED.",12,2022-12
2022-12-11,FLORIDA,MIAMI,"PRELIM INFO FROM FAA OPS: MIAMI, FL/UAS SIGHTING/1038E/[REPORTING FACILITY] ADVISED, A321, FLL - CANCUN, MEXICO (MMUN), REPORTED A BLACK BALLOON WITH A BOX ATTACHED BETWEEN 14,000 AND 15,000 FEET 10 S MIAMI. NO EVASIVE ACTION TAKEN TAKEN. LAW ENFORCEMENT NOT NOTIFIED.",12,2022-12
2022-12-11,NORTH CAROLINA,CHARLOTTE,"PRELIM INFO FROM FAA OPS: CHARLOTTE, NC/UAS SIGHTING/1438E/CHARLOTTE ATCT ADVISED, HAWKER BEECHCRAFT H25B,  REPORTED A GREEN DRONE WHILE N BOUND AT 2,000 FEET 12 SE CHARLOTTE. NO EVASIVE ACTION REPORTED. CHARLOTTE PD  NOTIFIED.",12,2022-12
2022-12-11,FLORIDA,SARASOTA/BRADENTON,"PRELIM INFO FROM FAA OPS: SARASOTA/BRADENTON, FL/UAS SIGHTING/1603E/SARASOTA ATCT ADVISED, CIRRUS SR20, LAL - SRQ, REPORTED A BLACK UAS FROM THE LEFT SIDE WHILE WSW BOUND AT 1,000 FEET 6 NNE SRQ. NO EVASIVE ACTION TAKEN. MANATEE COUNTY SHERIFF NOTIFIED.",12,2022-12
2022-12-12,NORTH CAROLINA,CHARLOTTE,"PRELIM INFO FROM FAA OPS: CHARLOTTE, NC/UAS SIGHTING/0857E/CHARLOTTE ATCT ADVISED, CESSNA C525, PDK - CLT, REPORTED A WHITE UAS FROM THE 3 O'CLOCK POSITION WHILE N BOUND AT 2,200 FEET 4 S CLT. NO EVASIVE ACTION TAKEN. CHARLOTTE MECKLENBERG PD NOTIFIED.",12,2022-12
2022-12-12,TENNESSEE,NASHVILLE,"PRELIM INFO FROM FAA OPS: NASHVILLE, TN/UAS SIGHTING/1133C/JOHN TUNE ATCT ADVISED, HAWKER BEACHCRAFT H25B, REPORTED A BLACK UAS FROM THE RIGHT SIDE WHILE NE BOUND AT 1,400 FEET 4.7 JWN. NO EVASIVE ACTION TAKEN. LEO NOTIFIED.",12,2022-12
2022-12-12,NORTH CAROLINA,CHARLOTTE,"PRELIM INFO FROM FAA OPS: CHARLOTTE, NC/UAS SIGHTING/1335E/CHARLOTTE ATCT ADVISED, A321, LAX - CLT, REPORTED A BLACK UAS FROM THE 9 O'CLOCK POSITION WHILE N BOUND AT 1,900 FEET 2 S CLT. NO EVASIVE ACTION TAKEN. CHARLOTTE MECKLENBERG PD NOTIFIED.",12,2022-12
2022-12-12,MICHIGAN,MUSKEGON,"PRELIM INFO FROM FAA OPS: MUSKEGON, MI/UAS SIGHTING/1637E/MUSKEGON ATCT ADVISED, LEARJET LJ45, REPORTED UAS WHILE SE BOUND AT 2,000 FEET VCNTY MUSKEGON. NO EVASIVE ACTION REPORTED. NORTON SHORES PD NOTIFIED.",12,2022-12
2022-12-13,VERMONT,BURLINGTON,"PRELIM INFO FROM FAA OPS: BURLINGTON, VT/UAS SIGHTING/0948E/BURLINGTON ATCT ADVISED, CESSNA C172, PBG - PBG, REPORTED A RED UAS 500 FEET BELOW ACFT WHILE WNW BOUND AT 3,500 FEET 2 WNW BTV. NO EVASIVE ACTION TAKEN. BURLINGTON PD NOTIFIED.",12,2022-12
2022-12-13,ARIZONA,GILA BEND,"PRELIM INFO FROM FAA OPS: GILA BEND, AZ/UAS SIGHTING/0848M/ALBUQUERQUE ARTCC ADVISED, F35, WHILE OPERATING IN RESTRICTED AREA R2301E PIC REPORTED 4 UAS WHILE ACFT WAS E BOUND AT FL200 57 SSW GILA BEND. NO EVASIVE ACTION TAKEN. PIMA COUNTY SHERIFF NOTIFIED.",12,2022-12
2022-12-13,NEW JERSEY,ATLANTIC CITY,"PRELIM INFO FROM FAA OPS: ATLANTIC CITY, NJ/UAS SIGHTING/1338E/ATLANTIC CITY APCH ADVISED, GULFSTREAM GLF4, BOS - ACY, REPORTED A BLACK UAS AT THE 11 O'CLOCK POSITION WHILE NW BOUND AT 6,000 FEET 2 SE ACY. NO EVASIVE ACTION TAKEN. NEW JERSEY STATE PD NOTIFIED.",12,2022-12
2022-12-14,ARIZONA,GILA BEND,"PRELIM INFO FROM FAA OPS: GILA BEND, AZ/UAS SIGHTING/1135M/ALBUQUERQUE ARTCC ADVISED, F35, REPORTED A SMALL METALLIC OBJECT WHILE W BOUND AT FL240 52 SSW GILA BEND VORTAC. EVASIVE ACTION TAKEN. PIMA COUNTY SHERIFF NOTIFIED.",12,2022-12
2022-12-14,FLORIDA,ORLANDO,"PRELIM INFO FROM FAA OPS: ORLANDO, FL/UAS SIGHTING/1741E/ORLANDO ATCT ADVISED, B39M, SFO - MCO, REPORTED A QUADCOPTER UAS 200 FEET ABOVE WHILE S BOUND AT 2,800 FEET ON 9 MILE FINAL RUNWAY 18R MCO. NO EVASIVE ACTION TAKEN. ORANGE COUNTY SHERIFF NOTIFIED.",12,2022-12
2022-12-15,ARIZONA,GLENDALE,"PRELIM INFO FROM FAA OPS: GLENDALE, AZ/UAS SIGHTING/0820M/ALBUQUERQUE ARTCC ADVISED, F35, REPORTED A UAS WHILE SSW BOUND AT FL200 36 W GLENDALE. NO EVASIVE ACTION TAKEN. MARICOPA COUNTY SHERIFFS DEPT. NOTIFIED.",12,2022-12
2022-12-15,ARIZONA,GILA BEND,"PRELIM INFO FROM FAA OPS: GILA BEND, AZ/UAS SIGHTING/0919M/ALBUQUERQUE ARTCC ADVISED, F35, REPORTED A UAS WHILE E BOUND AT FL210 53 S GILA BEND VORTAC (GBN). NO EVASIVE ACTION TAKEN. TOHONO O'ODAHAM NATION PD NOTIFIED.",12,2022-12
2022-12-15,FLORIDA,TALLAHASSEE,"PRELIM INFO FROM FAA OPS: TALLAHASSEE, FL/UAS SIGHTING/1252E/TALLAHASSEE APCH ADVISED, HAWKER BEECHCRAFT H25B, JAX - TLH, REPORTED A UAS OFF RIGHT SIDE OF THE ACFT WHILE WSW BOUND AT 5,200 FEET 21 E TLH. NO EVASIVE ACTION TAKEN. JEFFERSON COUNTY SHERIFF NOTIFIED.",12,2022-12
2022-12-15,CALIFORNIA,SAN JOSE,"PRELIM INFO FROM FAA OPS: SAN JOSE, CA/UAS SIGHTING/LATE REPORT-1343P/NORCAL TRACON ADVISED, PILATUS PC12, SQL - TUS, REPORTED UAS AT THE 9 O'CLOCK POSITION WHILE N BOUND AT 4,500 FEET 4 SSW SJC. EVASIVE ACTION NOT TAKEN. SAN JOSE PD NOTIFIED.",12,2022-12
2022-12-15,CALIFORNIA,LEMOORE,"PRELIM INFO FROM FAA OPS: LEMOORE, CA/UAS SIGHTING/1503P/LEMORE ATCT ADVISED, F18, REPORTED A HELO TYPE UAS OPERATING 1,000 FEET BELOW ACFT WHILE ORBITING AT 9,500 FEET 20 W LEMOORE. NO EVASIVE ACTION TAKEN. LOCAL LEOS TO BE NOTIFIED.",12,2022-12
2022-12-16,CALIFORNIA,OAKLAND,"PRELIM INFO FROM FAA OPS: OAKLAND, CA/UAS SIGHTING/1101P/OAKLAND ATCT ADVISED, B737, LAS - PDX, REPORTED UAS FROM THE 3 O'CLOCK POSITION WHILE WNW BOUND AT 2,200 FEET 6 ESE. NO EVASIVE ACTION REPORTED. LAW ENFORCEMENT NOTIFICATION NOT REPORTED.",12,2022-12
2022-12-16,FLORIDA,WEST PALM BEACH,"PRELIM INFO FROM FAA OPS: WEST PALM BEACH, FL/UAS SIGHTING/1403E/PALM BEACH ATCT ADVISED, A321, BOS - PBI, REPORTED WHITE UAS ON LEFT SIDE AT 500 FEET WHILE W BOUND NEAR SHORELINE 2 E PALM BEACH, FL. NO EVASIVE ACTION REPORTED. PALM BEACH SHERIFF AVIATION UNIT NOTIFIED.",12,2022-12
2022-12-16,FLORIDA,WEST PALM BEACH,"PRELIM INFO FROM FAA OPS: WEST PALM BEACH, FL/UAS SIGHTING/1413E/PALM BEACH ATCT ADVISED, BOMBARDIER CL35, BUF - PBI, OBSERVED A WHITE UAS ON RIGHT SIDE WHILE W BOUND AT 950 FEET 2 E PBI. NO EVASIVE ACTION REPORTED. PALM BEACH SHERIFF AVIATION UNIT NOTIFEID AT.",12,2022-12
2022-12-16,CALIFORNIA,LOS ANGELES,"PRELIM INFO FROM FAA OPS: LOS ANGELES, CA/UAS SIGHTING/1251P/SOCAL TRACON ADVISED, BEECH B350, VNY - SNA, REPORTED UAS AT 8,000 FEET WHILE S BOUND 10 NE LAX. NO EVASIVE ACTION TAKEN . LEO NOTIFIED.",12,2022-12
2022-12-17,FLORIDA,LAKELAND,"PRELIM INFO FROM FAA OPS: LAKELAND, FL/UAS SIGHTING/1422E/CENTRAL FLORIDA TRACON ADVISED, A321, DFW - MCO, REPORTED A 2 FOOT WIDE WHITE QUADCOPTER AT 3 O'CLOCK POSITION WHILE NE BOUND AT 8,700 FEET 25 SW MCO. NO EVASIVE ACTION REPORTED. LEO NOTIFIED.",12,2022-12
2022-12-17,ARIZONA,TUCSON,"PRELIM INFO FROM FAA OPS: TUCSON, AZ/UAS SIGHTING/1135M/TUCSON TRACON ADVISED, CESSNA C172, REPORTED RED AND SILVER IRONMAN UAS FROM THE 3 O'CLOCK POSITION WHILE W BOUND AT 8,500 FEET 6 E TUS. NO EVASIVE ACTION REPORTED. FBI NOTIFIED.",12,2022-12
2022-12-17,NEW YORK,NEW YORK,"PRELIM INFO FROM FAA OPS: NEW YORK, NY/UAS SIGHTING/1432E/NEW YORK (JFK) ATCT ADVISED, B77W, CHARLES DE GAULLE, FRANCE (LFPG) - JFK, REPORTED A UAS AT 11 O'CLOCK POSITION WHILE ON 4 MILE FINAL RUNWAY 31R. NO EVASIVE ACTION TAKEN. LEO NOTIFIED.",12,2022-12
2022-12-17,FLORIDA,LAKELAND,"PRELIM INFO FROM FAA OPS: LAKELAND, FL/UAS SIGHTING/1430E/CENTRAL FLORIDA TRACON ADVISED, A320, SAT - MCO, REPORTED A 2 FOOT WIDE WHITE QUADCOPTER AT 3 O'CLOCK POSITION WHILE NE BOUND AT 8,700 FEET 25 SW MCO. NO EVASIVE ACTION REPORTED. LEO NOTIFIED.",12,2022-12
2022-12-17,NEW JERSEY,TETERBORO,"PRELIM INFO FROM FAA OPS: TETERBORO, NJ/UAS SIGHTING/1456E/TETERBORO ATCT ADVISED, PILATUS PC12, TEB - BED, REPORTED UAS WHILE ON FINAL FOR RUNWAY 24 AT 1,100 FEET. NO EVASIVE ACTION REPORTED. LEO NOTIFIED.",12,2022-12
2022-12-17,CALIFORNIA,PALMDALE,"PRELIM INFO FROM FAA OPS: PALMDALE, CA/UAS SIGHTING/1230P/LOS ANGELES ARTCC ADVISED, GULFSTREAM GLF4,  REPORTED A 3 FOOT WIDE BLACK UAS AT 10 O'CLOCK POSITION WHILE NW BOUND AT FL220 10 NE FIM VOR. UAS PASSED WITHIN 50 FEET. NO EVASIVE ACTION REPORTED.  LEO NOTIFICATION NOT REPORTED.",12,2022-12
2022-12-18,FLORIDA,SARASOTA/BRADENTON,"PRELIM INFO FROM FAA OPS: SARASOTA-BRADENTON, FL/UAS SIGHTING/1436E/SARASOTA ATCT ADVISED, PARTENAVIA P68, EYW - SRQ, REPORTED RED AND WHITE UAS 100 FEET BELOW ACFT WHILE ON 2 MILE FINAL RUNWAY 32 AT 700 FEET. NO EVASIVE ACTION REPORTED. MANATEE COUNTY SHERIFF NOTIFIED.",12,2022-12
2022-12-18,FLORIDA,ORLANDO,"PRELIM INFO FROM FAA OPS: ORLANDO, FL/UAS SIGHTING/1525E/ORLANDO ATCT ADVISED, B39M, DEN - MCO, REPORTED A BLACK QUAD-TYPE UAS FROM THE 3 O'CLOCK POSITION WHILE N BOUND AT 1,200 FEET 10 S MCO. NO EVASIVE ACTION TAKEN. OSCEOLA PD NOTIFIED.",12,2022-12
2022-12-18,CALIFORNIA,PANOCHE,"PRELIM INFO FROM FAA OPS: PANOCHE, CA/UAS SIGHTING/1611P/NORCAL TRACON ADVISED, B737, BUR - OAK, REPORTED A UAS 1,000 FEET BELOW ACFT WHILE NW BOUND AT 14,000 FEET 37 NW PANOCHE VORTAC. NO EVASIVE ACTION TAKEN. STANISLAUS COUNTY SHERIFF NOTIFIED.",12,2022-12
2022-12-19,FLORIDA,FORT LAUDERDALE,"PRELIM INFO FROM FAA OPS: FORT LAUDERDALE, FL/UAS INCIDENT/1332E/FORT LAUDERDALE EXECUTIVE ATCT ADVISED, CESNNA C172, REPORTED A UAS WHILE NW BOUND AT 3,000 FEET 6 NW FXE. ACFT HAD TO MANEUVER AND CLIMB TO AVOID UAS. BROWARD COUNTY SHERIFF NOTIFIED.",12,2022-12
2022-12-20,CALIFORNIA,LOS ANGELES,"PRELIM INFO FROM FAA OPS: LOS ANGELES, CA/UAS SIGHTING/1141P/SOCAL TRACON ADVISED, B738, OAK - LAX, REPORTED LARGE WHITE UAS FROM THE 3 O'CLOCK POSITION WHILE ENE BOUND AT 6,000 FEET 7 NNE LAX. NO EVASIVE ACTION REPORTED. LAPD NOTIFIED.",12,2022-12
2022-12-20,CALIFORNIA,LOS ANGELES,"PRELIM INFO FROM FAA OPS: LOS ANGELES, CA/UAS SIGHTING/1145P/SOCAL TRACON ADVISED, A388, DUBAI, UNITED ARAB EMIRATES (OMDB) - LAX, REPORTED LARGE WHITE UAS 200 FEET ABOVE ACFT FROM THE 3 O'CLOCK POSITION WHILE ENE BOUND AT 6,000 FEET 7 NNE LAX. NO EVASIVE ACTION REPORTED. LAPD NOTIFIED.",12,2022-12
2022-12-20,CALIFORNIA,LOS ANGELES,"PRELIM INFO FROM FAA OPS: LOS ANGELES, CA/UAS SIGHTING/2033P/LOS ANGELES ATCT ADVISED, HELO, REPORTED UAS 500 FEET ABOVE ACFT FROM THE 3 O'CLOCK POSITION WHILE N BOUND AT 500 FEET 6 ENE LAX. NO EVASIVE ACTION TAKEN. GROUND UNITS EN ROUTE.",12,2022-12
2022-04-01,PENNSYLVANIA,PITTSBURGH,"PRELIM INFO FROM FAA OPS: PITTSBURGH, PA/UAS INCIDENT/2358E/ALLEGHENY COUNTY ATCT ADVISED, HELO,  REPORTED A UAS FROM THE 9 O'CLOCK POSITION WHILE S BOUND AT 1,600 FEET 6 N AGC. NO EVASIVE ACTION TAKEN. PITTSBURGH PD NOTIFIED WOC 7-3333 TB/ER",4,2022-04
2022-04-01,FLORIDA,MIAMI,"PRELIM INFO FROM FAA OPS: MIAMI, FL/UAS INCIDENT/1205E/MIAMI-OPA LOCKA ATCT ADVISED, HAWKER BEECHCRAFT H25B, DAL - OPF, REPORTED A UAS AT THE 12 O'CLOCK POSITION WHILE W BOUND AT 1,500 FEET 5 E OPF. NO EVASIVE ACTION TAKEN. MIAMI-DADE PD NOTIFIED. WOC 7-3333 HM/GG",4,2022-04
2022-04-01,WASHINGTON,SEATTLE,"PRELIM INFO FROM FAA OPS: SEATTLE, WA/UAS INCIDENT/1210P/SEATTLE TRACON ADVISED, CESSNA C680, HDN - BFI, OBSERVED TWO WHITE QUADCOPTER UAS WHILE NNE BOUND AT 3,000 FEET 15 WNW SEATTLE. NO EVASIVE ACTION TAKEN. KING COUNTY PD NOTIFIED VIA 911. WOC 7-3333 GG/JW",4,2022-04
2022-04-01,ALABAMA,MOBILE,"PRELIM INFO FROM FAA OPS: MOBILE, AL/UAS INCIDENT/1859C/MOBILE APCH ADVISED CANADIAN, LEARJET LJ45, BFM - FMY, REPORTED A WHITE QUADCOPTER UAS FROM THE 12 O'CLOCK POSITION WHILE SE BOUND AT 6,000 FEET 14 N SEMMES VOR. NO EVASIVE ACTION TAKEN. MOBILE COUNTY SHERIFF NOTIFIED. WOC 7-3333 TB/DJ",4,2022-04
2022-04-01,WASHINGTON,SEATTLE,"PRELIM INFO FROM FAA OPS: SEATTLE, WA/UAS INCIDENT/1805P/SEATTLE TRACON ADVISED, B39M, KEFLAVIK, ICELAND (BIKF) - SEA, REPORTED UAS 200 FEET ABOVE ACFT WHILE W BOUND AT 7,000 FEET 17 N SEA. NO EVASIVE ACTION REPORTED. PORT OF SEATTLE PD NOTIFIED VIA 911. WOC 7-3333 DJ/JG",4,2022-04
2022-04-02,NEW JERSEY,NEWARK,"PRELIM INFO FROM FAA OPS: NEWARK, NJ/UAS INCIDENT/1240E/NEWARK ATCT ADVISED, B738, DFW - EWR, OBSERVED A RED UAS WHILE SOUTHBOUND AT 1,300 FEET 3 N NEWARK. NO EVASIVE ACTION TAKEN. NEWARK ARPT PD NOTIFIED. WOC 7-3333 GG/JF",4,2022-04
2022-04-02,NEW JERSEY,NEWARK,"PRELIM INFO FROM FAA OPS: NEWARK, NJ/UAS INCIDENT/1242E/NEWARK ATCT ADVISED, A333, STOCKHOLM, SWEDEN (ESSA) - EWR, OBSERVED A RED UAS AT THE 3 O'CLOCK POSITION WHILE SOUTHBOUND AT 1,300 FEET 3 N NEWARK. NO EVASIVE ACTION TAKEN. NEWARK ARPT PD NOTIFIED. WOC 7-3333 GG/JF",4,2022-04
2022-04-02,NEW JERSEY,NEWARK,"PRELIM INFO FROM FAA OPS: NEWARK, NJ/UAS INCIDENT/1243E/NEWARK ATCT ADVISED, B763, LONDON, UNITED KINGDOM (EGLL) - EWR, REPORTED A RED UAS AT SAME ALTITUDE WHILE S BOUND AT 1,300 FEET 3 N EWR. NO EVASIVE ACTION TAKEN. NEWARK INTL ARPT PD NOTIFIED. WOC 7-3333 JF/GG",4,2022-04
2022-04-02,FLORIDA,FORT LAUDERDALE,"PRELIM INFO FROM FAA OPS: FORT LAUDERDALE, FL/UAS INCIDENT/1425E/MIAMI ARTCC ADVISED A20N, PWM - FLL, REPORTED A BLUE AND WHITE UAS FROM SAME ALTITUDE WHILE S BOUND AT 7,000 FEET 15 NE FLL. NO EVASIVE ACTION TAKEN. BROWARD COUNTY PD NOTIFIED. WOC 7-3333 JF/GG",4,2022-04
2022-04-02,TEXAS,FORT WORTH,"PRELIM INFO FROM FAA OPS: FORT WORTH, TX/UAS INCIDENT/1345C/ALLIANCE ATCT ADVISED, GULFSTREAM AEROSPACE G280, REPORTED A BLACK UAS  WHILE NNW BOUND AT 300 FEET ON FINAL FORT WORTH (AFW). NO EVASIVE ACTION REPORTED. LEO NOTIFICATION NOT REPORTED. WOC 7-3333 JW/GG",4,2022-04
2022-04-02,TENNESSEE,MURFREESBORO,"PRELIM INFO FROM FAA OPS: MURFREESBORO, TN/UAS INCIDENT/1347C/NASHVILLE APCH ADVISED MULTIPLE ACFT REPORTED A UAS AT 2,000 FEET 3 SE MURFREESBORO (MBT). NO EVASIVE ACTION TAKEN. MURFREESBORO PD NOTIFIED. WOC 7-3333 JW/GG",4,2022-04
2022-04-02,NEW JERSEY,TETERBORO,"PRELIM INFO FROM FAA OPS: TETERBORO, NJ/UAS INCIDENT/1745E/NEW YORK TRACON ADVISED, GULFSTREAM GLF4, REPORTED A GREEN UAS AT 2,500 FEET WHILE E BOUND 11 NW TEB. NO EVASIVE ACTION TAKEN. NJ HOMELAND SECURITY NOTIFIED. WOC 7-3333 RL/EF",4,2022-04
2022-04-03,ILLINOIS,SPRINGFIELD,"SPRINGFIELD, IL (SPI): ILU45X, P28A, TAZ-CMI, DURING DEPARTURE REPORTED A YELLOW DRONE 300 FEET ABOVE DEPARTURE END OF RWY 18 SOUTHBOUND. NO EVASIVE ACTION REPORTED. CLOSEST PROXIMITY: 50 FT AT 9 O'CLOCK POSITION. LAW ENFORCEMENT NOTIFICATION NOT REPORTED. 04/03/2022 1750Z",4,2022-04
2022-04-03,FLORIDA,ORLANDO,"PRELIM INFO FROM FAA OPS: ORLANDO, FL/UAS INCIDENT/1508E/ORLANDO ATCT ADVISED, LJ45, REPORTED A BLUE AND WHITE UAS AT 1,600 FEET ON LEFT SIDE OF NOSE WHILE ON 6.5 MILE FINAL RUNWAY36L. THE PILOT ADVISED IT LOOKED LIKE A SMALL BLIMP.  NO EVASIVE ACTION TAKEN. LEO NOTIFICATION NOT REPORTED. WOC 7-3333 EC/MK",4,2022-04
2022-04-03,CALIFORNIA,SAN FRANCISCO,"PRELIM INFO FROM FAA OPS: SAN FRANCISCO, CA/UAS INCIDENT/1410P/NORCAL TRACON ADVISED, B38M, SAV - MDW, REPORTED A BLACK UAS OF UNSPECIFIED SIZE AT 3,700 FEET WHILE NW BOUND 4 NE SFO. NO EVASIVE ACTION REPORTED. LEO NOTIFICATION NOT REPORTED. WOC 7-3333 EC/MK",4,2022-04
2022-04-03,CALIFORNIA,LOS ANGELES,"PRELIM INFO FROM FAA OPS: LOS ANGELES, CA/UAS INCIDENT/1347P/LOS ANGELES ATCT ADVISED, B789, AUCKLAND, NZ (NZAA) - LAX, REPORTED BLUE UAS 100 FEET ABOVE ACFT WHILE W BOUND AT 2,500 FEET ON 6 MILE FINAL TO RUNWAY 24R 8 E LAX. NO EVASIVE ACTION REPORTED. LAPD NOTIFIED. WOC 7-3333 MK/EC",4,2022-04
2022-04-03,WASHINGTON,SEATTLE,"PRELIM INFO FROM FAA OPS: SEATTLE, WA/UAS INCIDENT/1414P/SEATTLE TRACON ADVISED, E75L, SEA - ONT, REPORTED A BLACK UAS AT 3,500 FEET WHILE SE BOUND 4 SE SEA. NO EVASIVE ACTION REORTED. PORT OF SEATTLE PD NOTIFIED AT 911. WOC 7-3333 EC/MK",4,2022-04
2022-04-03,CALIFORNIA,SAN FRANCISCO,"PRELIM INFO FROM FAA OPS: SAN FRANCISCO, CA/UAS INCIDENT/1430P/SAN FRANCISCO ATCT ADVISED, A321, TORONTO, CANADA (CYYZ) - SFO, OBSERVED A RED UAS WHILE NW BOUND AT 1,800 FEET 5.5 E SFO. NO EVASIVE ACTION WAS TAKEN. SFO AIRPORT PD NOTIFIED. WOC 7-3333 EF/RL",4,2022-04
2022-04-03,OHIO,CLEVELAND,"PRELIM INFO FROM FAA OPS: CLEVELAND, OH/UAS INCIDENT/1838E/CLEVELAND TRACON ADVISED, BOMBARDIER CL35, REPORTED A UAS AT 7,200 FEET WHILE NW BOUND 13 SE CLEVELAND. NO EVASIVE ACTION TAKEN. FBI NOTIFIED. NUMBER NOT PROVIDED. WOC 7-3333 RL/EF",4,2022-04
2022-04-04,LOUISIANA,NEW ORLEANS,"PRELIM INFO FROM FAA OPS: NEW ORLEANS, LA/UAS INCIDENT/1125C/NEW ORLEANS APCH ADVISED, CESSNA C56X, AGS - MSY, REPORTED A UAS FROM THE RIGHT SIDE WHILE SE BOUND AT 1,600 FEET 5 WNW MSY. NO EVASIVE ACTION TAKEN. ST CHARLES PARISH SHERIFF NOTIFIED. WOC 7-3333 RC/MK",4,2022-04
2022-04-04,CALIFORNIA,LONG BEACH,"PRELIM INFO FROM FAA OPS: LONG BEACH, CA/UAS INCIDENT/1305P/LONG BEACH ATCT ADVISED, CESSNA C172, LGB - LGB, REPORTED A BLACK/YELLOW UAS WHILE W BOUND AT 800 FEET 2 E LGB. NO EVASIVE ACTION TAKEN. LONG BEACH PD NOTIFIED. WOC 7-3333 RC/MK",4,2022-04
2022-04-04,ARIZONA,PHOENIX,"PRELIM INFO FROM FAA OPS: PHOENIX, AZ/UAS INCIDENT/1334M/PHOENIX TRACON ADVISED, CRJ9, CALGARY, CANADA (CYYC) - PHX, REPORTED A GREEN UAS FROM THE 3 O'CLOCK WHILE E BOUND AT 7,000 FEET 7 WSW PHOENIX VOR. NO EVASIVE ACTION TAKEN. PHOENIX ARPT PD NOTIFIED. WOC 7-3333 RC/MK",4,2022-04
2022-04-04,CALIFORNIA,SAN DIEGO,"PRELIM INFO FROM FAA OPS: SAN DIEGO, CA/UAS INCIDENT/1640P/SAN DIEGO ATCT ADVISED, B737, OAK - SAN, OBSERVED A WHITE UAS OFF THE LEFT SIDE WHILE W BOUND AT 400 FEET .5 E SAN. NO EVASIVE ACTION WAS TAKEN. SAN DIEGO AIRPORT PD NOTIFIED. WOC 7-3333 EF/RL",4,2022-04
2022-04-05,FLORIDA,TAMPA,"PRELIM INFO FROM FAA OPS: TAMPA, FL/UAS INCIDENT/1410E/TAMPA ATCT ADVISED, E170, BNA - TPA, REPORTED A QUAD-COPTER UAS AT THE 3 O'CLOCK POSITION WHILE S BOUND AT 2,000 FEET NO EVASIVE ACTION TAKEN. FBI NOTIFIED. WOC 7-3333 HM/JO",4,2022-04
2022-04-05,PENNSYLVANIA,PHILADELPHIA,"PRELIM INFO FROM FAA OPS: PHILADELPHIA, PA/UAS INCIDENT/1715E/PHILADELPHIA APCH ADVISED, CRJ9, JAX - PHL, REPORTED AN ORANGE UAS OFF THE RIGHT SIDE WHILE S BOUND AT 4,000 FEET 6 NW PHL. NO EVASIVE ACTION TAKEN. AIRPORT PD NOTIFIED. WOC 7-3333 JO/JW",4,2022-04
2022-04-05,CALIFORNIA,LOS ANGELES,"PRELIM INFO FROM FAA OPS: LOS ANGELES, CA/UAS INCIDENT/1555P/LOS ANGELES ATCT ADVISED, B738, AUS - LAX, REPORTED UAS ON LEFT SIDE AT 1,800 FEET WHILE WSW BOUND 6 ENE LAX. NO EVASIVE ACTION TAKEN. LAX ARPT PD NOTIFIED. WOC 7-3333 RL/SY",4,2022-04
2022-04-06,OREGON,PORTLAND,"PRELIM INFO FROM FAA OPS: PORTLAND, OR/UAS INCIDENT/0845P/PORTLAND TRACON ADVISED, ATR AT72, PDX - MFR, REPORTED A UAS FROM THE 1 O'CLOCK POSITION WHILE S BOUND AT 8,000 FEET 10 SW PDX. NO EVASIVE ACTION TAKEN. PORT OF PORTLAND PD NOTIFIED. WOC 7-3333 JF/JO",4,2022-04
2022-04-06,FLORIDA,MIAMI,"PRELIM INFO FROM FAA OPS: MIAMI, FL/UAS INCIDENT/1215E/MIAMI TRACON ADVISED, CESSNA C560,  TMB - TORONTO, CANADA (CYYZ), REPORTED A UAS OFF THE LEFT SIDE WHILE W BOUND AT 3,000 FEET 6 W TMB. NO EVASIVE ACTION TAKEN. MIAMI-DADE PD NOTIFIED. WOC 7-3333 JO/HM",4,2022-04
2022-04-06,UTAH,SALT LAKE CITY,"PRELIM INFO FROM FAA OPS: SALT LAKE CITY, UT/UAS INCIDENT/1023M/SLC ATCT ADVISE, BCS1, SNA - SLC, REPORTED A WHITE QUAD-COPTER UAS 200 FEET BELOW AND OFF THE RIGHT SIDE OF THE ACFT, WHILE N BOUND AT 5,200 FEET 3 MILE FINAL RUNWAY 35. NO EVASIVE ACTION TAKEN. SLC ARPT PD NOTIFIED. WOC 7-3333 HM/JO",4,2022-04
2022-04-06,NORTH CAROLINA,GOLDSBORO,"PRELIM INFO FROM FAA OPS: GOLDSBORO, NC/UAS INCIDENT/1450E/GOLDSBORO ATCT ADVISED, B762, GSB - GSB, REPORTED A BLACK QUADCOPTER UAS 2,000 FEET BELOW ACFT WHILE SW BOUND AT 3,000 FEET 2 NE GSB. NO EVAISVE ACTION TAKEN. GSB ARPT PD NOTIFIED. WOC 7-3333 JO/HM",4,2022-04
2022-04-06,NEW YORK,NEW YORK,"PRELIM INFO FROM FAA OPS: NEW YORK, NY/UAS INCIDENT/1620E/JF KENNEDY ATCT ADVISED, B752, SLC - JFK, REPORTED A QUAD-COPTER UAS WHILE N BOUND AT 300 FEET SHORT FINAL RUNWAY 4R. NO EVASIVE ACTION TAKEN. NEW YORK PORT AUTHORITY NOTIFIED. WOC 7-3333 HM/JO",4,2022-04
2022-04-06,LOUISIANA,MONROE,"PRELIM INFO FROM FAA OPS: MONROE, LA/UAS INCIDENT/1615C/MONROE ATCT ADVISED, BELL B06, REPORTED A WHITE UAS 300 FEET BELOW ACFT WHILE E BOUND AT 1,200 FEET 5 WSW MLU. NO EVASIVE ACTION TAKEN. LEO NOTIFICATION NOT REPORTED. WOC 7-3333 HM/JO",4,2022-04
2022-04-06,FLORIDA,DAYTONA BEACH,"PRELIM INFO FROM FAA OPS: DAYTONA BEACH, FL/UAS INCIDENT/1851E/DAYTONA BEACH ATCT ADVISED, CESSNA C172, DAB - DAB, REPORTED A WHITE UAS WHILE N BOUND AT 2,800 FEET 3 SE DAB. ACFT TURNED RIGHT TO AVOID UAS. VOLUSIA COUNTY SHERIFF NOTIFIED. WOC 7-3333 TB/SY",4,2022-04
2022-04-06,COLORADO,LA JUNTA,"PRELIM INFO FROM FAA OPS: LA JUNTA, CO/UAS INCIDENT/1730M/DENVER ARTCC ADVISED, MOONEY M20P, UNKN - UNKN, REPORTED BLACK UAS FROM THE LEFT SIDE 100 FEET ABOVE ACFT WHILE NNW BOUND AT 10,100 FEET 20 S LA JUNTA. NO EVASIVE ACTION TAKEN. LA JUNTA PD NOTIFIED. WOC 7-3333 ER/TB",4,2022-04
2022-04-06,CALIFORNIA,OAKLAND,"PRELIM INFO FROM FAA OPS: OAKLAND, CA/UAS INCIDENT/1741P/NORCAL TRACON ADVISED, CESSNA C208, O69 - OAK, REPORTED UAS FROM THE 6 O'CLOCK POSITION WHILE SE BOUND AT 3,500 FEET 10 NW OAK. NO EVASIVE ACTION TAKEN. RICHMOND PD NOTIFIED. WOC 7-3333 JG/ER",4,2022-04
2022-04-07,TENNESSEE,NASHVILLE,"PRELIM INFO FROM FAA OPS: NASHVILLE, TN/UAS INCIDENT/1418C/NASHVILLE ATCT ADVISED, CESSNA C680, APF - BNA, OBSERVED A RED AND SILVER UAS WHILE NORTHWEST BOUND AT 10,500 FEET 22 SE NASHVILLE. NO EVASIVE ACTION. RUTHERFORD COUNTY SHERIFF NOTIFIED. WOC 7-3333 GG/JF",4,2022-04
2022-04-08,NORTH CAROLINA,COFIELD,"PRELIM INFO FROM FAA OPS: COFIELD, NC/UAS INCIDENT/1141E/NORFOLK APCH ADVISED , A320, ATL - ORF, REPORTED A RED AND BLACK UAS OFF THE RIGHT SIDE 300 FEET ABOVE ACFT WHILE NE BOUND AT 14,000 FEET OVER COFIELD VORTAC (CVI). NO EVASIVE ACTION TAKEN. AHOSKIE PD NOTIFIED. WOC 7-3333 JO/RC",4,2022-04
2022-04-08,ARIZONA,GLENDALE,"PRELIM INFO FROM FAA OPS: GLENDALE, AZ/UAS INCIDENT/1120M/GLENDALE FCT ADVISED, CESSNA C172, REPORTED A UAS 400 FEET BELOW ACFT WHILE N BOUND AT 700 FEET 1 S GEU. NO EVASIVE ACTION TAKEN. PHOENIX PD NOTIFIED. WOC 7-3333 JO/EC",4,2022-04
2022-04-08,NEW JERSEY,ATLANTIC CITY,"PRELIM INFO FROM FAA OPS: ATLANTIC CITY, NJ/UAS INCIDENT/1230E/ATLANTIC CITY ATCT, REPORTED THE AIR NATIONAL GUARD DETECTION SYSTEM DETECTED A UAS 2 NE ACY. GALLOWAY TOWNSHIP PD NOTIFIED. WOC 7-3333 JO/EC",4,2022-04
2022-04-08,FLORIDA,ORLANDO,"PRELIM INFO FROM FAA OPS: ORLANDO, FL/UAS INCIDENT/1314E/ORLANDO APCH ADVISED, A319, BDL - MCO, REPORTED A SILVER UAS 700 FEET BELOW THE 12 O'CLOCK POSITION WHILE S BOUND AT 7,000 FEET 5 ENE MCO. NO EVASIVE ACTION TAKEN. ORANGE COUNTY SHERIFF NOTIFIED. WOC 7-3333 RC/JO",4,2022-04
2022-04-08,IOWA,CEDAR RAPIDS,"PRELIM INFO FROM FAA OPS: CEDAR RAPIDS, IA/UAS INCIDENT/1400C/CEDAR RAPIDS APCH ADVISED, CRJ2, MSP - CID, REPORTED A WHITE QUADCOPTER UAS AT THE 12 O'CLOCK POSITION WHILE SE BOUND AT 2,000 FEET 7 SE CID. NO EVASIVE ACTION TAKEN. JOHNSON CITY PD NOTIFIED. WOC 7-3333 JO/RC",4,2022-04
2022-04-08,SOUTH DAKOTA,SIOUX FALLS,"SIOUX FALLS, SD (FSD): FSD TOWER REPORTED A DRONE HALF MILE SOUTHEAST OF AIRPORT HOVERING AT 200 AGL OVER THE STATE PRISON. TSA CONTACTED AND INVESTIGATED. 04/08/2022 1933Z",4,2022-04
2022-04-08,CALIFORNIA,FRESNO,"PRELIM INFO FROM FAA OPS: FRESNO, CA/UAS INCIDENT/1342P/FRESNO APCH ADVISED, A320, FAT - DEN, REPORTED A UAS 500 FEET BELOW ACFT WHILE N BOUND AT 5,000 FEET 4 N FAT. NO EVASIVE ACTION TAKEN. CLOVIS PD NOTIFIED. WOC 7-3333 JO/RC",4,2022-04
2022-04-08,ARIZONA,MESA,"PRELIM INFO FROM FAA OPS: MESA, AZ/UAS INCIDENT/1539M/FALCON FIELD ATCT ADVISED, STINSON S108, REPORTED A UAS FROM THE 2 O'CLOCK POSITION WHILE E BOUND AT 3,000 FEET 3 SE FFZ. NO EVASIVE ACTION TAKEN. MESA PD NOTIFIED. WOC 7-3333 TB/JG",4,2022-04
2022-04-09,CALIFORNIA,SAN JOSE,"PRELIM INFO FROM FAA OPS: SAN JOSE, CA/UAS INCIDENT/1040P/SAN JOSE ATCT ADVISED, E75L, LAX - SJC, REPORTED  A WHITE DJI PHANTOM QUADCOPTER AT 1,200 FEET WHILE ON 3 MILE FINAL. NO EVASIVE ACTION REPORTED. LEO NOTIFICATION REPORTED. WOC 7-3333 EC/MK",4,2022-04
2022-04-09,FLORIDA,MIAMI,"PRELIM INFO FROM FAA OPS: MIAMI, FL/UAS INCIDENT/1445E/MIAMI EXECUTIVE ATCT ADVISED, PIPER PA34, REPORTED A RED AND WHITE UAS  AND A BLUE RADIO CONTROLLED HELICOPTER 4 SW TMB.  CLOSEST  PROXIMITY TO REMOTE CONTROLLED HELO WAS 50 FEET. NO EVASIVE ACTION REPORTED. MIAMI-DADE PD WAS NOTIFIED. NO PHONE NUMBER WAS PROVIDED . WOC 7-3333 EC/MK",4,2022-04
2022-04-09,TEXAS,FORT WORTH,"PRELIM INFO FROM FAA OPS: FORT WORTH, TX/UAS INCIDENT/1355C/D10 TRACON ADVISED, PIPER PA28, REPORTED A UAS OFF THE DEPARTURE END OF RWY16. NO EVASIVE ACTION REPORTED. NO DESCRIPTION AVAILABLE. DFW DPS NOTIFIED. WOC 7-3333 MK/EC",4,2022-04
2022-04-09,NORTH CAROLINA,CHARLOTTE,"PRELIM INFO FROM FAA OPS: CHARLOTTE, NC/UAS INCIDENT/1627E/CHARLOTTE ATCT ADVISED, CRJ9, REPORTED A UAS OF UNSPECIFIED SIZE AND COLOR AT 4,000 FEET ON RIGHT SIDE OF AIRCRAFT WHILE NW BOUND 12 SE CLT. NO EVASIVE ACTION REPORTED. LEO NOTIFICATION WAS NOT REPORTED. WOC 7-3333 EC/MK",4,2022-04
2022-04-09,ILLINOIS,NORMAL,"PRELIM INFO FROM FAA OPS: BLOOMINGTON/NORMAL, IL/UAS INCIDENT/1645C/CHICAGO ARTCC ADVISED, PIPER PA27, JWN - EFT, REPORTED SHINY RED UAS 200 FEET BELOW ACFT WHILE NE BOUND AT 10,500 FEET 10 NE BLOOMINGTON. NO EVASIVE ACTION REPORTED. PILOT STATED UAS MAY BE A BALLOON. BLOOMINGTON PD NOTIFIED. WOC 7-3333 DJ/ER",4,2022-04
2022-04-09,TEXAS,SAN ANTONIO,"PRELIM INFO FROM FAA OPS: SAN ANTONIO, TX/UAS INCIDENT/1701C/SAN ANTONIO TRACON ADVISED, BEECH BE40, HOU - SAT, REPORTED A BLUE UAS FROM THE 9 O'CLOCK POSITION WHILE SW BOUND AT 2,500 FEET 4 SSW SAT. NO EVASIVE ACTION REPORTED. SAN ANTONIO PD NOTIFIED. WOC 7-3333 JG/ER",4,2022-04
2022-04-09,TEXAS,HOUSTON,"PRELIM INFO FROM FAA OPS: HOUSTON, TX/UAS INCIDENT/1700C/HOUSTON TRACON ADVISED, E145, IAH - LFT, REPORTED A UAS FROM THE 9 O'CLOCK POSITION WHILE E BOUND AT 13,000 FEET 20 E IAH. NO EVASIVE ACTION TAKEN. BAYTOWN PD NOTIFIED. WOC 7-3333 TB/JG",4,2022-04
2022-04-09,CALIFORNIA,MODESTO,"PRELIM INFO FROM FAA OPS: MODESTO, CA/UAS INCIDENT/2136P/NORCAL TRACON ADVISED, B738, RSW - SFO, REPORTED A UAS AT THE 12 O'CLOCK POSITION WHILE WSW BOUND AT 15,000 FEET 16 WSW MODESTO. NO EVASIVE ACTION REPORTED. PILOT STATED THE OBJECT COULD HAVE BEEN A BALLOON. LEO NOTIFICATION NOT PROVIDED. WOC 7-3333 DJ/ER",4,2022-04
2022-04-10,INDIANA,INDIANAPOLIS,"PRELIM INFO FROM FAA OPS: INDIANAPOLIS, IN/UAS INCIDENT/1105E/INDIANAPOLIS ATCT ADVISED, EUROCOPTER EC35, REPORTED A BLACK QUADCOPTER FROM THE 9 O'CLOCK POSITION WHILE E BOUND AT 1,600 FEET 6 ESE BRICKYARD VORTAC. NO EVASIVE ACTION TAKEN. MARION COUNTY SHERIFF NOTIFIED. WOC 7-3333 EF/SY",4,2022-04
2022-04-10,DISTRICT OF COLUMBIA,WASHINGTON,"PRELIM INFO FROM FAA OPS: WASHINGTON, DC/UAS INCIDENT/1144E/POTOMAC TRACON ADVISED, C37, ADW - BLV, REPORTED A YELLOW UAS ON LEFT SIDE AT 4,500 FEET WHILE W BOUND 4 E DCA. NO EVASIVE ACTION TAKEN. PRINCE GEORGE'S COUNTY PD NOTIFIED. WOC 7-3333 RL/SY",4,2022-04
2022-04-10,PUERTO RICO,SAN JUAN,"PRELIM INFO FROM FAA OPS: SAN JUAN, PUERTO RICO/UAS INCIDENT/1345L/SAN JUAN ATCT ADVISED, CESSNA C172, REPORTED UAS WHILE E BOUND AT 2,000 FEET 2 E SAN JUAN. NO EVASIVE ACTION TAKEN. SAN JUAN PD NOTIFIED. NUMBER NOT PROVIDED. WOC 7-3333 RL/SY",4,2022-04
2022-04-10,ILLINOIS,CHICAGO-WEST CHICAGO,"PRELIM INFO FROM FAA OPS: CHICAGO-WEST CHICAGO, IL/UAS INCIDENT/1255C/DUPAGE ATCT ADVISED, CESSNA C56X, LEX - DPA, REPORTED A RED UAS FROM THE 12 O'CLOCK POSITION WHILE N BOUND AT 4,500 FEET 4 W DUPAGE ARPT. NO EVASIVE ACTION TAKEN. WEST CHICAGO PD NOTIFIED. PHONE NUMBER NOT PROVIDED. WOC 7-3333 SZ/SY",4,2022-04
2022-04-10,CALIFORNIA,LOS ANGELES,"PRELIM INFO FROM FAA OPS: LOS ANGELES, CA/UAS INCIDENT/1154P/LOS ANGELES ATCT ADVISED, E75L, SFO - LAX, REPORTED A RED AND BLACK UAS AT 9 O'CLOCK POSITION 400 FEET BELOW WHILE WSW BOUND AT 1,300 FEET 4 ENE LOS ANGELES OVER SOFI STADIUM. NO EVASIVE ACTION TAKEN.  LOS ANGELES ARPT PD NOTIFIED. WOC 7-3333 SY/EF",4,2022-04
2022-04-10,FLORIDA,ORLANDO,"PRELIM INFO FROM FAA OPS: ORLANDO, FL/UAS INCIDENT/1830E/ORLANDO SANFORD ATCT ADVISED, CESSNA C172, SFB - SFB, REPORTED A WHITE AND GREY, MEDIUM SIZED, UAS WHILE E BOUND AT 950 FEET 1 MILE FINAL RUNWAY 9L. NO EVASIVE ACTION TAKEN. SEMINOLE COUNTY SHERIFF AVIATION UNIT NOTIFIED. WOC 7-3333 HM/JO",4,2022-04
2022-04-10,FLORIDA,PUNTA GORDA,"PRELIM INFO FROM FAA OPS: PUNTA GORDA, FL/UAS INCIDENT/2210E/FORT MYERS TRACON ADVISED, CESSNA C172, PGD - SFB, REPORTED A UAS WHILE E BOUND AT 3,000 FEET 5 E PGD. NO EVASIVE ACTION TAKEN. CHARLOTTE COUNTY SHERIFF NOTIFIED. WOC 7-3333 HM/JO",4,2022-04
2022-04-11,DISTRICT OF COLUMBIA,WASHINGTON D.C.,"PRELIM INFO FROM FAA OPS: WASHINGTON D.C., DC/UAS INCIDENT/1215E/POTOMAC TRACON ADVISED, B738, DCA - TPA, OBSERVED A UAS WHILE SOUTHBOUND AT 2,700 FEET, 3 S DCA. NO EVASIVE ACTION REPORTED. DC METRO PD NOTIFIED  (NO PHONE PROVIDED). WOC 7-3333 JA/EF",4,2022-04
2022-04-11,DISTRICT OF COLUMBIA,WASHINGTON,"PRELIM INFO FROM FAA OPS: WASHINGTON, DC/UAS INCIDENT/1215E/POTOMAC TRACON ADVISED , E190, DCA - FLL, REPORTED A BLACK UAS AT 2,700 FEET AFTER DEPARTURE 3 S DCA. NO EVASIVE ACTION TAKEN. LEO NOTIFICATION NOT REPORTED. WOC 7-3333 SY/JA",4,2022-04
2022-04-11,FLORIDA,MIAMI,"PRELIM INFO FROM FAA OPS: MIAMI, FL/UAS INCIDENT/1532E/OPA LOCKA ATCT ADVISED, BOMBARDIER CL60, REPORTED UAS AT 12 O'CLOCK POSITION AT 1,300 FEET WHILE SE BOUND 5 NW MIAMI-OPA LOCKA ARPT. ACFT MANEUVERED LEFT TO AVOID UAS. MIAMI DADE PD NOTIFIED. WOC 7-3333 SY/JA",4,2022-04
2022-04-11,PENNSYLVANIA,PHILADELPHIA,"PRELIM INFO FROM FAA OPS: PHILADELPHIA, PA/UAS INCIDENT/1801E/PHILADELPHIA ATCT ADVISED, E75L, BNA - PHL, REPORTED A BLACK QUAD COPTER AT 500 FT 1 E PHL. NO EVASIVE ACTION REPORTED. PHL PD NOTIFIED. WOC 7-3333 MK/JF",4,2022-04
2022-04-11,MARYLAND,BALTIMORE,"PRELIM INFO FROM FAA OPS: BALTIMORE, MD/UAS INCIDENT/2256E/BWI ATCT ADVISED , CRJ9, JFK - BWI, REPORTED QUAD-COPTER UAS WITH RED, WHITE, AND GREEN NAV LIGHTS AT THE 1 O'CLOCK POSITION WHILE E BOUND AT 500 FEET 2 W BWI. NO EVASIVE ACTION TAKEN. LEO NOTIFICATION NOT REPORTED. WOC 7-3333 HM/JF",4,2022-04
2022-04-12,ARIZONA,BUCKEYE,"PRELIM INFO FROM FAA OPS: BUCKEYE, AZ/UAS INCIDENT/0831M/ALBUQUERQUE ARTCC ADVISED USAF, 2/F35, REPORTED UAS 4,000 FEET ABOVE VIA SENSOR HIT WHILE WNW BOUND AT 17,000 FEET 24 S BUCKEYE. NO EVASIVE ACTION TAKEN.  MARICOPA COUNTY SHERIFF NOTIFIED. WOC 7-3333 SY/EF",4,2022-04
2022-04-12,ARIZONA,BUCKEYE,"PRELIM INFO FROM FAA OPS: BUCKEYE, AZ/UAS INCIDENT/0930M/ALBUQUERQUE ARTCC ADVISED, F35, REPORTED 2 UAS 1,000 FEET ABOVE VIA SENSOR HIT WHILE WNW BOUND AT 17,000 FEET 24 NW BUCKEYE. NO EVASIVE ACTION TAKEN. MARICOPA COUNTY SHERIFF NOTIFIED. WOC 7-3333 SZ/SY",4,2022-04
2022-04-12,PUERTO RICO,SAN JUAN,"PRELIM INFO FROM FAA OPS: SAN JUAN, PUERTO RICO/UAS INCIDENT/1325L/ISLA GRANDE ATCT ADVISED, PIPER P28A, REPORTED A WHITE QUADCOPTER UAS ON LEFT SIDE WHILE E BOUND AT 1,000 FEET 5 W FERNANDO LUIS RIBAS DOMINICCI ARPT. NO EVASIVE ACTION TAKEN. PUERTO RICO PORT AUTHORITY NOTIFIED. NUMBER NOT PROVIDED. WOC 7-3333 RL/SY",4,2022-04
2022-04-12,FLORIDA,JACKSONVILLE,"PRELIM INFO FROM FAA OPS: JACKSONVILLE, FL/UAS INCIDENT/2045E/JACKSONVILLE NAVAL STATION ATCT ADVISED, H60, NIP - NIP, REPORTED A QUADCOPTER UAS WHILE N BOUND AT 500 FEET  2 S NIP. NO EVASIVE ACTION TAKEN. NAVY REGIONAL DISPATCHER NOTIFIED. WOC 7-3333 JO/MK",4,2022-04
2022-04-12,CALIFORNIA,SAN DIEGO,"PRELIM INFO FROM FAA OPS: SAN DIEGO, CA/UAS INCIDENT/2002P/SAN DIEGO ATCT ADVISED, B737, SJC - SAN, REPORTED UAS WITH GREEN LIGHT REPORTED 1 S OF ARPT WHILE ON 1 MILE FINAL. 2 ACFT REPORTED UAS. THIRD ACFT (UAL 2200) WAS SENT AROUND. NO EVASIVE ACTION REPORTED. SAN DIEGO PD NOTIFIED. WOC 7-3333 MK/HM",4,2022-04
2022-04-13,FLORIDA,FORT LAUDERDALE,"PRELIM INFO FROM FAA OPS: FORT LAUDERDALE, FL/UAS INCIDENT/1215E/FORT LAUDERDALE ATCT ADVISED, CESSNA C56X, PCW - FLL, REPORTED A BLACK UAS FROM 50 FEET ABOVE THE 12 O'CLOCK POSITION WHILE E BOUND AT 1,500 FEET 3.5 W FLL. NO EVASIVE ACTION TAKEN. AVIATION UNIT NOTIFIED AT BROWARD COUNTY SHERIFF NOTIFIED WOC 7-3333 RC/JG",4,2022-04
2022-04-13,NORTH CAROLINA,CHARLOTTE,"PRELIM INFO FROM FAA OPS: CHARLOTTE, NC/UAS INCIDENT/1320E/CHARLOTTE TRACON ADVISED, A320, PVD - CLT, REPORTED A UAS WHILE S BOUND AT 2,700 FEET 9 N CLT. NO EVASIVE ACTION TAKEN. CHARLOTTE METRO PD NOTIFIED. WOC 7-3333 RC/ER",4,2022-04
2022-04-13,CALIFORNIA,CAMARILLO,"PRELIM INFO FROM FAA OPS: CAMARILLO, CA/UAS INCIDENT/1220P/CAMARILLO ATCT ADVISED, CIRRUS SR22, REPORTED A UAS ON 4 MILE FINAL RUNWAY 26 AT 1,000 FEET. NO EVASIVE ACTION REPORTED.  CAMARILLO PD NOTIFIED. WOC 7-3333 JG/ER",4,2022-04
2022-04-14,WASHINGTON,SEATTLE,"PRELIM INFO FROM FAA OPS: SEATTLE, WA/UAS INCIDENT/1547P/SEATTLE TRACON ADVISED, B738, SEA - LAS, REPORTED A RED UAS FROM THE 11 O'CLOCK POSITION WHILE S BOUND AT 6,100 FEET 8 SSE SEA. NO EVASIVE ACTION TAKEN. 911 NOTIFIED. WOC 7-3333 TB/JF",4,2022-04
2022-04-14,COLORADO,DENVER,"PRELIM INFO FROM FAA OPS: DENVER, CO/UAS INCIDENT/2000M/DENVER ARTCC ADVISED, B739, MSP - DEN, OBSERVED A UAS AT THE 3 O'CLOCK POSITION WHILE WESTBOUND AT 8,000 FEET 10 SE DENVER. NO EVASIVE ACTION TAKEN. DENVER INTL ARPT PD NOTIFIED. WOC 7-3333 GG/TL",4,2022-04
2022-04-15,NEW YORK,NEW YORK,"PRELIM INFO FROM FAA OPS: NEW YORK, NY/UAS INCIDENT/0951E/LAGUARDIA ATCT ADVISED, E190, LGA - JAX, REPORTED UAS FROM THE 1 O'CLOCK POSITION WHILE NNW BOUND AT 300 FEET OFF THE DEPARTURE END OF RUNWAY 31 LGA. NO EVASIVE ACTION TAKEN. NYPD NOTIFIED. WOC 7-3333 ER/RC",4,2022-04
2022-04-15,FLORIDA,ORLANDO,"PRELIM INFO FROM FAA OPS: ORLANDO, FL/UAS INCIDENT/1248E/ORLANDO INTERNATIONAL ATCT ADVISED, A321, CLT - MCO, REPORTED UAS FROM THE 11 O'CLOCK POSITION WHILE N BOUND AT 1,000 FEET 11 S MCO. NO EVASIVE ACTION TAKEN. OSCEOLA SHERIFF NOTIFIED. WOC 7-3333 ER/JG",4,2022-04
2022-04-15,ALABAMA,OZARK,"PRELIM INFO FROM FAA OPS: FORT RUCKER/OZARK, AL/UAS INCIDENT/1505C/JACKSONVILLE ARTCC ADVISED, CESSNA C172, OZARK, AL (71J) - 71J, REPORTED A UAS WHILE ENE BOUND AT 1,600 FEET 16 N OZR. NO EVASIVE ACTION TAKEN. DALE COUNTY SHERIFF NOTIFIED. WOC 7-3333 RC/ER",4,2022-04
2022-04-15,OHIO,CLEVELAND,"PRELIM INFO FROM FAA OPS: CLEVELAND, OH/UAS INCIDENT/1731E/CLEVELAND APCH ADVISED, GULFSTREAM AEROSPACE GLF5, PDK - BKL, REPORTED RED AND WHITE QUADCOPTER UAS AT THE 2 O'CLOCK POSITION 500 FEET BELOW ACFT WHILE N BOUND AT 4,500 FEET 16 ESE CLEVELAND. NO EVASIVE ACTION REPORTED. CLEVELAND PD NOTIFIED. WOC 7-3333 DJ/RC",4,2022-04
2022-04-15,MARYLAND,BALTIMORE,"PRELIM INFO FROM FAA OPS: BALTIMORE, MD/UAS INCIDENT/1710E/POTOMAC TRACON ADVISED, CIRRUS S22T, MYERSTOWN, PA - MYR, REPORTED BLACK UAS FROM THE 3 O'CLOCK POSITION AT SAME ALTITUDE WHILE SSE BOUND AT 8,000 FEET 23 SSE BWI. NO EVASIVE ACTION REPORTED. QUEEN ANNE'S SHERIFF NOTIFIED. WOC 7-3333 DJ/JG",4,2022-04
2022-04-15,WASHINGTON,SEATTLE,"PRELIM INFO FROM FAA OPS: SEATTLE, WA/UAS INCIDENT/1645P/SEATTLE TRACON ADVISED, CESSNA C182, REPORTED A UAS 100 FEET ABOVE ACFT WHILE W BOUND AT 4,000 FEET 1 N SEA. NO EVASIVE ACTION TAKEN. 911 NOTIFIED. WOC 7-3333 TB/JF",4,2022-04
2022-04-16,FLORIDA,BOCA RATON,"PRELIM INFO FROM FAA OPS: BOCA RATON, FL/UAS INCIDENT/0918E/BOCA RATON FCT ADVISED, CESSNA C240, BCT - NASSAU, BAHAMAS (MYNN), REPORTED A BLACK UAS 50 FEET FROM THE 9 O'CLOCK POSITION WHILE ENE BOUND AT 400 FEET 1 NE BCT. NO EVASIVE ACTION TAKEN. BOCA RATON PD NOTIFIED. WOC 7-3333 RC/JG",4,2022-04
2022-04-16,ILLINOIS,CHICAGO,"PRELIM INFO FROM FAA OPS: CHICAGO, IL/UAS INCIDENT/1255C/CHICAGO O'HARE ATCT ADVISED, B737, DAL - ORD, REPORTED A RED AND SILVER UAS WHILE W BOUND AT 3,500 FEET 10 E ORD. NO EVASIVE ACTION REPORTED. LAW ENFORCEMENT WAS NOT NOTIFIED. WOC 7-3333 JG/RC",4,2022-04
2022-04-16,ILLINOIS,CHICAGO,"PRELIM INFO FROM FAA OPS: CHICAGO, IL/UAS INCIDENT/1319C/CHICAGO O'HARE ATCT ADVISED, CRJ2, LIT - ORD, REPORTED A RED AND WHITE UAS FROM THE 2 O'CLOCK POSITION WHILE W BOUND AT 4,000 FEET 12 E ORD. NO EVASIVE ACTION REPORTED. CHICAGO PD NOTIFIED. WOC 7-3333 JG/RC",4,2022-04
2022-04-16,CALIFORNIA,VAN NUYS,"PRELIM INFO FROM FAA OPS: VAN NUYS, CA/UAS INCIDENT/1252P/VAN NUYS ATCT ADVISE, GULFSTREAM GLF4, FAT - VNY, REPORTED A UAS FROM THE 9 O'CLOCK POSITION WHILE SSE BOUND AT 2,000 FEET 3 NNW VNY. NO EVASIVE ACTION REPORTED. LAPD AIR SUPPORT NOTIFIED ON FREQUENCY. WOC 7-3333 JG/RC",4,2022-04
2022-04-16,FLORIDA,FORT LAUDERDALE,"PRELIM INFO FROM FAA OPS: FORT LAUDERDALE, FL/UAS INCIDENT/1620E/FORT LAUDERDALE ATCT ADVISED, A320, DCA - FLL, REPORTED A WHITE UAS 200 FEET BELOW WHILE E BOUND AT 2,000 FEET 9 W FLL. NO EVASIVE ACTION REPORTED. BROWARD COUNTY SHERIFFF NOTIFIED. WOC 7-3333 JG/RC",4,2022-04
2022-04-16,TEXAS,DALLAS,"PRELIM INFO FROM FAA OPS: DALLAS, TX/UAS INCIDENT/1835C/ADDISON ATCT ADVISED, PIPER CRUZ, ADS - ADS, REPORTED A BLUE AND YELLOW UAS APPROXIMATELY 2 FEET IN SIZE WHILE E BOUND AT 2,000 FEET 2 E ADS. PILOT MANEUVERED TO THE LEFT TO AVOID UAS. DFW AIRPORT DPS NOTIFIED. WOC 7-3333 JO/HM",4,2022-04
2022-04-16,CALIFORNIA,LOS ANGELES,"PRELIM INFO FROM FAA OPS: LOS ANGELES, CA/UAS INCIDENT/1708P/LOS ANGELES ATCT ADVISED , A320, DFW - LAX, REPORTED MULTIPLE UAS WHILE E BOUND W BOUND FOR RUNWAY 24L AT 1,200 FEET 3 E LAX. NO EVASIVE ACTION REPORTED. LAPD AIR UNIT NOTIFIED. WOC 7-3333 MK/HM",4,2022-04
2022-04-16,ALASKA,FAIRBANKS,"PRELIM INFO FROM FAA OPS: FAIRBANKS, AK/UAS INCIDENT/1819L/ANCHORAGE ARTCC ADVISED EIELSON AFB (EIL) SECURITY OBSERVED A UAS OPERATING IN THE BASE'S RESTRICTED AIRSPACE. BASE SECURITY CONFISCATED THE DJI MAVIC 2 UAS. OWNER OF UAS WAS NOT LOCATED. NO ACFT INVOLVED. ALASKA STATE PD NOTIFIED. WOC 7-3333 HM/JO",4,2022-04
2022-04-17,CALIFORNIA,MONTEREY,"PRELIM INFO FROM FAA OPS: MONTEREY, CA/UAS INCIDENT/0745P/MONTEREY ATCT ADVISED, GULFSTREAM GLF6, REPORTED A BLACK UAS 200 FEET BELOW ACFT WHILE E BOUND AT 1,000 FEET 2 W MONTEREY. NO EVASIVE ACTION TAKEN. MONTEREY PORT AUTHORITY NOTIFIED. WOC 7-3333 SZ/EF",4,2022-04
2022-04-17,MISSOURI,ST LOUIS,"PRELIM INFO FROM FAA OPS: ST LOUIS, MO/UAS INCIDENT/1108C/ST LOUIS ATCT ADVISED, PIPER PA46, REPORTED A BLACK QUADCOPTER 100 FEET ABOVE WHILE NE BOUND AT 3,200 FEET 3 W ST LOUIS. NO EVASIVE ACTION TAKEN. ST LOUIS COUNTY PD NOTIFIED. WOC 7-3333 RL/EF",4,2022-04
2022-04-17,DISTRICT OF COLUMBIA,WASHINGTON,"PRELIM INFO FROM FAA OPS: WASHINGTON, DC/UAS INCIDENT/1314E/POTOMAC TRACON ADVISED , PIPER P28A, REPORTED A WHITE UAS 500 FEET BELOW ACFT AT THE 12 O'CLOCK POSITION WHILE E BOUND AT 2,000 FEET. NO EVASIVE ACTION TAKEN. ANNE ARUNDEL PD NOTIFIED. WOC 7-3333 SZ/EF",4,2022-04
2022-04-17,INDIANA,INDIANAPOLIS,"PRELIM INFO FROM FAA OPS: INDIANAPOLIS, IN/UAS INCIDENT/1510E/INDIANAPOLIS ATCT ADVISED , A319, IND - PHX, REPORTED A GRAY UAS FROM THE 12 O'CLOCK POSITION WHILE TAXIING TO RUNWAY 23R AT IND. NO EVASIVE ACTION. TSA NOTIFIED VIA AIRPORT OPS. WOC 7-3333 JG/RC",4,2022-04
2022-04-17,CALIFORNIA,SACRAMENTO,"PRELIM INFO FROM FAA OPS: SACRAMENTO, CA/UAS INCIDENT/1400P/NORCAL TRACON ADVISED, C172,  PILOT REPORTED A UAS WHILE NORTH BOUND AT 6,500 FEET, 5 MILES W SACRAMENTO MCCLELLAN ARPT. UAS WAS OBSERVED OPERATING AN ALTITUDE BETWEEN 4,500-5,000 FEET. NO EVASIVE ACTION TAKEN. SACRAMENTO SHERIFF DEPARTMENT NOTIFIED. WOC 7-3333 JA/EF",4,2022-04
2022-04-17,NEVADA,LAS VEGAS,"PRELIM INFO FROM FAA OPS: LAS VEGAS, NV/UAS INCIDENT/1428P/LAS VEGAS ATCT ADVISED, HELO, OBSERVED A UAS WHILE S BOUND AT 3,000 FEET 3 N LAS. NO EVASIVE ACTION WAS TAKEN. LAS VEGAS METRO PD NOTIFIED. WOC 7-3333 EF/JA",4,2022-04
2022-04-17,CALIFORNIA,POMONA,"PRELIM INFO FROM FAA OPS: POMONA, CA/UAS INCIDENT/1524P/LOS ANGELES ARTCC ADVISED, B748, LAX - LUXEMBOURG (ELLX), REPORTED A WHITE UAS 300 FEET OFF THE RIGHT SIDE WHILE NE BOUND AT FL180 8 S POMONA VORTAC. NO EVASIVE ACTION TAKEN. LA HABRA PD NOTIFIED. WOC 7-3333 HM/JW",4,2022-04
2022-04-17,OKLAHOMA,NORMAN,"PRELIM INFO FROM FAA OPS: NORMAN, OK/UAS INCIDENT/1911C/OKLAHOMA CITY TRACON ADVISED, CESSNA C172, WILEY POST ARPT, OKLAHOMA CITY, OK (PWA) - PWA, REPORTED A QUADCOPTER UAS 1/2 MILE OFF THE LEFT SIDE WHILE N BOUND AT 4,000 FEET 1 W OUN. NO EVASIVE ACTION TAKEN. OKLAHOMA CITY PD NOTIFIED. WOC 7-3333 HM/JW",4,2022-04
2022-04-17,ILLINOIS,CHICAGO,"PRELIM INFO FROM FAA OPS: CHICAGO, IL/UAS INCIDENT/2202C/CHICAGO TRACON ADVISED, B712, MSP - ORD, REPORTED A UAS WHILE E BOUND AT 1,700 FEET 2 W ORD. NO EVASIVE ACTION TAKEN. LEO NOTIFICATION NOT REPORTED. WOC 7-3333 JO/HM",4,2022-04
2022-04-18,MAINE,BANGOR,"PRELIM INFO FROM FAA OPS: BANGOR, ME/UAS INCIDENT/0910E/BANGOR ATCT ADVISED BANGOR ATCT ADVISED ANG SECURITY FORCE REPORTED A UAS OPERATING IN THE VCNTY OF RAMADA HOTEL LOCATED ON THE SW CORNER OF THE AIPORT. NO IMPACT TO OPS. WOC 7-3333 EF/JA",4,2022-04
2022-04-18,KANSAS,TOPEKA,"PRELIM INFO FROM FAA OPS: TOPEKA, KS/UAS INCIDENT/1248C/KANSAS ARTCC ADVISED, K35R, REPORTED A WHITE UAS FROM ABOVE  AT 4,000 FEET WHILE NW BOUND .5 SE TOPEKA. NO EVASIVE ACTION TAKEN. TOPEKA PD NOTIFIED. WOC 7-3333 RL/EF",4,2022-04
2022-04-19,ILLINOIS,CHICAGO,"PRELIM INFO FROM FAA OPS: CHICAGO, IL/UAS INCIDENT/0915C/CHICAGO ATCT ADVISED CITY COMMAND CENTER DETECTED UAS OPEARTING AT 50 FEET 1 S ORD. NO IMPACT TO OPERATIONS. NO ACFT REPORTED UAS. ORD COMMUNICATION CENTER NOTIFIED. WOC 7-3333 DJ/RC",4,2022-04
2022-04-19,PENNSYLVANIA,PHILADELPHIA,"PRELIM INFO FROM FAA OPS: PHILADELPHIA, PA/UAS INCIDENT/1750E/PHILADELPHIA ATCT ADVISED, B763, IND - PHL, REPORTED A WHITE UAS AT THE 3 O'CLOCK POSITION WHILE S BOUND AT 5,500 FEET 5 S NORTHEAST PHILADELPHIA ARPT. NO EVASIVE ACTION REPORTED. PHL ARPT PD NOTIFIED. WOC 7-3333 DJ/RC",4,2022-04
2022-04-19,PENNSYLVANIA,PHILADELPHIA,"PRELIM INFO FROM FAA OPS: PHILADELPHIA, PA/UAS INCIDENT/1830E/PHILADELPHIA ATCT ADVISED, E75L, BNA - PHL, REPORTED WHITE QUAD COPTER HOVERING AT 3,000 FEET WHILEW BOUND INBOUND TO PHL RWY 27R 15 E PHL. NO EVASIVE ACTION REPORTED. PHL AIRPORT POLICE NOTIFIED. WOC 7-3333 MK/JO",4,2022-04
2022-04-19,PENNSYLVANIA,PHILADELPHIA,"PRELIM INFO FROM FAA OPS: /UAS INCIDENT/1847E/PHILADELPHIA ATCT ADVISED, A319, AUS - PHL, REPORTED WHITE QUAD COPTER HOVERING AT 3,000 FEET WHILE W BOUND TO PHL RWY 27R 15 E PHL. NO EVASIVE ACTION REPORTED. PHL AIRPORT POLICE NOTIFIED. WOC 7-3333 MK/JO",4,2022-04
2022-04-19,MINNESOTA,MINNEAPOLIS,"PRELIM INFO FROM FAA OPS: MINNEAPOLIS, MN/UAS INCIDENT/2144C/MINNEAPOLIS ATCT ADVISED MILITARY, C130, REPORTED A UAS FROM THE 12 O'CLOCK POSITION WHILE ESE AT 2,000 FEET ON 4 MILE FINAL RUNWAY 12L MSP. ACFT MANEUVERED TO AVOID UAS. LAW ENFORCEMENT NOTIFIED VIA 911. WOC 7-3333 JW/MK",4,2022-04
2022-04-19,MINNESOTA,MINNEAPOLIS,"PRELIM INFO FROM FAA OPS: MINNEAPOLIS, MN/UAS INCIDENT/2150C/MINNEAPOLIS ATCT ADVISED, A319, AUS - MSP, REPORTED A UAS FROM THE 12 O'CLOCK POSITION WHILE ESE BOUND AT 670 FEET ON 2 MILE FINAL MSP. NO EVASIVE ACTION TAKEN. LAW ENFORCEMENT NOTIFIED VIA 911. WOC 7-3333 JW/JO",4,2022-04
2022-04-20,OHIO,COLUMBUS,"CORRECTION INFO (LOCATION) FROM FAA OPS: COLUMBUS, OH/UAS INCIDENT/1314E/COLUMBUS ATCT ADVISED, CESSNA C421, LUK - CAK, REPORTED A YELLOW UAS WHILE SW BOUND AT 6,500 FEET 8 WSW CMH. NO EVASIVE ACTION TAKEN. OHIO STATE HWY PATROL NOTIFIED. WOC 7-3333 RC/JG",4,2022-04
2022-04-20,GEORGIA,ATLANTA,"PRELIM INFO FROM FAA OPS: ATLANTA, GA/UAS INCIDENT/1315E/DEKALB-PEACHTREE ATCT ADVISED, PIPER P28A, REPORTED A YELLOW UAS AT SAME ALTITUDE AT THE 3 O'CLOCK POSITION WHILE NNE BOUND AT 2,000 FEET 2 NW DEKALB PEACHTREE ARPT. NO EVASIVE ACTION REPORTED. CHAMBLEE PD NOTIFIED. WOC 7-3333 DJ/JG",4,2022-04
2022-04-20,CALIFORNIA,BURBANK,"PRELIM INFO FROM FAA OPS: BURBANK, CA/UAS INCIDENT/1117P/BURBANK ATCT ADVISED ROBINSON R44, REPORTED A BLACK UAS AT THE 10 O'CLOCK POSITION WHILE SSE BOUND AT 1,700 FEET 4.5 SE BUR. NO EVASIVE ACTION REPORTED. POLICE HELO NOTIFIED ON FREQUENCY. WOC 7-3333 JG/ER",4,2022-04
2022-04-20,TENNESSEE,SNOWBIRD,"PRELIM INFO FROM FAA OPS: SNOWBIRD, TN/UAS INCIDENT/1757E/ATLANTA ARTCC ADVISED, MOONEY M20P, DKX - EOE, REPORTED A UAS WHILE SE BOUND AT 1,100 FEET 25 SSW SNOWBIRD VOR. NO EVASIVE ACTION TAKEN. SWAIN COUNTY SHERIFF NOTIFIED. WOC 7-3333 DJ/JF",4,2022-04
2022-04-20,NEW JERSEY,NEWARK,"CORRECTION INFO (EVENT TYPE) FROM FAA OPS: NEWARK, NJ/UAS INCIDENT/2117E/NEW YORK TRACON ADVISED, BOMBARDIER GL5T, DAL - EWR, REPORTED A UAS AT SAME ALTITUDE WHILE NE BOUND AT 3,000 FEET 10 SW EWR. NO EVASIVE ACTION TAKEN. NJ HOMELAND SECURITY NOTIFIED. WOC 7-3333 DJ/RC",4,2022-04
2022-04-21,TENNESSEE,NASHVILLE,"PRELIM INFO FROM FAA OPS: NASHVILLE, TN/UAS INCIDENT/1205C/NASHVILLE APCH ADVISED CESSNA C650, REPORTED A WHITE UAS FROM THE 10 O'CLOCK POSITION WHILE NE BOUND AT 4,000 FEET 10 SE NASHVILLE. NO EVASIVE ACTION REPORTED. NASHVILLE ARPT PD NOTIFIED. WOC 7-3333 DJ/ER",4,2022-04
2022-04-21,NEW JERSEY,MORRISTOWN,"PRELIM INFO FROM FAA OPS: MORRISTOWN, NJ/UAS INCIDENT/1403E/MORRISTOWN ATCT ADVISED, CESSNA C172, MMU - MMU, REPORTED A UAS WHILE W BOUND AT 2,500 FEET 13 W MMU. NO EVASIVE ACTION TAKEN. DEPT OF HOMELAND SECURITY NOTIFIED. WOC 7-3333 RC/ER",4,2022-04
2022-04-21,CALIFORNIA,LOS ANGELES,"PRELIM INFO FROM FAA OPS: LOS ANGELES, CA/UAS INCIDENT/2055P/LOS ANGELES ATCT ADVISED , A320, EWR - LAX, REPORTED A UAS FROM THE 2 O'CLOCK POSITION WHILE WSW BOUND AT 200 FEET 1 ENE LAX. NO EVASIVE ACTION TAKEN. LAWA NOTIFIED. WOC 7-3333 TB/JF",4,2022-04
2022-04-21,CALIFORNIA,LOS ANGELES,"PRELIM INFO FROM FAA OPS: LOS ANGELES, CA/UAS INCIDENT/2057P/LOS ANGELES ATCT ADVISED, B752, EWR - LAX, REPORTED A UAS FROM THE 2 O'CLOCK POSITION WHILE WSW BOUND AT 200 FEET 1 ENE LAX. NO EVASIVE ACTION TAKEN. LAWA NOTIFIED. WOC 7-3333 TB/JF",4,2022-04
2022-04-21,CALIFORNIA,LOS ANGELES,"PRELIM INFO FROM FAA OPS: LOS ANGELES, CA/UAS INCIDENT/2059P/LOS ANGELES ATCT ADVISED, A321, DTW - LAX, REPORTED A UAS FROM THE 2 O'CLOCK POSITION WHILE WSW BOUND AT 200 FEET 1 ENE LAX. NO EVASIVE ACTION TAKEN. LAWA NOTIFIED. WOC 7-3333 TB/JF",4,2022-04
2022-04-22,OHIO,COLUMBUS,"PRELIM INFO FROM FAA OPS: COLUMBUS, OH/UAS INCIDENT/0903E/OHIO STATE UNIVERSITY ATCT ADVISED, CESSNA C172, REPORTED UAS 20 FEET ABOVE ACFT WHILE S BOUND AT 1,300 FEET 1 NE OHIO STATE UNIVERSITY ARPT. PILOT MANEUVERED TO AVOID UAS. COLUMBUS PD NOTIFIED. WOC 7-3333 DJ/SY",4,2022-04
2022-04-22,FLORIDA,ORLANDO,"PRELIM INFO FROM FAA OPS: ORLANDO, FL/UAS INCIDENT/1025E/CENTRAL FLORIDA TRACON ADVISED, CESSNA C56X, REPORTED A WHITE UAS AT 10 O'CLOCK POSITION AT 1,500 FEET WHILE ESE BOUND 9 W KISSIMMEE ARPT. NO EVASIVE ACTION TAKEN. OSCEOLA COUNTY SHERIFF NOTIFIED. WOC 7-3333 RL/SY",4,2022-04
2022-04-22,TEXAS,HOUSTON,"PRELIM INFO FROM FAA OPS: HOUSTON, TX/UAS INCIDENT/1045C/DAVID WAYNE HOOKS ATCT ADVISED, CESSNA C172, REPORTED A RED UAS AT 900 FEET WHILE S BOUND VCNTY DAVID WAYNE HOOKS MEMORIAL ARPT. NO EVASIVE ACTION TAKEN. HARRIS COUNTY SHERIFF NOTIFIED. WOC 7-3333 RL/SY",4,2022-04
2022-04-22,ARIZONA,BUCKEYE,"PRELIM INFO FROM FAA OPS: BUCKEYE, AZ/UAS INCIDENT/0900M/ALBUQUERQUE ARTCC ADVISED 2/F35, REPORTED 2 UAS SIGHTINGS WHILE E BOUND AT FL230 40 NWW BXK VOR. NO EVASIVE ACTION TAKEN. ATO LEO LIAISON NOTIFIED AT. WOC 7-3333 RC/SZ",4,2022-04
2022-04-22,TEXAS,HOUSTON,"PRELIM INFO FROM FAA OPS: HOUSTON, TX/UAS INCIDENT/1115C/HOUSTON TRACON ADVISED , E145, IAH - CRP, REPORTED A UAS FROM THE 3 O'CLOCK POSITION WHILE S BOUND AT 10,500 FEET 11 SSE HOUSTON. NO EVASIVE ACTION TAKEN. HOUSTON PD NOTIFIED. WOC 7-3333 SZ/SY",4,2022-04
2022-04-22,ARIZONA,GLENDALE,"PRELIM INFO FROM FAA OPS: GLENDALE, AZ/UAS INCIDENT/1130M/W-ROC ADVISED, F35, REPORTED 8 SILVER UAS BETWEEN 16,000 AND 21,000 FEET 17 NW LUF. NO EVASIVE ACTION TAKEN. LEO NOTIFICATION NOT REPORTED. WOC 7-3333 JF/TL",4,2022-04
2022-04-22,NORTH CAROLINA,GREENSBORO,"PRELIM INFO FROM FAA OPS: GREENSBORO, NC/UAS INCIDENT/1711E/GREENSBORO ATCT ADVISED, DIAMOND DA40, REPORTED UAS ON RIGHT SIDE 400 FEET ABOVE WHILE NE BOUND AT 3,100 FEET 15 SW GREENSBORO. NO EVASIVE ACTION TAKEN.  LEO NOT NOTIFIED. WOC 7-3333 RL/SY",4,2022-04
2022-04-22,TENNESSEE,CHATTANOOGA,"PRELIM INFO FROM FAA OPS: CHATTANOOGA, TN/UAS INCIDENT/1717E/CHATTANOOGA ATCT ADVISED, TEX2, OBSERVED A UAS 100 FEET ABOVE THE 12 O'CLOCK POSITION WHILE NNW BOUND AT 1,600 FEET 1 SSE CHA. NO EVASIVE ACTION TAKEN. LEO NOTIFICATION NOT REPORTED. WOC 7-3333 JF/TL",4,2022-04
2022-04-22,CALIFORNIA,BURBANK,"PRELIM INFO FROM FAA OPS: BURBANK, CA/UAS INCIDENT/2157P/BURBANK ATCT REPORTED UNAUTHORIZED UAS OPERATING AT UNKN ALTITUDE AT BUR. NO ACFT INVOLVED. BURBANK ARPT PD NOTIFIED VIA DIRECT LINE. WOC 7-3333 JF/TB",4,2022-04
2022-04-23,MASSACHUSETTS,BOSTON,"PRELIM INFO FROM FAA OPS: BOSTON, MA/UAS INCIDENT/1038E/BOSTON TRACON ADVISED, PIPER P28A, REPORTED WHITE UAS AT 12 O'CLOCK POSITION 500 FEET BELOW WHILE S BOUND AT 7,500 FEET 15 S BOS. NO EVASIVE ACTION TAKEN.  MASSACHUSETTS STATE POLICE NOTIFIED. WOC 7-3333 RL/SY",4,2022-04
2022-04-23,ALASKA,FAIRBANKS,"PRELIM INFO FROM FAA OPS: FAIRBANKS, AK/UAS INCIDENT/0808A/EIELSON AFB SECURITY ADVISED A DJI MAVIC ZOOM 2 2 FOOT BLACK UAS ENTERED THE EIELSON NO FLY ZONE AT UNKN ALTITUDE AND LOCATION. NO ACFT INVOLVED. THE ALASKA STATE PD WAS NOTIFIED. EIELSON SECURITY NUMBER IS. WOC 7-3333 GG/EC",4,2022-04
2022-04-23,CALIFORNIA,LOS ANGELES,"PRELIM INFO FROM FAA OPS: LOS ANGELES, CA/UAS INCIDENT/0915P/LOS ANGELES ATCT ADVISED, E75L, PHX - LAX, REPORTED A WHITE QUADCOPTER UAS WHILE WSW BOUND AT 1,000 FEET 3 ENE LAX. NO EVASIVE ACTION TAKEN. LOS ANGELES ARPT PD NOTIFIED. WOC 7-3333 RL/SY",4,2022-04
2022-04-23,CALIFORNIA,LOS ANGELES,"PRELIM INFO FROM FAA OPS: LOS ANGELES, CA/UAS INCIDENT/0948P/LOS ANGELES ATCT ADVISED, A320, PHX - LAX, REPORTED A WHITE QUADCOPTER UAS WHILE WSW BOUND AT 1,000 FEET 3 ENE LAX. NO EVASIVE ACTION TAKEN. LOS ANGELES ARPT PD NOTIFIED. WOC 7-3333 RL/SY",4,2022-04
2022-04-23,MICHIGAN,GRAND RAPIDS,"PRELIM INFO FROM FAA OPS: GRAND RAPIDS, MI/UAS INCIDENT/1255E/CHICAGO ARTCC ADVISED, BOMBARDIER CL30, REPORTED UAS 1,000 FEET BELOW WHILE ESE BOUND AT 13,500 FEET 40 E PULLMAN VOR. NO EVASIVE ACTION TAKEN.  HASTINGS PD NOTIFIED. NUMBER NOT PROVIDED. WOC 7-3333 RL/SY",4,2022-04
2022-04-23,FLORIDA,ORLANDO,"PRELIM INFO FROM FAA OPS: ORLANDO, FL/UAS INCIDENT/1306E/CENTRAL FLORIDA TRACON ADVISED, CESSNA C182, REPORTED A BLACK QUADCOPTER UAS AT 2 O'CLOCK POSITION WHILE N BOUND AT 2,000 FEET 7 NW ORLANDO EXECUTIVE ARPT. NO EVASIVE ACTION TAKEN. ORLANDO PD AVIATION DEPARTMENT NOTIFIED. WOC 7-3333 RL/SY",4,2022-04
2022-04-23,FLORIDA,WEST PALM BEACH,"PRELIM INFO FROM FAA OPS: WEST PALM BEACH, FL/UAS INCIDENT/1620E/MIAMI ARTCC ADVISED, LEARJET LJ70, BCT - APF, REPORTED UAS FROM THE 1 O'CLOCK POSITION WHILE W BOUND AT 10,000 FEET 20 WSW WEST PALM BEACH. NO EVASIVE ACTION TAKEN. PALM BEACH COUNTY SHERIFF NOTIFIED. WOC 7-3333 SZ/SY",4,2022-04
2022-04-23,FLORIDA,WEST PALM BEACH,"PRELIM INFO FROM FAA OPS: WEST PALM BEACH, FL/UAS INCIDENT/1745E/PBI ATCT ADVISED, A321, BOS - PBI, REPORTED  A WHITE MEDIUM-SIZED QUADCOPTER UAS ON LEFT SIDE OF AIRCRAFT 4 MILES W PBI. NO EVASIVE ACTION TAKEN REPORTED. LOCAL LEO NOTIFIED. PHONE NUMBER NOT PROVIDED. WOC 7-3333 EC/GG",4,2022-04
2022-04-23,FLORIDA,WEST PALM BEACH,"PRELIM INFO FROM FAA OPS: WEST PALM BEACH, FL/UAS INCIDENT/LATE REPORT-4/23 1745E/PALM BEACH ATCT ADVISED, GULFSTREAM GALX, PDK - PBI, REPORTED A WHITE UAS FROM THE 9 O'CLOCK POSITION WHILE E BOUND AT 2,000 FEET 4 W PBI. NO EVASIVE ACTION TAKEN. PALM BEACH COUNTY SHERIFF NOTIFIED. WOC 7-3333 RC/ER",4,2022-04
2022-04-23,TEXAS,SAN ANTONIO,"PRELIM INFO FROM FAA OPS: SAN ANTONIO, TX/UAS INCIDENT/1950C/STINSON ATCT ADVISED, ROBINSON R44, OBSERVED A WHITE UAS AT THE 12 O'CLOCK POSITION WHILE SOUTHEAST BOUND AT 1,700 FEET 4 N STINSON MUNI ARPT. NO EVASIVE ACTION TAKEN. SAN ANTONIO PD NOTIFIED. WOC 7-3333 GG/EC",4,2022-04
2022-04-24,GEORGIA,DUBLIN,"PRELIM INFO FROM FAA OPS: DUBLIN, GA/UAS INCIDENT/0740E/ATLANTA ARTCC ADVISED, A320, SAV - ATL, REPORTED A WHITE UAS AT 3 O'CLOCK POSITION AT FL180 WHILE S BOUND VCNTY DUBLIN. NO EVASIVE ACTION TAKEN. LAURENS COUNTY SHERIFF NOTIFIED. WOC 7-3333 SY/JW",4,2022-04
2022-04-24,FLORIDA,ORLANDO,"CORRECTION INFO (CALLSIGN) FROM FAA OPS: ORLANDO, FL/UAS INCIDENT/1123E/CENTRAL FLORIDA TRACON ADVISED, B763, ATL - MCO, REPORTED A BLACK UAS 200 FEET BELOW ACFT WHILE W BOUND AT 3,000 FEET 5 SE ORLANDO (ISM). NO EVASIVE ACTION TAKEN. OSCEOLA COUNTY SHERIFF NOTIFIED. WOC 7-3333 JW/SY",4,2022-04
2022-04-24,PENNSYLVANIA,PHILADELPHIA,"PRELIM INFO FROM FAA OPS: PHILADELPHIA, PA/UAS INCIDENT/1157E/PHILADELPHIA TRACON ADVISED , E75L, ATL - PHL, REPORTED A WHITE UAS AT 2 O'CLOCK POSITION AT 4,300 FEET WHILE NW BOUND 16 WSW PHL. NO EVASIVE ACTION TAKEN. SECRET SERVICE NOTIFIED. NO PHONE NUMBER PROVIDED. WOC 7-3333 SY/JW",4,2022-04
2022-04-24,NEW YORK,DEER PARK,"PRELIM INFO FROM FAA OPS: DEER PARK, NY/UAS INCIDENT/1205E/NEW YORK TRACON ADVISED, B764, LEMD - JFK, REPORTED A UAS WHILE W BOUND AT 4,000 FEET 5 S DEER PARK VOR. NO EVASIVE ACTION TAKEN. SUFFOLK COUNTY PD NOTIFIED. WOC 7-3333 JW/SY",4,2022-04
2022-04-24,CALIFORNIA,LAKE HUGHES,"PRELIM INFO FROM FAA OPS: LAKE HUGHES, CA/UAS INCIDENT/1051P/SOCAL TRACON ADVISED, CIRRUS S22T, REPORTED A GRAY/WHITE UAS FROM THE 12 O'CLOCK POSITION WHILE SE BOUND AT 9,000 FEET 10 SE LAKE HUGHES VOR. NO EVASIVE ACTION TAKEN. LA COUNTY SHERIFF NOTIFIED. WOC 7-3333 JW/SY",4,2022-04
2022-04-24,GEORGIA,ATLANTA,"PRELIM INFO FROM FAA OPS: ATLANTA, GA/UAS INCIDENT/1425E/ATLANTA TRACON ADVISED, PIPER PA31, REPORTED UAS AT 9 O'CLOCK POSITION AT 4,000 FEET WHILE N BOUND 25 ENE ATL. NO EVASIVE ACTION TAKEN. WALTON COUNTY SHERIFF NOTIFIED. WOC 7-3333 SY/JW",4,2022-04
2022-04-24,TEXAS,HOUSTON,"PRELIM INFO FROM FAA OPS: HOUSTON, TX/UAS INCIDENT/1510C/HOUSTON TRACON ADVISED , CESSNA C172, CXO - CXO, REPORTED A SILVER UAS 200 FEET BELOW ACFT WHILE NNW BOUND AT 1,800 FEET 14 N HOUSTON (CXO). NO EVASIVE ACTION TAKEN. WALKER COUNTY SHERIFF NOTIFIED. WOC 7-3333 JW/SY",4,2022-04
2022-04-24,CALIFORNIA,SAN DIEGO,"PRELIM INFO FROM FAA OPS: SAN DIEGO, CA/UAS INCIDENT/1320P/SAN DIEGO ATCT ADVISED, B737, SMF - SAN, REPORTED UAS AT 9 O'CLOCK POSITION AT 2,000 FEET WHILE W BOUND 5 E SAN DIEGO. NO EVASIVE ACTION TAKEN. SAN DIEGO PD NOTIFIED. WOC 7-3333 SY/JW",4,2022-04
2022-04-24,NEW YORK,NEW YORK,"PRELIM INFO FROM FAA OPS: NEW YORK, NY/UAS INCIDENT/1742E/NEW YORK TRACON ADVISED, E75S, VPS - LGA, REPORTED A UAS FROM THE 9 O'CLOCK POSITION WHILE NE BOUND AT 4,000 FEET 15 SW LGA. NO EVASIVE ACTION TAKEN. NEW YORK PD NOTIFIED. WOC 7-3333 JW/SY",4,2022-04
2022-04-24,TEXAS,HOUSTON,"PRELIM INFO FROM FAA OPS: HOUSTON, TX/UAS INCIDENT/1910C/HOUSTON ATCT ADVISED, B737, MSP - IAH, REPORTED A SILVER UAS WHILE E BOUND AT 3,500 FEET 7 NW IAH. NO EVASIVE ACTION REPORTED. HOUSTON PD AIR DIVISION NOTIFIED. WOC 7-3333 JG/RC",4,2022-04
2022-04-25,TEXAS,EL PASO,"PRELIM INFO FROM FAA OPS: EL PASO, TX/UAS INCIDENT/LATE REPORT - 0945M/EL PASO ATCT ADVISED, HELO, REPORTED A UAS WHILE N BOUND AT 4,500 FEET 8 WSW ELP. NO EVASIVE ACTION TAKEN. LEO NOTIFICATION NOT REPORTED. WOC 7-3333 HM/JO",4,2022-04
2022-04-25,FLORIDA,FORT LAUDERDALE,"PRELIM INFO FROM FAA OPS: FORT LAUDERDALE, FL/UAS INCIDENT/1233E/FORT LAUDERDALE ADVISED, EUROCOPTER EC-30, REPORTED A RED UAS AT THE 12 O'CLOCK POSITION WHILE S BOUND AT 200 FEET 5 NE FLL. ACFT DESCENDED TO 100 FEET TO AVOID THE UAS. BROWARD COUNTY SHERIFF NOTIFIED. WOC 7-3333 JO/HM",4,2022-04
2022-04-25,ARIZONA,GLENDALE,"PRELIM INFO FROM FAA OPS: GLENDALE, AZ/UAS INCIDENT/1128M/LUKE AFB ADVISED, F16, REPORTED A WHITE UAS WHILE NE BOUND AT 500 FEET 2 SW LUF. NO EVASIVE ACTION TAKEN. COMMAND POST NOTIFIED. WOC 7-3333 HM/GG",4,2022-04
2022-04-25,FLORIDA,JACKSONVILLE,"PRELIM INFO FROM FAA OPS: JACKSONVILLE, FL/UAS INCIDENT/1710E/JACKSONVILLE NAS ATCT ADVISED, C40, OBSERVED A UAS AT 1,500 FEET 2.5 NW JACKSONVILLE NAS ARPT. NO EVASIVE ACTION TAKEN. ARPT OPS PD NOTIFIED, NO PHONE NUMBER PROVIDED. WOC 7-3333 GG/HM",4,2022-04
2022-04-25,ARIZONA,GOODYEAR,"PRELIM INFO FROM FAA OPS: GOODYEAR, AZ/UAS INCIDENT/1623M/GOODYEAR ATCT ADVISED, STINSON S108, REPORTED A UAS  WILE NNE BOUND AT 2,500 FEET 3 NNE GYR. NO EVASIVE ACTION. LAW ENFORCEMENT NOTIFIED VIA 911. WOC 7-3333 JG/RC",4,2022-04
2022-04-26,MASSACHUSETTS,BOSTON,"CLOSE-OUT INFO FROM FAA OPS: BOSTON, MA/UAS INCIDENT/1600E/BOSTON TRACON ADVISED, E75S, JFK - BOS, THE ARRIVAL RUNWAY WAS CHANGED TO AVOID THE AREA. NORMAL ARRIVAL CONFIGURATION TO RUNWAY 22L RESUMED AT 1446E. WOC 7-3333 HM/JO",4,2022-04
2022-04-26,OREGON,PORTLAND,"PRELIM INFO FROM FAA OPS: PORTLAND, OR/UAS INCIDENT/1300P/PORTLAND ATCT ADVISED, B737, LAS - PDX, OBSERVED A 4 ROTOR BROWN UAS AT THE 9 O'CLOCK POSITION WHILE WESTBOUND AT 1,000 FEET 5 E PORTLAND. NO EVASIVE ACTION TAKEN. LEO NOTIFICATION NOT REPORTED. WOC 7-3333 GG/JO",4,2022-04
2022-04-26,DISTRICT OF COLUMBIA,WASHINGTON,"PRELIM INFO FROM FAA OPS: WASHINGTON, DC/UAS INCIDENT/2147E/WASHINGTON NATIONAL ATCT ADVISED, H60, REPORTED A UAS WHILE SW BOUND AT 300 FEET 1 E DCA. NO INJURIES REPORTED. DC METRO PD NOTIFIED. WOC 7-3333 JG/ER",4,2022-04
2022-04-26,CALIFORNIA,LOS ANGELES,"PRELIM INFO FROM FAA OPS: LOS ANGELES, CA/UAS INCIDENT/2246P/LOS ANGELES ATCT ADVISED , A321, JFK - LAX, REPORTED A BLACK UAS FROM THE 3 O'CLOCK POSITION WHILE WSW BOUND AT 15,000 FEET 7 ENE LAX. NO EVASIVE ACTION. LEO NOTIFICATION NOT REPORTED. WOC 7-3333 JG/ER",4,2022-04
2022-04-27,NEW YORK,NEW YORK,"PRELIM INFO FROM FAA OPS: NEW YORK, NY/UAS INCIDENT/0659E/JOHN F KENNEDY ATCT ADVISED, BCS1, BOS - JFK, REPORTED A WHITE 2 BLADE UAS OFF THE LEFT SIDE WHILE NW BOUND AT 1,000 FEET 3 SE JFK. NO EVASIVE ACTION TAKEN. AIRPORT OPERATION CENTER NOTIFIED. WOC 7-3333 JO/JW",4,2022-04
2022-04-27,MASSACHUSETTS,NORWOOD,"PRELIM INFO FROM FAA OPS: NORWOOD, MA/UAS INCIDENT/0858E/NORWOOD ATCT ADVISED, CESSNA C172, OWD - OWD, REPORTED A UAS WHILE E BOUND AT 1,000 FEET 1 W OWD. NO EVASIVE ACTION TAKEN. NORWOOD PD NOTIFIED. WOC 7-3333 JO/JW",4,2022-04
2022-04-27,FLORIDA,MIAMI,"PRELIM INFO FROM FAA OPS: MIAMI, FL/UAS INCIDENT/1000E/MIAMI APCH ADVISED, A319, MIA - TPA, REPORTED A UAS AT 3,000 FEET 10 W MIA. NO EVASIVE ACTION TAKEN. DADE COUNTY AVIATION UNIT NOTIFIED. WOC 7-3333 TB/EC",4,2022-04
2022-04-27,FLORIDA,FORT LAUDERDALE,"PRELIM INFO FROM FAA OPS: FORT LAUDERDALE, FL/UAS INCIDENT/1141E/MIAMI APCH ADVISED, A321, JFK - FLL, REPORTED A UAS FROM THE 3 O'CLOCK POSITION WHILE E BOUND AT 3,000 FEET 12 W FLL. NO EVASIVE ACTION TAKEN. BROWARD COUNTY SHERIFF NOTIFIED. WOC 7-3333 TB/EC",4,2022-04
2022-04-27,FLORIDA,TAMPA,"PRELIM INFO FROM FAA OPS: TAMPA, FL/UAS INCIDENT/1457E/TAMPA TRACON ADVISED, BEECH BE58, REPORTED A UAS OFF THE RIGHT SIDE WHILE SW BOUND AT 2,400 FEET 8 SSE TPA. NO EVASIVE ACTION TAKEN. HILLSBOROUGH CO SHERIFF DEPT NOTIFIED. WOC 7-3333 JO/TL",4,2022-04
2022-04-27,ILLINOIS,CHICAGO,"PRELIM INFO FROM FAA OPS: CHICAGO, IL/UAS INCIDENT/1500E/CHICAGO TRACON ADVISED, IAI GALX, REPORTED A UAS FROM THE 2 O'CLOCK POSITION WHILE NE BOUND AT 2,500 FEET 4 SW MDW. NO EVASIVE ACTION TAKEN. JUSTICE PD NOTIFIED. WOC 7-3333 TB/EC",4,2022-04
2022-04-27,NEVADA,LAS VEGAS,"PRELIM INFO FROM FAA OPS: LAS VEGAS, NV/UAS INCIDENT/2030P/LAS VEGAS ATCT ADVISED, HELO, REPORTED A QUADCOPTER AT 9 O'CLOCK POSITION BELOW WHILE E BOUND AT 2,500 FEET .5 NW LAS VEGAS. NO EVASIVE ACTION TAKEN.  LAS VEGAS METRO PD NOTIFIED. WOC 7-3333 RL/JA",4,2022-04
2022-04-28,PENNSYLVANIA,PHILADELPHIA,"PRELIM INFO FROM FAA OPS: PHILADELPHIA, PA/UAS INCIDENT/1230E/PHILADELPHIA ATCT ADVISED, E75L, PHL - RDU, REPORTED A BLACK AND GREEN UAS AT 2 O'CLOCK POSITION AT 2,100 FEET WHILE W BOUND 7 E PHL. NO EVASIVE ACTION TAKEN. LEO NOTIFIED. WOC 7-3333 SY/EC",4,2022-04
2022-04-28,ARKANSAS,LITTLE ROCK,"PRELIM INFO FROM FAA OPS: LITTLE ROCK, AR/UAS INCIDENT/1418C/LITTLE ROCK ATCT ADVISED, EMBRAER E55P, REPORTED A WHITE UAS AT FL210 WHILE SW BOUND 38 NE LITTLE ROCK. NO EVASIVE ACTION TAKEN. LEO NOTIFIED. NO NUMBER PROVIDED. WOC 7-3333 RL/JA",4,2022-04
2022-04-28,ARKANSAS,LITTLE ROCK,"PRELIM INFO FROM FAA OPS: LITTLE ROCK, AR/UAS INCIDENT/1518C/MEMPHIS ARTCC ADVISED, EMBRAER E55P, REPORTED A WHITE UAS AT FL210 WHILE SW BOUND 38 NE LIT (34.57N, 91.4300E). NO EVASIVE ACTION TAKEN. LEO NOTIFIED BUT NO PHONE NUMBER PROVIDED. WOC 7-3333 EC/JF",4,2022-04
2022-04-28,ARKANSAS,WEST MEMPHIS,"PRELIM INFO FROM FAA OPS: WEST MEMPHIS, AR/UAS INCIDENT/1626C/MEMPHIS TRACON ADVISED, CESSNA C208, REPORTED A BLACK UAS FROM THE 12 O'CLOCK POSITION WHILE S BOUND AT 2,000 FEET 6 N AWM. NO EVASIVE ACTION TAKEN. MARION PD NOTIFIED. WOC 7-3333 SZ/JA",4,2022-04
2022-04-28,TEXAS,CORPUS CHRISTI,"PRELIM INFO FROM FAA OPS: CORPUS CHRISTI, TX/UAS INCIDENT/1740C/CORPUS CHRISTI ATCT ADVISED, BEECH BE9L, REPORTED UAS AT 12 O'CLOCK POSITION 500 FEET BELOW WHILE ORBITING AT 1,000 FEET 3 E CORPUS CHRISTI. NO EVASIVE ACTION TAKEN. CORPUS CHRISTI PD NOTIFIED. WOC 7-3333 RL/JA",4,2022-04
2022-04-28,GEORGIA,ATLANTA,"PRELIM INFO FROM FAA OPS: ATLANTA, GA/UAS INCIDENT/2021E/PEACHTREE-DEKALB ATCT ADVISED, CESSNA C172, OBSERVED A UAS WHILE EASTBOUND AT 3,000 FEET, 3 NW PDK.  NO EVASIVE ACTION REPORTED. CHAMBLEE PD NOTIFIED (NO PHONE PROVIDED). WOC 7-3333 JA/SZ",4,2022-04
2022-04-28,NORTH CAROLINA,JACKSONVILLE,"PRELIM INFO FROM FAA OPS: JACKSONVILLE, NC/UAS INCIDENT/2337E/NEW RIVER RADAR ADVISED, H53, REPORTED UAS AT 300 FEET WHILE OPERATING IN A LANDING ZONE 10 S NEW RIVER MCAS. NO EVASIVE ACTION TAKEN. BASE OPS NOTIFIED. WOC 7-3333 RL/JA",4,2022-04
2022-04-29,CALIFORNIA,RIVERSIDE,"PRELIM INFO FROM FAA OPS: RIVERSIDE, CA/UAS INCIDENT/1940P/SOCAL TRACON  ADVISED, B744, ONT - SDF, REPORTED A BLACK UAS AT 1 O'CLOCK POSITION AT 7,000 FEET WHILE SE BOUND 5 S RIVERSIDE. NO EVASIVE ACTION TAKEN. RIVERSIDE PD NOTIFIED. WOC 7-3333 RL/JW",4,2022-04
2022-04-29,CALIFORNIA,SAN FRANCISCO,"PRELIM INFO FROM FAA OPS: SAN FRANCISCO, CA/UAS INCIDENT/2015P/NORCAL TRACON ADVISED, B763, JFK - SFO, REPORTED UAS FROM THE 10 O'CLOCK POSITION WHILE NNW BOUND AT 3,000 FEET 11 ESE SFO. NO EVASIVE ACTION TAKEN. MENLO PARK PD NOTIFIED. WOC 7-3333 SZ/JW",4,2022-04
2022-04-29,CALIFORNIA,SAN FRANCISCO,"PRELIM INFO FROM FAA OPS: SAN FRANCISCO, CA/UAS INCIDENT/2101P/SAN FRANCISCO ATCT ADVISED, DASSAULT F900, LOS CABOS INTL ARPT (MMSD) - SFO, REPORTED A GREEN UAS FROM THE 11 O'CLOCK POSITION WHILE W BOUND AT 3,500 FEET 9 E SFO. NO EVASIVE ACTION TAKEN. LAW ENFORCEMENT NOT NOTIFIED. WOC 7-3333 SZ/JW",4,2022-04
2022-04-29,NEVADA,RENO,"CORRECTION (CALLSIGN) INFO FROM FAA OPS: RENO, NV/UAS INCIDENT/2015P/RENO ATCT ADVISED, AIRBUS AS50, REPORTED UAS WHILE NW BOUND AT 5,300 FEET 3 NW RNO. NO EVASIVE ACTION TAKEN. LAW ENFORCEMENT NOTIFIED VIA 911. WOC 7-3333 SZ/JW",4,2022-04
2022-04-29,CALIFORNIA,LOS ANGELES,"PRELIM INFO FROM FAA OPS: LOS ANGELES, CA/UAS INCIDENT/2345P/LOS ANGELES ATCT ADVISED, B39M, EWR - LAX, REPORTED A BLUE UAS FROM RIGHT SIDE WHILE WSW BOUND AT 3,000 FEET 7 ENE LAX. NO EVASIVE ACTION TAKEN. LAWA PD NOTIFIED. WOC 7-3333 RL/RC",4,2022-04
2022-04-30,VIRGINIA,HERNDON,"PRELIM INFO FROM FAA OPS: HERNDON, VA/UAS INCIDENT/1123E/WASHINGTON DULLES ATCT ADVISED, E75L, RDU - IAD, REPORTED A UAS FROM THE 3 O'CLOCK POSITION WHILE N BOUND AT 2,500 FEET 8 S ARMEL VOR. NO EVASIVE ACTION TAKEN. MWAA NOTIFIED. WOC 7-3333 TB/JF",4,2022-04
2022-04-30,VIRGINIA,HERNDON,"PRELIM INFO FROM FAA OPS: HERNDON, VA/UAS INCIDENT/1200E/WASHINGTON DULLES ATCT ADVISED, BOMBARDIER CL35, REPORTED A COPPER QUADCOPTER UAS WHILE N BOUND AT 2,500 FEET 6 S ARMEL VOR. NO EVASIVE ACTION TAKEN. IAD ARPT AUTHORITY NOTIFIED. WOC 7-3333 TB/EC",4,2022-04
2022-04-30,NEW YORK,NEW YORK,"PRELIM INFO FROM FAA OPS: NEW YORK, NY/UAS INCIDENT/1425E/NEW YORK TRACON ADVISED, CIRRUS SR22, BWI - UUU, REPORTED A RED UAS 500 FEET FROM THE RIGHT WING WHILE ENE BOUND AT 6,500 FEET 17 ENE JFK. NO EVASIVE ACTION TAKEN. NASSAU COUNTY AVIATION NOTIFIED. WOC 7-3333 JF/TB",4,2022-04
2022-04-30,OHIO,WADSWORTH,"PRELIM INFO FROM FAA OPS: WADSWORTH, OH/UAS INCIDENT/1515E/, CESSNA C172, MFD - YNG, REPORTED A UAS FROM THE 3 O'CLOCK POSITION WHILE SE BOUND AT 5,000 FEET 3 S WADSWORTH. NO EVASIVE ACTION TAKEN. LAW ENFORCEMENT NOTIFICATION NOT REPORTED. WOC 7-3333 TB/EC",4,2022-04
2022-04-30,FLORIDA,MIAMI,"PRELIM INFO FROM FAA OPS: MIAMI, FL/UAS INCIDENT/1830E/MIAMI TRACON  ADVISED, E75S, SDF - MIA, REPORTED RED AND BLACK QUAD COPTER UAS 500 FEET ABOVE ACFT FROM THE 12 O'CLOCK POSITION WHILE E BOUND AT 4,000 FEET 15 W MIA. NO EVASIVE ACTION TAKEN. MIAMI DADE PD NOTIFIED. WOC 7-3333 ER/JG",4,2022-04
2022-04-30,FLORIDA,MIAMI,"PRELIM INFO FROM FAA OPS: MIAMI, FL/UAS INCIDENT/1830E/MIAMI TRACON ADVISED, B738, PANAMA CITY, PANAMA (MPTO) - MIA, REPORTED RED AND BLACK QUAD COPTER UAS 500 FEET ABOVE ACFT FROM THE RIGHT SIDE WHILE E BOUND AT 4,000 FEET 15 W MIA. NO EVASIVE ACTION TAKEN. MIAMI DADE PD NOTIFIED. WOC 7-3333 ER/JG",4,2022-04
2022-04-30,NEW YORK,FARMINGDALE,"PRELIM INFO FROM FAA OPS: FARMINGDALE, NY/UAS INCIDENT/1840E/FARMINGDALE ATCT ADVISED , CIRRUS SR22, HTO - FRG, REPORTED A BLACK AND WHITE UAS WHILE S BOUND AT 1,000 FEET 1.5 N FRG. NO EVASIVE ACTION TAKEN. NASSAU COUNTY PD NOTIFIED. WOC 7-3333 JG/RC",4,2022-04
2022-04-30,GEORGIA,ATLANTA,"PRELIM INFO FROM FAA OPS: ATLANTA, GA/UAS INCIDENT/2001E/ATLANTA TRACON ADVISED, A321, LAX - ATL, REPORTED A UAS FROM THE 2 O'CLOCK POSITION WHILE E BOUND AT 2,500 FEET 4 W ATL. NO EVASIVE ACTION TAKEN. ATLANTA PD NOTIFIED. WOC 7-3333 JG/ER",4,2022-04
2022-04-30,CALIFORNIA,LOS ANGELES,"PRELIM INFO FROM FAA OPS: LOS ANGELES, CA/UAS INCIDENT/1815P/LAX ATCT ADVISED, HELO, REPORTED BLACK QUAD COPTER UAS FROM THE LEFT SIDE AT 150 FEET 3 WSW LAX. NO INJURIES REPORTED. LAPD NOTIFIED. WOC 7-3333 ER/JG",4,2022-04
2022-05-01,TEXAS,DALLAS-FORT WORTH,"PRELIM INFO FROM FAA OPS: DALLAS-FORT WORTH, TX/UAS INCIDENT/0847C/DFW ATCT ADVISED, E170, DFW - MONTERREY, MEXICO (MMMY), REPORTED A SILVER UAS 500 FEET BELOW THE RIGHT SIDE OF THE ACFT WHILE S BOUND AT 2,500 FEET 1 S DFW. NO EVASIVE ACTION TAKEN. DFW DPS NOTIFIED. WOC 7-3333 HM/JF",5,2022-05
2022-05-01,FLORIDA,GAINESVILLE,"CORRECTION (EVENT LOCATION) INFO FROM FAA OPS: GAINESVILLE, FL/UAS INCIDENT/1430E/JACKSONVILLE TRACON ADVISED, PILAUTS PC12, REPORTED A UAS 300 FEET BELOW ACFT WHILE NW BOUND AT 3,000 FEET 4.3 SSW GNV. NO EVASIVE ACTION TAKEN. ALACHUA COUNTY SHERIFF NOTIFIED. WOC 7-3333 HM/JF",5,2022-05
2022-05-01,CALIFORNIA,SAN FRANCISCO,"PRELIM INFO FROM FAA OPS: SAN FRANCISCO, CA/UAS INCIDENT/1135P/NORCAL TRACON ADVISED, A320, PDX - SFO, REPORTED A UAS FROM THE 6 O'CLOCK POSITION WHILE E BOUND AT 6,500 FEET 13 SE SFO. NO EVASIVE ACTION TAKEN. SAN MATEO COUNTY SHERIFF NOTIFIED. WOC 7-3333 JW/HM",5,2022-05
2022-05-01,FLORIDA,ST AUGUSTINE,"PRELIM INFO FROM FAA OPS: ST AUGUSTINE, FL/UAS INCIDENT/1455E/JACKSONVILLE TRACON ADVISED, TEX2, REPORTED A SILVER QUAD-COPTER UAS 200 FEET OFF THE LEFT SIDE WHILE SE BOUND AT 2,000 FEET 8 NW SGJ. NO EVASIVE ACTION TAKEN. ST JOHNS COUNTY SHERIFF NOTIFIED. WOC 7-3333 HM/JW",5,2022-05
2022-05-01,ARIZONA,PHOENIX,"PRELIM INFO FROM FAA OPS: PHOENIX, AZ/UAS INCIDENT/1241M/PHOENIX TRACON ADVISED, B738, DAL - PHX, REPORTED A UAS FROM THE 10 O'CLOCK POSITION AT SAME ALTITUDE WHILE SSW BOUND AT 11,000 FEET 35 NE PHX. NO EVASIVE ACTION TAKEN. PHOENIX ARPT PD NOTIFIED. WOC 7-3333 JF/HM",5,2022-05
2022-05-01,NEW YORK,NEW YORK,"PRELIM INFO FROM FAA OPS: NEW YORK, NY/UAS INCIDENT/1710E/NEW YORK TRACON ADVISED, A359, JFK - STOCHOLM, SWEDEN (ESSA), REPORTED A BLACK UAS WHILE ENE BOUND AT 6,000 FEET 7 E JFK. NO EVASIVE ACTION TAKEN. NYPD AIR DIVISION NOTIFIED. WOC 7-3333 JG/ER",5,2022-05
2022-05-01,DISTRICT OF COLUMBIA,WASHINGTON,"PRELIM INFO FROM FAA OPS: WASHINGTON, DC/UAS INCIDENT/1640E/POTOMAC TRACON ADVISED, E190, BOS - DCA, REPORTED AN ORANGE UAS 600 FEET FROM ACFT WHILE SE BOUND AT 2,600 FEET 6 NNW DCA. NO EVASIVE ACTION TAKEN.  ARLINGTON COUNTY PD NOTIFIED. WOC 7-3333 JF/HM",5,2022-05
2022-05-01,NEW YORK,NEW YORK,"PRELIM INFO FROM FAA OPS: NEW YORK, NY/UAS INCIDENT/1650E/NEW YORK TRACON ADVISED, CRJ9, ORF - LGA, REPORTED A YELLOW UAS WHILE WSW BOUND AT 3,000 FEET 8 NNW LGA. NO EVASIVE ACTION TAKEN. NYPD AVIATION UNIT NOTIFIED. WOC 7-3333 HM/ER",5,2022-05
2022-05-02,FLORIDA,ORLANDO,"PRELIM INFO FROM FAA OPS: ORLANDO, FL/UAS INCIDENT/1031E/ORLANDO ATCT ADVISED , GULFSTREAM GLF4, MDT - MCO, REPORTED A UAS OFF THE RIGHT SIDE WHILE S BOUND AT 1,500 FEET 4 N MCO. NO EVASIVE ACTION TAKEN. ORANGE COUNTY SHERIFF NOTIFIED. WOC 7-3333 JO/HM",5,2022-05
2022-05-02,OKLAHOMA,TULSA,"PRELIM INFO FROM FAA OPS: TULSA, OK/UAS INCIDENT/1355C/TULSA APCH ADVISED, B738, DFW - TUL, REPORTED A UAS OFF THE RIGHT SIDE WHILE S BOUND AT 2,200 FEET 5 N TUL. NO EVASIVE ACTION TAKEN. TULSA COUNTY SHERIFF NOTIFIED. WOC 7-3333 HM/JO",5,2022-05
2022-05-02,VIRGINIA,ROANOKE,"PRELIM INFO FROM FAA OPS: ROANOKE, VA/UAS INCIDENT/1548E/ROANOKE APCH ADVISED, CESSNA C560, PDK - ROA, REPORTED A UAS 1,000 FEET BELOW ACFT WHILE ENE BOUND AT 3,000 FEET 5 SSE ROA. NO  EVASIVE ACTION TAKEN. ROANOKE PD NOTIFIED. WOC 7-3333 HM/JO",5,2022-05
2022-05-02,FLORIDA,PENSACOLA,"PRELIM INFO FROM FAA OPS: PENSACOLA, FL/UAS INCIDENT/1455C/PENSACOLA ATCT ADVISED, A320, DFW - PNS, REPORTED A WHITE UAS AT THE 10 O'CLOCK POSITION WHILE S BOUND AT 1,000 FEET 2 N PNS. NO EVASIVE ACTION TAKEN. ESCAMBIA SHERIFF NOTIFIED. WOC 7-3333 JO/JW",5,2022-05
2022-05-02,GEORGIA,BRUNSWICK,"PRELIM INFO FROM FAA OPS: BRUNSWICK, GA/UAS INCIDENT/1620E/JACKSONVILLE ARTCC ADVISED, CRJ2, ATL - BQK, REPORTED A BLACK UAS OFF THE LEFT SIDE WHILE E BOUND AT 1,600 FEET 5 W BQK. NO EVASIVE ACTION TAKEN. LEO WERE NOT NOTIFIED. WOC 7-3333 HM/JO",5,2022-05
2022-05-02,NORTH CAROLINA,CHARLOTTE,"PRELIM INFO FROM FAA OPS: CHARLOTTE, NC/UAS INCIDENT/1700E/CHARLOTTE APCH ADVISED, E145, LYH - CLT, REPORTED A BLACK UAS FROM THE 9 O'CLOCK POSITION WHILE S BOUND AT 2,200 FEET 4 S CLT. NO EVASIVE ACTION TAKEN. MECKLENBURG COUNTY SHERIFF NOTIFIED. WOC 7-3333 JW/JO",5,2022-05
2022-05-02,TEXAS,HOUSTON,"PRELIM INFO FROM FAA OPS: HOUSTON, TX/UAS INCIDENT/1955C/HOUSTON TRACON ADVISED, E145, TUL - IAH, REPORTED A WHITE QAUD-ROTOR UAS FROM THE 3 O'CLOCK POSITION WHILE SE BOUND AT 4,200 FEET 30 WNW IAH. NO EVASIVE ACTION TAKEN. MONTGOMERY COUNTY SHERIFF NOTIFIED NOTIFIED. WOC 7-3333 RC/JG",5,2022-05
2022-05-03,NEW YORK,POUGHKEEPSIE,"CLOSE-OUT INFO FROM FAA OPS: POUGHKEEPSIE, NY/UAS INCIDENT/1757E/POUGHKEEPSIE ATCT ADVISED, CESSNA C172, RUNWAY 15 OPERATIONS WERE SUSPENDED FOR 15 MINUTES. UAS OPERATOR LOCATED AND CEASED UAS OPERATION. WOC 7-3333 TB/EC",5,2022-05
2022-05-03,CALIFORNIA,PALO ALTO,"PRELIM INFO FROM FAA OPS: PALO ALTO, CA/UAS INCIDENT/1529P/PALO ALTO ATCT ADVISED, CESSNA C172,  REPORTED A BLACK UAS WHILE SW BOUND AT 1,800 FEET 5 SW PAO. NO EVASIVE ACTION REPORTED. PALO ALTO PD NOTIFIED. WOC 7-3333 JG/RC",5,2022-05
2022-05-04,DISTRICT OF COLUMBIA,WASHINGTON,"PRELIM INFO FROM FAA OPS: WASHINGTON, DC/UAS INCIDENT/1405E/REAGAN NATIONAL ARPT ADVISED, E170, BOS - DCA, REPORTED A UAS AT 300 FEET .25 SE DCA. NO EVASIVE ACTION TAKEN. NO IMPACT TO OPERATIONS. METRO WASHINGTON AIRPORT AUTHORITY AND ALEXANDRIA PD NOTIFIED. WOC 7-3333 TB/EC",5,2022-05
2022-05-04,SOUTH CAROLINA,CHARLESTON,"PRELIM INFO FROM FAA OPS: CHARLESTON, SC/UAS INCIDENT/1518E/CHARLESTON ATCT ADVISED, CRJ7, DFW - CHS, REPORTED A UAS FROM THE 3 O'CLOCK POSITION WHILE SSE BOUND AT 2,000 FEET 5 N CHS. NO EVASIVE ACTION TAKEN. CHARLESTON PD NOTIFIED. WOC 7-3333 TB/EC",5,2022-05
2022-05-04,CALIFORNIA,CHICO,"PRELIM INFO FROM FAA OPS: CHICO, CA/UAS INCIDENT/1609P/CHICO FCT ADVISED, CESSNA C150, REPORTED A BROWN UAS FROM THE 3 O'CLOCK POSITION WHILE SE BOUND AT 500 FEET 1 SE CHICO. NO EVASIVE ACTION TAKEN. CHICO PD NOTIFIED. WOC 7-3333 JW/DJ",5,2022-05
2022-05-05,NEW YORK,SYRACUSE,"PRELIM INFO FROM FAA OPS: SYRACUSE, NY/UAS INCIDENT/1205E/SYRACUSE ACFT ADVISED, A320, ATL - SYR, REPORTED A RED UAS AT 3 O'CLOCK POSITION AT 5,500 FEET WHILE E BOUND 10 S SYRACUSE. NO EVASIVE ACTION TAKEN. SYRACUSE PD NOTIFIED. WOC 7-3333 SY/JO",5,2022-05
2022-05-05,ARIZONA,GOODYEAR,"PRELIM INFO FROM FAA OPS: GOODYEAR, AZ/UAS INCIDENT/1410M/GOODYEAR ATCT ADVISED, CIRRUS SR20, REPORTED UAS 200 FEET ABOVE WHILE NE BOUND AT 2,200 FEET 1 W GOODYEAR. NO EVASIVE ACTION TAKEN.  GOODYEAR PD NOTIFIED. WOC 7-3333 SY/JF",5,2022-05
2022-05-05,LOUISIANA,NEW ORLEANS,"PRELIM INFO FROM FAA OPS: NEW ORLEANS, LA/UAS INCIDENT/1906C/NEW ORLEANS APPROACH ADVISED, CRJ9, MSY - DCA, REPORTED 3 SMALL UAS AT 12 O'CLOCK POSITION BETWEEN 3,000-4,000 FEET BELOW WHILE NE BOUND AT 4,000 FEET 7 E NEW ORLEANS. NO EVASIVE ACTION TAKEN.  JEFFERSON PARISH SHERIFF NOTIFIED. WOC 7-3333 RL/DJ",5,2022-05
2022-05-05,VERMONT,BURLINGTON,"PRELIM INFO FROM FAA OPS: BURLINGTON, VT/UAS INCIDENT/2115E/BURLINGTON ATCT ADVISED, H60, REPORTED A WHITE UAS AT 1,500 FEET WHILE W BOUND 6 W BURLINGTON. EVASIVE ACTION NOT REPORTED. SOUTH BURLINGTON PD NOTIFIED. NUMBER NOT PROVIDED. WOC 7-3333 RL/DJ",5,2022-05
2022-05-06,CALIFORNIA,LOS ANGELES,"PRELIM INFO FROM FAA OPS: LOS ANGELES, CA/UAS INCIDENT/1150P/LAX ATCT ADVISED, BOMBARDIER CL60, REPORTED A GRAY QUADCOPTER UAS OFF THE LEFT SIDE HOVERING WHILE SW BOUND AT 1,200 FEET 3 ENE LAX. NO EVASIVE ACTION TAKEN.  LAWA PD NOTIFIED. WOC 7-3333 JO/HM",5,2022-05
2022-05-06,CALIFORNIA,LOS ANGELES,"PRELIM INFO FROM FAA OPS: LOS ANGELES, CA/UAS INCIDENT/1506P/LOS ANGELES ATCT ADVISED, A321, BOS - LAX, REPORTED UAS AT 9 O'CLOCK POSITION AT 2,200 FEET WHILE WSW BOUND 6 ENE LAX. NO EVASIVE ACTION TAKEN. LAX ARPT PD NOTIFIED. WOC 7-3333 SY/JA",5,2022-05
2022-05-06,CALIFORNIA,LOS ANGELES,"PRELIM INFO FROM FAA OPS: LOS ANGELES, CA/UAS INCIDENT/LATE REPORT-5/6 1821P/TSOC ADVISED, E75L, SAT - LAX, REPORTED A RED AND BLACK UAS WHILE W BOUND AT 2,200 FEET 5 E LAX. NO EVASIVE ACTION TAKEN. LA ARPT PD NOTIFIED. NUMBER NOT PROVIDED. WOC 7-3333 RL/ER",5,2022-05
2022-05-07,CALIFORNIA,SAN DIEGO,"PRELIM INFO FROM FAA OPS: SAN DIEGO, CA/UAS INCIDENT/0405P/SAN DIEGO ATCT ADVISED, B752, OAK - SAN, REPORTED A POSSIBLE UAS AT THE 10 O'CLOCK POSITION WHILE W BOUND AT 2,200 FEET 4 E SAN. NO EVASIVE ACTION TAKEN. SAN DIEGO CBP NOTIFIED. WOC 7-3333 HM/JO",5,2022-05
2022-05-07,ALASKA,ANCHORAGE,"PRELIM INFO FROM FAA OPS: ANCHORAGE, AK/UAS INCIDENT/0750L/ANCHORAGE ATCT ADVISED, E75L, FAI - ANC, REPORTED A UAS 300 FEET BELOW ACFT WHILE SSE BOUND AT 500 FEET 4 NW ANC. NO EVASIVE ACTION TAKEN. ANCHORAGE ARPT PD NOTIFIED. WOC 7-3333 HM/JO",5,2022-05
2022-05-07,CALIFORNIA,LOS ANGELES,"PRELIM INFO FROM FAA OPS: LOS ANGELES, CA/UAS INCIDENT/1052P/SOCAL TRACON ADVISED, B772, PARIS, FRANCE (LFPG) - LAX, REPORTED A QUADCOPTER UAS AT THE 3 O'CLOCK POSITION WHILE SW BOUND AT 8,500 FEET 35 E LAX. NO EVASIVE ACTION TAKEN. LA COUNTY SHERIFF NOTIFIED. WOC 7-3333 JO/HM",5,2022-05
2022-05-07,ALASKA,FAIRBANKS,"PRELIM INFO FROM FAA OPS: FAIRBANKS, AK/UAS INCIDENT/1000L/FAIRBANKS APCH ADVISED SECURITY FORCES REPORTED A UAS 4.5 W EIELSON AIR FORCE BASE (EIL). MODEL DJI MAVIC 2 ZOOM WAS LOCATED BUT NO OPERATOR FOUND. NO ACFT INVOLVEMENT. WOC 7-3333 JO/HM",5,2022-05
2022-05-07,NEBRASKA,OMAHA,"PRELIM INFO FROM FAA OPS: OMAHA, NE/UAS INCIDENT/1500C/OMAHA APCH ADVISED, CIRRUS SR22, MLE - MLE, REPORTED A BLACK, GREEN AND YELLOW UAS WHILE E BOUND AT 2,700 FEET 5 W MLE. NO EVASIVE ACTION TAKEN. SARPY COUNTY SHERIFF NOTIFIED. WOC 7-3333 JO/HM",5,2022-05
2022-05-07,UTAH,SALT LAKE CITY,"PRELIM INFO FROM FAA OPS: SALT LAKE CITY, UT/UAS INCIDENT/1402M/SALT LAKE ATCT ADVISED, A320, JFK - SLC, REPORTED A UAS AT THE 9 O'CLOCK POSITION WHILE NW BOUND AT 5,300 FEET 6 SSE WASATCH VORTAC. NO EVASIVE ACTION TAKEN. SLC ARPT PD NOTIFIED. WOC 7-3333 JO/HM",5,2022-05
2022-05-07,GEORGIA,ATLANTA,"PRELIM INFO FROM FAA OPS: ATLANTA, GA/UAS INCIDENT/1607E/ATLANTA TRACON ADVISED, E170, HXD - ATL, REPORTED A UAS AT THE 12 O'CLOCK POSITION WHILE W BOUND AT 3,000 FEET 11 E ATL. NO EVASIVE ACTION TAKEN. ROCKDALE COUNTY SHERIFF NOTIFIED. WOC 7-3333 HM/JO",5,2022-05
2022-05-07,ILLINOIS,CHICAGO,"PRELIM INFO FROM FAA OPS: CHICAGO, IL/UAS INCIDENT/1742C/CHICAGO TRACON ADVISED, CRJ2, ORD - MEM, REPORTED A WHITE UAS AT 3 O'CLOCK POSITION 500 FEET ABOVE WHILE S BOUND AT 6,000 FEET 12 S CHICAGO. NO EVASIVE ACTION TAKEN. HINSDALE PD NOTIFIED. WOC 7-3333 RL/JA",5,2022-05
2022-05-07,CALIFORNIA,LA VERNE,"PRELIM INFO FROM FAA OPS: LA VERNE, CA/UAS INCIDENT/LATE REPORT-5/7 1900P/BRACKETT ATCT (POC) REPORTED A UAS OPERATING WITHOUT AUTHORIZATION OVER GANESHA PARK FAIRGROUNDS VCNTY LA VERNE. NO IMPACT TO NAS. NO INJURIES REPORTED. LEO IDENTIFIED UAS OPERATOR, LOGGED REPORT, AND ISSUED VERBAL WARNING. LOCAL PD NOTIFIED. FAA LEAP NOTIFIED. WOC 7-3333 RC/ER",5,2022-05
2022-05-07,CALIFORNIA,LOS ANGELES,"PRELIM INFO FROM FAA OPS: LOS ANGELES, CA/UAS INCIDENT/1959P/LAX ATCT ADVISED, E75L, EUG - LAX, REPORTED UAS FROM THE LEFT SIDE WHILE WSW BOUND AT 2,200 FEET 7 ENE LAX. NO EVASIVE ACTION TAKEN. ARPT PD NOTIFIED. WOC 7-3333 ER/SZ",5,2022-05
2022-05-08,CALIFORNIA,SACRAMENTO,"PRELIM INFO FROM FAA OPS: SACRAMENTO, CA/UAS INCIDENT/2355P/NORCAL TRACON ADVISED , B738, CLT - SMF, REPORTED A UAS FROM THE RIGHT SIDE WHILE E BOUND AT 9,500 FEET 6.7 NNE MHR. NO EVASIVE ACTION TAKEN. LAW ENFORCEMENT NOT NOTIFIED. WOC 7-3333 SZ/ER",5,2022-05
2022-05-08,PENNSYLVANIA,WILKES-BARRE-SCRANTON,"PRELIM INFO FROM FAA OPS: WILKES-BARRE-SCRANTON, PA/UAS INCIDENT/0940E/NEW YORK ARTCC ADVISED , A320, CVG - EWR, REPORTED A PURPLE/BLUE UAS FROM THE 11 O'CLOCK POSITION WHILE N BOUND AT 13,000 FEET 10 S AVP. NO EVASIVE ACTIONS TAKEN. LEO NOTIFICATION NOT REPORTED. WOC 7-3333 RC/DJ",5,2022-05
2022-05-08,VIRGINIA,FORT BELVOIR,"PRELIM INFO FROM FAA OPS: FORT BELVOIR, VA/UAS INCIDENT/1128E/POTOMAC TRACON ADVISED, A319, IAH - DCA, REPORTED A WHITE QUAD-ROTOR UAS FROM 500 FEET BELOW ACFT WHILE E BOUND AT 2,300 FEET 10 SW DAA. NO EVASIVE ACTION TAKEN. VIRGINIA STATE PD NOTIFIED. WOC 7-3333 RC/JG",5,2022-05
2022-05-08,KENTUCKY,COVINGTON,"PRELIM INFO FROM FAA OPS: COVINGTON, KY/UAS INCIDENT/1133E/CINCINNATI ATCT ADVISED , CIRRUS SR22, BOWLING GREEN, OH (1G0) - HSV, REPORTED A SILVER UAS FROM THE 9 O'CLOCK POSITION WHILE S BOUND AT 8,000 FEET 15 N CVG. NO EVASIVE ACTION TAKEN. HARRISON PD NOTIFIED. WOC 7-3333 RC/JG",5,2022-05
2022-05-08,TEXAS,HOUSTON,"PRELIM INFO FROM FAA OPS: HOUSTON, TX/UAS INCIDENT/1201C/HOUSTON TRACON ADVISED , E145, DAL - HOU, REPORTED SMALL UAS AT SAME ALTITUDE FROM THE 10 O'CLOCK POSITION WHILE NE BOUND AT 3,300 FEET 11 WNW WILLIAM P HOBBY ARPT. NO EVASIVE ACTION REPORTED. FBI NOTIFIED. WOC 7-3333 DJ/JG",5,2022-05
2022-05-08,WEST VIRGINIA,HUNTINGTON,"PRELIM INFO FROM FAA OPS: HUNTINGTON, WV/UAS INCIDENT/1314E/HUNTINGTON ATCT ADVISED, BEECH BE33, PGD - DLZ, REPORTED WHITE UAS AT SAME ALTITUDE FROM THE 12 O'CLOCK POSITION WHILE N BOUND AT 9,000 FEET 18 W HUNTINGTON. NO EVASIVE ACTION REPORTED. WV STATE PD NOTIFIED. WOC 7-3333 DJ/JG",5,2022-05
2022-05-08,TEXAS,HOUSTON,"PRELIM INFO FROM FAA OPS: HOUSTON, TX/UAS INCIDENT/1217C/HOUSTON ATCT ADVISED , BELL B407, REPORTED A UAS WHILE S BOUND AT 500 FEET 7.3 WNW HOU. NO EVASIVE ACTION REPORTED. HOUSTON PD HELO NOTIFIED ON FREQUENCY. WOC 7-3333 JG/RC",5,2022-05
2022-05-08,TENNESSEE,NASHVILLE,"PRELIM INFO FROM FAA OPS: NASHVILLE, TN/UAS INCIDENT/1358C/NASHVILLE ATCT ADVISED JETRIGHT 18, , BNA - ROG, REPORTED 2 SMALL QUADCOPTER UAS AT SAME ALTITUDE WHILE N BOUND AT 9,500 FEET 12 N BNA. NO EVASIVE ACTION REPORTED. NASHVILLE ARPT PD NOTIFIED. WOC 7-3333 JG/DJ",5,2022-05
2022-05-08,MICHIGAN,DETROIT,"PRELIM INFO FROM FAA OPS: DETROIT, MI/UAS INCIDENT/1500E/WILLOW RUN ATCT ADVISED , DASSAULT FA20, LCK - YIP, REPORTED A UAS FROM THE 1 O'CLOCK POSITION WHILE SW BOUND AT 1,000 FEET 2 N WILLOW RUN VOR. NO EVASIVE ACTION REPORTED.  AIRPORT PD NOTIFIED. WOC 7-3333 JG/DJ",5,2022-05
2022-05-08,MICHIGAN,DETROIT,"PRELIM INFO FROM FAA OPS: DETROIT, MI/UAS INCIDENT/1459E/DETROIT TRACON ADVISED, CRJ9, PIT - DTW, REPORTED A UAS 200 FEET ABOVE ACFT AT THE 3 O'CLOCK POSITION WHILE W BOUND AT 5,000 FEET 6 E DTW. NO EVASIVE ACTION TAKEN. MI STATE PD NOTIFIED. WOC 7-3333 DJ/JG",5,2022-05
2022-05-08,ARIZONA,GRAND CANYON,"PRELIM INFO FROM FAA OPS: GRAND CANYON, AZ/UAS INCIDENT/1222M/LOS ANGELES ARTCC ADVISED, CESSNA C172, DNA - AVQ, REPORTED A WHITE UAS FROM THE 12 O'CLOCK POSITION WHILE NNW BOUND AT 11,000 FEET 35 WSW GCN. NO EVASIVE ACTION TAKEN. FLAGSTAFF PD NOTIFICATION NUMBER NOT REPORTED. WOC 7-3333 RC/DJ",5,2022-05
2022-05-08,MICHIGAN,DETROIT,"PRELIM INFO FROM FAA OPS: DETROIT, MI/UAS INCIDENT/1540E/DETROIT ATCT ADVISED, A332, LONDON, UNITED KINGDOM (EGLL) - DTW, REPORTED A UAS 1,000 FEET BELOW ACFT WHILE SSW BOUND AT 3,000 FEET 8 NE DTW. NO EVASIVE ACTION REPORTED. MICHIGAN STATE PD NOTIFIED. WOC 7-3333 JG/RC",5,2022-05
2022-05-08,FLORIDA,ORLANDO,"PRELIM INFO FROM FAA OPS: ORLANDO, FL/UAS INCIDENT/1547E/ORLANDO ATCT ADVISED, A319, SNA PEDRO SULA, HONDURAS (MHLM) - MCO, REPORTED UAS AT SAME ALTITUDE FROM THE 9 O'CLOCK POSITION WHILE ON 2 MILE FINAL RUNWAY 36L AT 800 FEET. NO EVASIVE ACTION REPORTED.  OSCEOLA COUNTY SHERIFF NOTIFIED. WOC 7-3333 DJ/JG",5,2022-05
2022-05-08,KENTUCKY,COVINGTON,"CORRECTION INFO (TIME) FROM FAA OPS: COVINGTON, KY/UAS INCIDENT/1508E/COVINGTON APCH ADVISED, PIPER P32R, CVG - FREMONT, OH, REPORTED A SILVER UAS AT SAME ALTITUDE FROM THE 3 O'CLOCK POSITION WHILE NE BOUND AT 3,800 FEET 8 NE COVINGTON. NO EVASIVE ACTION REPORTED. LEO NOT NOTIFIED. WOC 7-3333 DJ/JG",5,2022-05
2022-05-08,CALIFORNIA,LONG BEACH,"PRELIM INFO FROM FAA OPS: LONG BEACH, CA/UAS INCIDENT/1405P/SOCAL TRACON ADVISED, EXPERIMENTAL GLASSAIR GLSP, REPORTED RED QUADCOPTER 500 FEET BELOW ACFT OFF RIGHT SIDE WHILE SE BOUND AT 9,500 FEET 3 E LONG BEACH. NO EVASIVE ACTION REPORTED. LONG BEACH PD NOTIFIED. WOC 7-3333 DJ/JG",5,2022-05
2022-05-08,TEXAS,HOUSTON,"PRELIM INFO FROM FAA OPS: HOUSTON, TX/UAS INCIDENT/1708C/HOUSTON TRACON ADVISED, DASSAULT F2TH, REPORTED A UAS UNDER ACFT WHILE W BOUND AT 5,500 FEET 2 NNE HOUSTON.  NO EVASIVE ACTION TAKEN. LOCAL FBI NOTIFIED. WOC 7-3333 JF/TB",5,2022-05
2022-05-08,CONNECTICUT,PUTNAM,"PRELIM INFO FROM FAA OPS: PUTNAM, CT/UAS INCIDENT/1730E/BRADLEY TRACON ADVISED, HAWKER BEECHCRAFT H25B, TEB - BED, REPORTED A BLACK AND SILVER UAS FROM THE 9 O'CLOCK POSITION WHILE NE BOUND AT 5,000 FEET 14 N PUTNAM. NO EVASIVE ACTION TAKEN. MASS STATE PD NOTIFIED. WOC 7-3333 TB/JF",5,2022-05
2022-05-08,ILLINOIS,CHICAGO,"PRELIM INFO FROM FAA OPS: CHICAGO, IL/UAS INCIDENT/1832C/CHICAGO TRACON ADVISED, E75L, RDU - ORD, REPORTED A RED UAS 500 FEET BELOW FROM THE 2 O'CLOCK POSITION WHILE NNW BOUND AT 7,000 FEET 4 NE MDW. NO EVASIVE ACTION TAKEN. LOCAL FBI NOTIFIED. WOC 7-3333 JF/TB",5,2022-05
2022-05-08,OHIO,CLEVELAND,"PRELIM INFO FROM FAA OPS: CLEVELAND, OH/UAS INCIDENT/LATE REPORT-1607E/CLEVELAND APCH ADVISED, DIAMOND DA40, REPORTED A BLACK UAS WHILE SE BOUND AT 8,900 FEET 8 NW CLE. NO EVASIVE ACTION TAKEN. FBI NOTIFIED. WOC 7-3333 TB/JF",5,2022-05
2022-05-09,FLORIDA,ORLANDO,"PRELIM INFO FROM FAA OPS: ORLANDO, FL/UAS INCIDENT/1320E/ORLANDO ATCT ADVISED, A320, RIC - MCO, REPORTED A BLACK AND WHITE UAS FROM THE LEFT SIDE WHILE N BOUND AT 1,200 FEET 4 S MCO. NO EVASIVE ACTION ORLANDO PD NOTIFIED.  ATC SUSPENDED OPERATIONS TO RWY 36L TO AVOID AREA. WOC 7-3333 JG/SY",5,2022-05
2022-05-09,FLORIDA,ORLANDO,"PRELIM INFO FROM FAA OPS: ORLANDO, FL/UAS INCIDENT/1307E/ORLANDO ATCT ADVISED, A321, DTW - MCO, REPORTED A BLACK AND WHITE UAS AT 9 O'CLOCK POSITION AT 1,200 FEET WHILE N BOUND 4 S MCO. NO EVASIVE ACTION TAKEN. OSCEOLA COUNTY SHERIFF NOTIFIED. WOC 7-3333 SY/MK",5,2022-05
2022-05-09,MICHIGAN,GRAND RAPIDS,"PRELIM INFO FROM FAA OPS: GRAND RAPIDS, MI/UAS INCIDENT/1512E/KALAMAZOO ATCT ADVISED, CESSNA C182, REPORTED A BLACK UAS  WHILE S BOUND AT 4,500 FEET 15 NW GRAND RAPIDS. NO EVASIVE ACTION TAKEN. KENT COUNTY SHERIFF NOTIFIED. WOC 7-3333 JG/SY",5,2022-05
2022-05-09,NEW YORK,NEW YORK,"PRELIM INFO FROM FAA OPS: NEW YORK, NY/UAS INCIDENT/1537E/JFK ATCT ADVISED, CRJ9, RDU - JFK, REPORTED A DARK COLORED UAS FROM THE 10 O'CLOCK POSITION WHILE NE BOUND AT 1,500 FEET 6 SW JFK. NO EVASIVE ACTION TAKEN. LAW ENFORCEMENT NOTIFICATION NOT REPORTED. WOC 7-3333 JG/SY",5,2022-05
2022-05-09,CALIFORNIA,SAN FRANCISCO,"PRELIM INFO FROM FAA OPS: SAN FRANCISCO, CA/UAS INCIDENT/1335P/NORCAL TRACON ADVISED, A321, JFK - SFO, REPORTED A RED UAS FROM THE 1 O'CLOCK POSITION WHILE W BOUND AT 5,000 FEET 20 E SFO. NO EVASIVE ACTION REPORTED. LAW ENFORCEMENT NOTIFICATION NOT REPORTED. WOC 7-3333 JG/SY",5,2022-05
2022-05-09,NEW YORK,NEW YORK,"PRELIM INFO FROM FAA OPS: NEW YORK, NY/UAS INCIDENT/1728E/LGA ATCT ADVISED , E190, BOS - LGA, REPORTED A QUAD-COPTER UAS 100 FEET OFF THE NOSE OF THE ACFT WHILE NE BOUND AT 900 FEET 2.5 SW LGA. NO EVASIVE ACTION TAKEN. LEO NOTIFICATION NOT PROVIDED. WOC 7-3333 HM/TB",5,2022-05
2022-05-09,NEW YORK,NEW YORK,"PRELIM INFO FROM FAA OPS: NEW YORK, NY/UAS INCIDENT/1737E/JFK ATCT ADVISED , B772, EGLL - JFK, REPORTED A BLACK UAS AT 1,200 FEET WHILE ON 4 MILE FINAL RUNWAY 4R. NO EVASIVE ACTION REPORTED. ARPT OPERATIONS NOTIFIED, NUMBER NOT PROVIDED. WOC 7-3333 DJ/SY",5,2022-05
2022-05-09,NORTH CAROLINA,CHARLOTTE,"PRELIM INFO FROM FAA OPS: CHARLOTTE, NC/UAS INCIDENT/1740E/CHARLOTTE TRACON ADVISED, E75L, IAH - CLT, REPORTED A BLACK AND WHITE UAS FROM THE 9 O'CLOCK POSITION WHILE NE BOUND AT 3,600 FEET 5 SSW CLT.  NO EVASIVE ACTION REPORTED. CMPD NOTIFIED. WOC 7-3333 JG/DJ",5,2022-05
2022-05-09,NORTH CAROLINA,CHARLOTTE,"PRELIM INFO FROM FAA OPS: CHARLOTTE, NC/UAS INCIDENT/1829E/CHARLOTTE ATCT ADVISED, A321, MONTEGO BAY, JAMAICA (MKJS) - CLT, REPORTED A UAS FROM THE 12 O'CLOCK POSITION WHILE NE BOUND AT 6,000 FEET 20 SW CLT. NO EVASIVE ACTION TAKEN. CMPD NOTIFIED. WOC 7-3333 TB/JF",5,2022-05
2022-05-09,NEW YORK,NEW YORK,"PRELIM INFO FROM FAA OPS: NEW YORK, NY/UAS INCIDENT/1910E/LAGUARDIA ATCT ADVISED, A319, ORD - LGA, REPORTED A UAS FROM THE 12 O'CLOCK POSITION WHILE NE BOUND AT 1,800 FEET ON 8 MILE FINAL RUNWAY 4. NO EVASIVE ACTION TAKEN. NYPD AVIATION UNIT NOTIFIED. WOC 7-3333 TB/HM",5,2022-05
2022-05-09,NEW YORK,NEW YORK,"PRELIM INFO FROM FAA OPS: NEW YORK, NY/UAS INCIDENT/1912E/LAGUARDIA ATCT ADVISED , E170, ATL - LGA, REPORTED A UAS FROM THE 12 O'CLOCK POSITION WHILE NE BOUND AT 1,800 FEET ON 8 MILE FINAL RUNWAY 4. NO EVASIVE ACTION TAKEN. NYPD AVIATION UNIT NOTIFIED. WOC 7-3333 TB/HM",5,2022-05
2022-05-09,CALIFORNIA,SACRAMENTO,"PRELIM INFO FROM FAA OPS: SACRAMENTO, CA/UAS INCIDENT/1650P/SACRAMENTO ATCT ADVISED, B737, LAS - SMF, REPORTED A UAS WHILE S BOUND AT 3,500 FEET 10 N SMF. NO EVASIVE ACTION TAKEN. ARPT COMMUNICATIONS CENTER TO BE NOTIFIED. WOC 7-3333 TB/JF",5,2022-05
2022-05-10,VIRGINIA,MONETA,"PRELIM INFO FROM FAA OPS: MONETA, VA/UAS INCIDENT/0918E/ROANOKE APCH ADVISED, RAYTHEON BE58, FDK - SVH, REPORTED A WHITE QUADCOPTER UAS WHILE SW BOUND AT 8,000 FEET 10 W MONETA. NO EVASIVE ACTION REPORTED. VIRGINIA STATE PD NOTIFIED. WOC 7-3333 JG/RC",5,2022-05
2022-05-10,ILLINOIS,CHICAGO,"PRELIM INFO FROM FAA OPS: CHICAGO, IL/UAS INCIDENT/1116C/CHICAGO TRACON ADVISED, CRJ2, LWB - ORD, REPORTED A UAS 1,000 FEET BELOW THE ACFT WHILE W BOUND AT 3,500 FEET 9 E ORD. NO EVASIVE ACTION REPORTED. LEO NOT NOTIFIED. WOC 7-3333 DJ/JG",5,2022-05
2022-05-10,NEW YORK,NEW YORK,"PRELIM INFO FROM FAA OPS: NEW YORK, NY/UAS INCIDENT/1318E/JFK ATCT ADVISED , BCS3, MKE - JFK, REPORTED A BLACK UAS FROM THE LEFT SIDE WHILE NE BOUND AT 1,400 FEET 4 SW JFK. NO EVASIVE ACTION REPORTED. PORT AUTHORITY PD NOTIFIED. WOC 7-3333 JG/RC",5,2022-05
2022-05-10,COLORADO,DENVER,"PRELIM INFO FROM FAA OPS: DENVER, CO/UAS INCIDENT/1345M/DENVER TRACON ADVISED , B738, BWI - DTW, REPORTED A WHITE UAS WHILE SSE BOUND AT 8,000 FEET 9 N DEN. NO EVASIVE ACTION TAKEN. DENVER INTL ARPT OPERATIONS NOTIFIED AT. WOC 7-3333 RC/MK",5,2022-05
2022-05-10,FLORIDA,JACKSONVILLE,"PRELIM INFO FROM FAA OPS: JACKSONVILLE, FL/UAS INCIDENT/1728E/JACKSONVILLE APCH ADVISED, B752, ATL - JAX, REPORTED A POSSIBLE BROWN UAS OFF THE RIGHT SIDE 300 FEET BELOW ACFT WHILE ON .5 MILE FINAL RUNWAY 8 AT 500 FEET. NO EVASIVE ACTION REPORTED. JACKSONVILLE ARPT PD NOTIFIED. WOC 7-3333 DJ/JG",5,2022-05
2022-05-10,RHODE ISLAND,PAWTUCKET,"PRELIM INFO FROM FAA OPS: PAWTUCKET, RI/UAS INCIDENT/1933E/PROVIDENCE APCH ADVISED, PIPER P28A, REPORTED A WHITE UAS 500 FEET BELOW ACFT FROM THE 6 O'CLOCK POSITION WHILE NE BOUND AT 4,000 FEET 1 S PAWTUCKET. NO INJURIES REPORTED. LOCAL LEO TO BE NOTIFIED. WOC 7-3333 TB/HM",5,2022-05
2022-05-10,TEXAS,HOUSTON,"PRELIM INFO FROM FAA OPS: HOUSTON, TX/UAS INCIDENT/2020C/HOUSTON HOBBY ATCT ADVISED ROBINSON R44, REPORTED A UAS WHILE E BOUND AT 600 FEET 8 NW HOU. NO EVASIVE ACTION TAKEN. LOCAL LEO NOTIFIED. WOC 7-3333 TB/HM",5,2022-05
2022-05-11,MAINE,BANGOR,"PRELIM INFO FROM FAA OPS: BANGOR, ME/UAS INCIDENT/1239E/BANGOR ATCT ADVISED, PIPER P28A, OBSERVED A UAS 200 FEET ABOVE WHILE NORTHWEST BOUND AT 1,200 FEET, 1 SW BANGOR. NO EVASIVE ACTION REPORTED. NO LEO NOTIFICATION PROVIDED. WOC 7-3333 JA/SZ",5,2022-05
2022-05-11,CALIFORNIA,LOS ANGELES,"PRELIM INFO FROM FAA OPS: LOS ANGELES, CA/UAS INCIDENT/1003P/LAX ATCT ADVISED, B738, BNA - LAX, OBSERVED UAS ON RIGHT SIDE WHILE WESTBOUND AT 1,000 FEET, 4 E LAX. NO EVASIVE ACTION TAKEN. LAX ARPT PD NOTIFIED (NO PHONE PROVIDED). WOC 7-3333 JA/SZ",5,2022-05
2022-05-11,NEW YORK,NEW YORK,"PRELIM INFO FROM FAA OPS: NEW YORK, NY/UAS INCIDENT/1320E/JFK ATCT ADVISED, B738, MIA - JFK, REPORTED UAS WHILE E BOUND AT 500 FEET 4 E JFK ARPT. NO EVASIVE ACTION REPORTED. PORT AUTHORITY NOTIFIED. WOC 7-3333 MK/SZ",5,2022-05
2022-05-11,TEXAS,DALLAS-FORT WORTH,"PRELIM INFO FROM FAA OPS: DALLAS-FORT WORTH, TX/UAS INCIDENT/1355C/DALLS-FT WORTH ATCT ADVISED, CRJ7, JAN - DFW, REPORTED UAS WHILE S BOUND AT 1,500 FEET 4 N DFW. NO EVASIVE ACTION TAKEN. ARPT PD NOTIFIED. WOC 7-3333 SZ/MK",5,2022-05
2022-05-11,MICHIGAN,DETROIT,"PRELIM INFO FROM FAA OPS: DETROIT, MI/UAS INCIDENT/1644E/DETROIT ATCT ADVISED, CRJ9, ELM - DTW, REPORTED UAS WHILE S BOUND AT 3,000 FEET 4 N DETROIT. NO EVASIVE ACTION REPORTED. MICHIGAN STATE POLICE NOTIFIED. WOC 7-3333 MK/JW",5,2022-05
2022-05-11,NEW YORK,NIAGARA FALLS,"PRELIM INFO FROM FAA OPS: NIAGARA FALLS, NY/UAS INCIDENT/1754E/TSOC ADVISED ANG UNIT AT NIAGARA IAP (IAG) HAD OBSERVED A UAS ON THE EAST SIDE OF THE AIRPORT. NO FURTHER INFORMATION WAS AVAILABLE. NO IMPACT TO OPS. NIAGARA ARPT PD NOTIFIED. WOC 7-3333 JA/SZ",5,2022-05
2022-05-11,NEW JERSEY,NEWARK,"PRELIM INFO FROM FAA OPS: NEWARK, NJ/UAS INCIDENT/1930E/NEWARK ATCT ADVISED, CRJ7, UNV - EWR, REPORTED A WHITE UAS AT THE 3 O'CLOCK POSITION WHILE NE BOUND AT 1,200 FEET ON 3 MILE FINAL TO RUNWAY 4R. NO EVASIVE ACTION TAKEN. LEO NOTIFICATION NOT REPORTED. WOC 7-3333 HM/GG",5,2022-05
2022-05-11,COLORADO,DENVER,"PRELIM INFO FROM FAA OPS: DENVER, CO/UAS INCIDENT/1820M/DENVER TRACON ADVISED, BEECH BE9L, FNL - GLD, OBSERVED A UAS AT THE 9 O'CLOCK POSITION WHILE EASTBOUND AT 11,000 FEET 35 E DENVER. NO EVASIVE ACTION TAKEN. DIA PD NOTIFIED. WOC 7-3333 GG/HM",5,2022-05
2022-05-12,NORTH CAROLINA,CHARLOTTE,"PRELIM INFO FROM FAA OPS: CHARLOTTE, NC/UAS INCIDENT/0945E/CHARLOTTE TRACON ADVISED, CRJ9, CID - CLT, REPORTED A UAS FROM THE RIGHT SIDE WHILE N BOUND AT 3,700 FEET 10 S CLT. NO EVASIVE ACTION TAKEN. CHARLOTTE MECKLENBURG PD NOTIFIED. WOC 7-3333 TB/SZ",5,2022-05
2022-05-12,INDIANA,INDIANAPOLIS,"PRELIM INFO FROM FAA OPS: INDIANAPOLIS, IN/UAS INCIDENT/1450E/INDIANAPOLIS APCH ADVISED, BOMBARDIER CL35, IND  - SBN, REPORTED A WHITE UAS WHILE NE BOUND AT 4,500 FEET 3 NNE BRICKYARD VOR. NO EVASIVE ACTION TAKEN. MARION COUNTY SHERIFF NOTIFIED. WOC 7-3333 TB/SZ",5,2022-05
2022-05-12,CALIFORNIA,SAN JOSE,"PRELIM INFO FROM FAA OPS: SAN JOSE, CA/UAS INCIDENT/1618P/NORCAL TRACON ADVISED, GULFSTREAM G280, SJC - PWK, REPORTED A UAS WHILE NW BOUND AT 13.500 FEET 20 ESE SJC. NO EVASIVE ACTION TAKEN. SANTA CLARA SHERIFF NOTIFIED. WOC 7-3333 HM/JO",5,2022-05
2022-05-12,CALIFORNIA,VAN NUYS,"PRELIM INFO INFO FROM FAA OPS: VAN NUYS, CA/UAS INCIDENT/1840P/SOCAL TRACON ADVISED, B38M, BUR - EDMONTON, CANADA (CYEG), REPORTED A UAS WITHIN 100 FEET OF THE ACFT WHILE NNW BOUND CLIMBING THROUGH 7,000 FEET OVER VNY. NO EVASIVE ACTION TAKEN. LAPD AIR SUPPORT UNIT NOTIFIED. WOC 7-3333 HM/JO",5,2022-05
2022-05-12,PENNSYLVANIA,PITTSBURGH,"PRELIM INFO FROM FAA OPS: PITTSBURGH, PA/UAS INCIDENT/2240E/ALLEGHENY ATCT  ADVISED, EUROCOPTER EC35, REPORTED A UAS WITH RED AND GREEN LIGHTS 100 FEET ABOVE ACFT WHILE SSE BOUND AT 1,400 FEET 5.5 NNW ALLEGHENY COUNTY ARPT (AGC). NO EVASIVE ACTION TAKEN. PITTSBURGH PD NOTIFIED. WOC 7-3333 HM/JO",5,2022-05
2022-05-13,ILLINOIS,CHICAGO,"PRELIM INFO FROM FAA OPS: CHICAGO, IL/UAS INCIDENT/0740C/CHICAGO TRACON ADVISED, E145, LSE - ORD, REPORTED A WHITE UAS AT 1 O'CLOCK POSITION 1,000 FEET BELOW WHILE E BOUND AT 5,000 FEET 13 ESE CHICAGO. NO EVASIVE ACTION TAKEN. CHICAGO PD NOTIFIED. WOC 7-3333 RL/JW",5,2022-05
2022-05-13,NORTH CAROLINA,CHARLOTTE,"PRELIM INFO FROM FAA OPS: CHARLOTTE, NC/UAS INCIDENT/0935E/CHARLOTTE APPROACH ADVISED, CRJ9, CID - CLT, REPORTED A SILVER UAS FROM LEFT SIDE WHILE N BOUND AT 3,300 FEET 10 S CHARLOTTE. NO EVASIVE ACTION TAKEN. LEO NOTIFED VIA ARPT 911. WOC 7-3333 RL/MK",5,2022-05
2022-05-13,FLORIDA,FORT LAUDERDALE,"PRELIM INFO FROM FAA OPS: FORT LAUDERDALE, FL/UAS INCIDENT/1028E/MIAMI ATCT ADVISED, B739, IAH - FLL, REPORTED UAS AT 12 O'CLOCK POSITION 600 FEET BELOW WHILE E BOUND AT 3,000 FEET 10 W FORT LAUDERDALE. NO EVASIVE ACTION TAKEN.  BROWARD COUNTY PD NOTIFIED. WOC 7-3333 RL/JW",5,2022-05
2022-05-13,FLORIDA,JACKSONVILLE,"PRELIM INFO FROM FAA OPS: JACKSONVILLE, FL/UAS INCIDENT/1124E/JACKSONVILLE ATCT ADVISED, CRJ7, PHL - JAX, REPORTED A BLACK UAS FROM RIGHT SIDE WHILE E BOUND AT 1,700 FEET 5 W JACKSONVILLE. NO EVASIVE ACTION TAKEN. JSP UAS UNIT NOTIFIED. WOC 7-3333 RL/JW",5,2022-05
2022-05-13,DISTRICT OF COLUMBIA,WASHINGTON,"PRELIM INFO FROM FAA OPS: WASHINGTON, DC/UAS INCIDENT/1315E/USCP REPORTED UAS NEAR WATER PLANT AT UNKN ALTITUDE 3 S DCA. DCPD WAS NOTIFIED AND CONFISCATED THE UAS. NUMBER NOT PROVIDED. WOC 7-3333 RL/JW",5,2022-05
2022-05-13,TEXAS,DALLAS-FORT WORTH,"PRELIM INFO FROM FAA OPS: DALLAS-FORT WORTH, TX/UAS INCIDENT/LATE REPORT-1217C/DALLAS-FORT WORTH TRACON ADVISED, B77W, EGLL - DFW, REPORTED UAS AT 4,000 FEET WHILE W BOUND AT 4,000 FEET 12 NE DALLAS-FORT WORTH. NO EVASIVE ACTION TAKEN.  LEO NOTIFICATION NOT REPORTED. WOC 7-3333 RL/JW",5,2022-05
2022-05-13,TEXAS,DALLAS-FORT WORTH,"DALLAS-FORT WORTH, TX (DFW):, A321, ORD-DFW, REPORTED A DRONE EAST-BOUND AT 5,000 FT WHILE WEST-BOUND AT 6,000 FT 21 NM NE OF DFW ARPT. 05/13/2022 1727Z",5,2022-05
2022-05-13,GEORGIA,ATLANTA,"PRELIM INFO FROM FAA OPS: ATLANTA, GA/UAS INCIDENT/1354E/PEACHTREE ATCT ADVISED, GULFSTREAM GLF280, REPORTED UAS WHILE S BOUND AT 1,500 FEET 2 N DEKALB-PEACHTREE ARPT. NO EVASIVE ACTION REPORTED. CHAMBLEE PD NOTIFIED. WOC 7-3333 MK/JW",5,2022-05
2022-05-13,MASSACHUSETTS,BEDFORD,"PRELIM INFO FROM FAA OPS: BEDFORD, MA/UAS INCIDENT/1356E/HANSCOM ATCT REPORTED UAS AT 1,500 FEET 2 S BEDFORD. NO IMPACT TO OPERATIONS REPORTED.  MASSACHUSETTS STATE POLICE NOTIFIED. WOC 7-3333 RL/MK",5,2022-05
2022-05-13,CONNECTICUT,WINDSOR LOCKS,"PRELIM INFO FROM FAA OPS: WINDSOR LOCKS, CT/UAS INCIDENT/1540E/BRADLEY ATCT ADVISED, BEECH BE55, REPORTED UAS AT 7,000 FEET WHILE SW BOUND 7 ENE WINDSOR LOCKS. NO EVASIVE ACTION TAKEN. CONNECTICUT STATE POLICE NOTIFIED. WOC 7-3333 RL/MK",5,2022-05
2022-05-13,FLORIDA,LAKELAND,"PRELIM INFO FROM FAA OPS: LAKELAND, FL/UAS INCIDENT/1659E/LAKELAND ATCT ADVISED, B738, RIC - LAL, REPORTED A BLACK UAS AT 1,000 FEET WHILE S BOUND 4 E LAKELAND. NO EVASIVE ACTION TAKEN. LAKELAND PD NOTIFIED. WOC 7-3333 RL/JW",5,2022-05
2022-05-13,ILLINOIS,CHICAGO,"PRELIM INFO FROM FAA OPS: CHICAGO, IL/UAS INCIDENT/1912C/CHICAGO TRACON ADVISED, B789, ORD - FRANKFURT, GERMANY (EDDF), REPORTED A WHITE UAS AT THE 2 O'CLOCK POSITION WHILE N BOUND AT 5,000 FEET 12 NE ORD. NO EVASIVE ACTIONS TAKEN. ATC CHANGED DEPARTURE HEADING TO DECONFLICT WITH THE UAS.  CHICAGO FBI NOTIFIED. WOC 7-3333 JO/GG",5,2022-05
2022-05-13,ILLINOIS,CHICAGO,"PRELIM INFO FROM FAA OPS: CHICAGO, IL/UAS INCIDENT/1915C/CHICAGO TRACON  ADVISED, B789, ORD - NEW DELHI, INDIA (VIDP), REPORTED A BLACK UAS AT THE 2 O'CLOCK POSITION WHILE N BOUND AT 2,500 FEET 7 NE ORD. NO EVASIVE ACTIONS TAKEN. ATC CHANGED DEPARTURE HEADING TO DECONFLICT WITH THE UAS.  CHICAGO FBI NOTIFIED. WOC 7-3333 JO/GG",5,2022-05
2022-05-13,CALIFORNIA,WOODSIDE,"PRELIM INFO FROM FAA OPS: WOODSIDE, CA/UAS INCIDENT/1915P/NORCAL TRACON ADVISED, CRJ9, VANCOUVER, BRITISH COLUMBIA (CYVR) - SFO, REPORTED A UAS AT THE 9 O'CLOCK POSITION WHILE E BOUND AT 4,000 FEET 6 N WOODSIDE VOR. NO INJURIES REPORTED. SAN MATEO SHERIFF NOTIFIED. WOC 7-3333 JO/GG",5,2022-05
2022-05-14,FLORIDA,ORLANDO,"PRELIM INFO FROM FAA OPS: ORLANDO, FL/UAS INCIDENT/1047E/CENTRAL FLORIDA TRACON ADVISED, B737, EWR - RSW, REPORTED UAS FROM THE 9 O'CLOCK POSITION WHILE S BOUND AT 3,000 FEET 6 NNE ORL. NO EVASIVE ACTION TAKEN. LAW ENFORCEMENT NOTIFIED. WOC 7-3333 ER/JA",5,2022-05
2022-05-14,CALIFORNIA,ONTARIO,"PRELIM INFO FROM FAA OPS: ONTARIO, CA/UAS INCIDENT/0935P/SOCAL TRACON ADVISED, CIRRUS SR22, REPORTED UAS FROM THE 3 O'CLOCK POSITION WHILE ENE BOUND AT 9,500 FEET 10 E ONT. NO EVASIVE ACTION TAKEN. ONTARIO PD NOTIFIED. WOC 7-3333 ER/JA",5,2022-05
2022-05-14,NEW YORK,NEW YORK,"PRELIM INFO FROM FAA OPS: NEW YORK, NY/UAS INCIDENT/1400E/NEW YORK TRACON ADVISED, E75L, IAH - LGA, REPORTED RED UAS WHILE NE BOUND AT 4,000 FEET 10 NNE LGA. NO EVASIVE ACTION TAKEN. NYPD AVIATION DEPARTMENT NOTIFIED. WOC 7-3333 ER/JA",5,2022-05
2022-05-14,CALIFORNIA,CHICO,"PRELIM INFO FROM FAA OPS: CHICO, CA/UAS INCIDENT/1508P/CHICO ATCT REPORTED OBSERVING A UAS EYE LEVEL WITHIN 50 FEET OF THE CONTROL TOWER. THE UAS WAS LAST SEEN DESCENDING BETWEEN TWO ACFT HANAGRS NORTH OF THE AIRFIELD. NO IMPACT TO AIR OPERATIONS. WOC 7-3333 JO/CF.",5,2022-05
2022-05-14,MICHIGAN,DETROIT,"PRELIM INFO FROM FAA OPS: DETROIT, MI/UAS INCIDENT/1855E/DETROIT TRACON ADVISED, CRJ9, RIC - DTW, REPORTED A UAS FROM THE 12 O'CLOCK POSITION WHILE NNE BOUND AT 3,400 FEET 11 ENE DETROIT. NO EVASIVE ACTION TAKEN. MICHIGAN ST PD NOTIFIED. WOC 7-3333 TB/JO",5,2022-05
2022-05-14,CALIFORNIA,WOODSIDE,"PRELIM INFO FROM FAA OPS: WOODSIDE, CA/UAS INCIDENT/1600P/PALO ALTO ATCT ADVISED, ZIVKO EDGE , REPORTED A BLACK QUADCOPTER UAS AT 2,000 FEET 5 E WOODSIDE VOR. NO EVASIVE ACTION TAKEN. NO LEO NOTIFICATION REPORTED. WOC 7-3333 TB/JO",5,2022-05
2022-05-14,NEW MEXICO,SANTA FE,"PRELIM INFO FROM FAA OPS: SANTA FE, NM/UAS INCIDENT/1715M/ALBUQUERQUE ARTCC ADVISED, ROCKWELL AC90, REPORTED A YELLOW UAS WHILE S BOUND AT 11,500 FEET 30 WNW SANTE FE. NO EVASIVE ACTION TAKEN. USFS NOTIFIED. WOC 7-3333 TB/JF",5,2022-05
2022-05-14,ILLINOIS,CHICAGO,"CLOSE-OUT INFO FROM FAA OPS: CHICAGO, IL/UAS INCIDENT/1945C/CHICAGO MIDWAY ATCT ADVISED, BELL B06, TOOK UNSPECIFIED EVASIVE ACTION. WOC 7-3333 TB/JO",5,2022-05
2022-05-14,CALIFORNIA,SACRAMENTO,"PRELIM INFO FROM FAA OPS: SACRAMENTO, CA/UAS INCIDENT/1725P/SACRAMENTO ATCT ADVISED, B738, LAX - SMF, REPORTED 2 UAS FROM THE LEFT SIDE WHILE S BOUND AT 800 FEET ON 3 MILE FINAL RUNWAY 35L. NO EVASIVE ACTION TAKEN. AIRPORT FIELD OPS TO BE NOTIFIED. WOC 7-3333 TB/CF",5,2022-05
2022-05-15,FLORIDA,MIAMI,"PRELIM INFO FROM FAA OPS: MIAMI, FL/UAS INCIDENT/0903E/MIAMI TRACON ADVISED, B738, EWR - MIA, REPORTED A SILVER UAS FROM THE LEFT SIDE WHILE W BOUND AT 6,000 FEET 5 N MIA. NO EVASIVE ACTION REPORTED. MIAMI DADE PD NOTIFIED. WOC 7-3333 JG/RC",5,2022-05
2022-05-15,FLORIDA,WEST PALM BEACH,"PRELIM INFO FROM FAA OPS: WEST PALM BEACH, FL/UAS INCIDENT/1123E/WEST PALM BEACH APCH ADVISED, CESSNA C56X, PBI - PDK, REPORTED BLACK UAS FROM THE LEFT SIDE WHILE E BOUND AT 4,000 FEET 3 E PBI. NO EVASIVE ACTION TAKEN. PALM BEACH COUNTY SHERIFF NOTIFIED. WOC 7-3333 ER/JG",5,2022-05
2022-05-15,FLORIDA,WEST PALM BEACH,"PRELIM INFO FROM FAA OPS: WEST PALM BEACH, FL/UAS INCIDENT/1124E/WEST PALM BEACH APCH ADVISED, DASSAULT F2TH, REPORTED BLACK UAS FROM THE LEFT SIDE WHILE E BOUND AT 4,000 FEET 3 E PBI. NO EVASIVE ACTION TAKEN. PALM BEACH COUNTY SHERIFF NOTIFIED. WOC 7-3333 ER/JG",5,2022-05
2022-05-15,WEST VIRGINIA,HUNTINGTON,"PRELIM INFO FROM FAA OPS: HUNTINGTON, WV/UAS INCIDENT/1145E/HUNTINGTON APCH ADVISED, CESSNA C182, REPORTED A REFLECTIVE ORANGE UAS 150 FEET BELOW ACFT FROM THE 12 O'CLOCK POSITION WHILE S BOUND AT 500 FEET 2 S HUNTINGTON. NO EVASIVE ACTION REPORTED.  CABELL COUNTY NOTIFIED VIA 911. WOC 7-3333 JG/DJ",5,2022-05
2022-05-15,KENTUCKY,COVINGTON,"PRELIM INFO FROM FAA OPS: COVINGTON, KY/UAS INCIDENT/1210E/COVINGTON ATCT ADVISED, HONDA HDJT, CVG - IAH, REPORTED A  SILVER UAS (OR BALLOON) 1,000 FEET ABOVE ACFT AT THE 12 O'CLOCK POSITION WHILE S BOUND CLIMBING THROUGH 7,000 FEET 10 W COVINGTON. NO EVASIVE ACTION REPORTED. LEOS NOTIFICATION NOT REPORTED. WOC 7-3333 DJ/RC",5,2022-05
2022-05-15,FLORIDA,TALLAHASSEE,"PRELIM INFO FROM FAA OPS: TALLAHASSEE, FL/UAS INCIDENT/1230E/TALLAHASSEE ATCT ADVISED, PIPER 28A, JQF - TLH, REPORTED A UAS FROM THE 9 O'CLOCK POSITION WHILE W BOUND AT 2,000 FEET 5 E TLH. NO EVASIVE ACTION REPORTED. TALLAHASSEE PD NOTIFIED. WOC 7-3333 JG/RC",5,2022-05
2022-05-15,GEORGIA,ATLANTA,"CORRECTION INFO (EVASIVE ACTION) FROM FAA OPS: ATLANTA, GA/UAS INCIDENT/1349E/ATL TRACON ADVISED, A359, PARIS, FRANCE (LFPG) - ATL, REPORTED UAS 100 FEET ABOVE ACFT AT THE 12 O'CLOCK POSITION WHILE ON 5 MILE FINAL RUNWAY 27L AT 3,600 FEET. NO EVASIVE ACTION REPORTED. FULTON COUNTY SHERIFF NOTIFIED. WOC 7-3333 DJ/RC",5,2022-05
2022-05-15,MISSOURI,ST LOUIS,"PRELIM INFO FROM FAA OPS: ST LOUIS, MO/UAS INCIDENT/1250C/ST LOUIS TRACON ADVISED, CIRRUS SR22, REPORTED YELLOW UAS FROM THE LEFT SIDE WHILE NE BOUND AT 5,000 FEET 15 SSE STL. NO EVASIVE ACTION TAKEN. ST LOUIS COUNTY PD NOTIFIED. WOC 7-3333 ER/JG",5,2022-05
2022-05-15,GEORGIA,ATLANTA,"PRELIM INFO FROM FAA OPS: ATLANTA, GA/UAS INCIDENT/1410E/ATL TRACON ADVISED, B739, DAB - ATL, REPORTED UAS AT THE 12 O'CLOCK POSITION WHILE ON 5 MILE FINAL RUNWAY 27L AT 3,600 FEET. NO EVASIVE ACTION REPORTED. FULTON COUNTY SHERIFF NOTIFIED. WOC 7-3333 DJ/RC",5,2022-05
2022-05-15,GEORGIA,ATLANTA,"PRELIM INFO FROM FAA OPS: ATLANTA, GA/UAS INCIDENT/1410E/ATL TRACON ADVISED, A320, ORF - ATL, REPORTED UAS AT THE 12 O'CLOCK POSITION WHILE ON 5 MILE FINAL RUNWAY 27L AT 3,600 FEET. NO EVASIVE ACTION REPORTED. FULTON COUNTY SHERIFF NOTIFIED. WOC 7-3333 DJ/RC",5,2022-05
2022-05-15,CALIFORNIA,SAN JOSE,"PRELIM INFO FROM FAA OPS: SAN JOSE, CA/UAS INCIDENT/1144P/REID-HILLVIEW ATCT ADVISED, CESSNA C82S, REPORTED UAS AT SAME ALTITUDE FROM THE 3 O'CLOCK POSITION WHILE SE BOUND AT 2,300 FEET 9 E SJC. NO EVASIVE ACTION REPORTED. SAN JOSE PD NOTIFIED. WOC 7-3333 DJ/JG",5,2022-05
2022-05-15,MARYLAND,BALTIMORE,"PRELIM INFO FROM FAA OPS: BALTIMORE, MD/UAS SIGHTING/1622E/E-ROC ADVISED, CRJ7, DCA - PHL, REPORTED A NEAR MISS WITH A DRONE AT BAL140/14 AND 110 FEET. NO EVASIVE MANEUVER REPORTED. LOCAL PD NOTIFIED (NO PHONE PROVIDED). WOC 7-3333 JA/EF",5,2022-05
2022-05-15,TENNESSEE,MEMPHIS,"PRELIM INFO FROM FAA OPS: MEMPHIS, TN/UAS INCIDENT/1720C/MEMPHIS TRACON ADVISED, B763, MEM - GEG, REPORTED A DARK UAS 200 FEET BELOW THE 12 O'CLOCK POSITION WHILE SSW BOUND AT 3,200 FEET 8 S MEM. NO EVASIVE ACTION TAKEN. DESOTO SHERIFF OFFICE NOTIFIED. WOC 7-3333 JF/TB",5,2022-05
2022-05-15,GEORGIA,LAWRENCEVILLE,"PRELIM INFO FROM FAA OPS: LAWRENCEVILLE, GA/UAS INCIDENT/1940E/ATLANTA TRACON ADVISED, E55P, ECP - LZU, REPORTED AN ORANGE UAS FROM THE 3 O'CLOCK POSITION WHILE E BOUND AT 4,000 FEET 5 NNW LAWRENCEVILLE. NO EVASIVE ACTION TAKEN. LILBURN PD NOTIFIED. WOC 7-3333 TB/JF",5,2022-05
2022-05-16,NEW YORK,NEW YORK,"PRELIM INFO FROM FAA OPS: NEW YORK, NY/UAS INCIDENT/0833E/LAGUARDIA ATCT ADVISED, B738, LGA - DEN, REPORTED A QUADCOPTER WHILE SE BOUND AT 1,000 FEET OVER RWY 13 DEPARTURE LGA. NO EVASIVE ACTION REPORTED. NYPD AVIATION NOTIFIED VIA PORT AUTHORITY. WOC 7-3333 JG/ER",5,2022-05
2022-05-16,PENNSYLVANIA,PHILADELPHIA,"PRELIM INFO FROM FAA OPS: PHILADELPHIA, PA/UAS INCIDENT/1508E/PHILADELPHIA ATCT ADVISED, CRJ7, BUF - PHL, REPORTED SILVER AND GRAY QUAD COPTER UAS FROM THE 3 O'CLOCK POSITION WHILE ESE BOUND AT 2,300 FEET 9 SSW PHL. NO EVASIVE ACTION REPORTED. ARPT PD NOTIFIED. WOC 7-3333 ER/JG",5,2022-05
2022-05-16,MASSACHUSETTS,BOSTON,"PRELIM INFO FROM FAA OPS: BOSTON, MA/UAS INCIDENT/1511E/BOSTON TRACON ADVISED, BCS3, MONTREAL, CANADA (CYUL) - BOS, REPORTED UAS FROM RIGHT SIDE WHILE NE BOUND AT 2,100 FEET 6 SW BOS. NO EVASIVE ACTION TAKEN. MASSACHUSETTS STATE POLICE NOTIFIED. WOC 7-3333 RL/ER",5,2022-05
2022-05-16,OKLAHOMA,TULSA,"PRELIM INFO FROM FAA OPS: TULSA, OK/UAS INCIDENT/1510C/TULSA ATCT ADVISED , F16 (2), REPORTED A BLUE AND WHITE UAS FROM THE 3 O'CLOCK POSITION WHILE S BOUND AT 6,800 FEET 10 N TUL. NO EVASIVE ACTION TAKEN. TULSA COUNTY SHERIFF NOTIFIED. WOC 7-3333 SZ/MK",5,2022-05
2022-05-16,FLORIDA,ST PETERSBURG-CLEARWATER,"PRELIM INFO FROM FAA OPS: ST PETERSBURG-CLEARWATER, FL/UAS INCIDENT/1744E/ST PETERSBURG ATCT ADVISED, A319, FWA - PIE, REPORTED A UAS 500 FEET BELOW ACFT WHILE S BOUND AT 2,000 FEET 6 N PIE. NO EVASIVE ACTION TAKEN. CLEARWATER PD NOTIFICATION NUMBER NOT REPORTED. WOC 7-3333 RC/JF",5,2022-05
2022-05-17,GEORGIA,ATLANTA,"PRELIM INFO FROM FAA OPS: ATLANTA, GA/UAS INCIDENT/1123E/ATLANTA TRACON ADVISED, B738, ATL - ELP, REPORTED UAS AT 8,500 FEET 15 NE ATL. NO EVASIVE ACTION TAKEN.  FULTON COUNTY SHERIFF NOTIFIED. WOC 7-3333 RL/SY",5,2022-05
2022-05-17,TEXAS,HOUSTON,"PRELIM INFO FROM FAA OPS: HOUSTON, TX/UAS INCIDENT/1045C/SUGAR LAND ATCT ADVISED, HONDA HDJT,  REPORTED A WHITE UAS AT 1,600 FEET WHILE S BOUND 4 N SUGAR LAND REGIONAL ARPT. NO EVASIVE ACTION TAKEN. LEO NOTIFIED. PHONE NUMBER NOT PROVIDED. WOC 7-3333 SY/EF",5,2022-05
2022-05-17,FLORIDA,ORLANDO,"PRELIM INFO FROM FAA OPS: ORLANDO, FL/UAS INCIDENT/1548E/KISSIMMEE ATCT ADVISED, HELO, REPORTED A BLACK QUADCOPTER AT 3 O'CLOCK POSITION AT 200 FEET WHILE N BOUND 1 WNW KISSIMMEE GATEWAY ARPT. NO EVASIVE ACTION TAKEN. KISSIMMEE POLICE DISPATCH NOTIFIED. NUMBER NOT PROVIDED. WOC 7-3333 RL/SY",5,2022-05
2022-05-17,TEXAS,HOUSTON,"PRELIM INFO FROM FAA OPS: HOUSTON, TX/UAS INCIDENT/1735C/HOUSTON TRACON ADVISED, B739, CANCUN, MEXICO (MMUN) - IAH, REPORTED UAS FROM THE 9 O'CLOCK POSITION WHILE W BOUND AT 7,000 FEET 10 ESE IAH. NO EVASIVE ACTION TAKEN. LEO NOTIFICATION NOT REPORTED. WOC 7-3333 JF/TB",5,2022-05
2022-05-17,DISTRICT OF COLUMBIA,WASHINGTON,"PRELIM INFO FROM FAA OPS: WASHINGTON, DC/UAS INCIDENT/2024E/WASHINGTON REAGAN NATIONAL ATCT ADVISED, HELO, DCA - DCA, REPORTED A UAS AT 100 FEET HOVERING OVER WOODROW WILSON BRIDGE 3 SSW DCA. NO EVASIVE ACTION TAKEN. ALEXANDRIA PD NOTIFIED. WOC 7-3333 TB/JF",5,2022-05
2022-05-17,NEW JERSEY,NEWARK,"PRELIM INFO FROM FAA OPS: NEWARK, NJ/UAS INCIDENT/2200E/NEW YORK TRACON ADVISED, CESSNA C68A, MDW - TTN, REPORTED A GREEN UAS FROM THE 3 O'CLOCK POSITION WHILE NE BOUND AT 2,000 FEET 8 WSW EWR. NO EVASIVE ACTION TAKEN. NJ HOMELAND SECURITY NOTIFIED. WOC 7-3333 TB/JF",5,2022-05
2022-05-18,MASSACHUSETTS,NORWOOD,"PRELIM INFO FROM FAA OPS: NORWOOD, MA/UAS INCIDENT/0915E/NORWOOD ATCT ADVISED, PIPER PA31, REPORTED UAS AT 9 O'CLOCK POSITION AT 1,500 FEET WHILE E BOUND VCNTY NORWOOD MEMORIAL ARPT. NO EVASIVE ACTION TAKEN.  LEO NOTIFICATION NOT REPORTED. WOC 7-3333 RL/EF",5,2022-05
2022-05-18,NEW MEXICO,LAS VEGAS,"PRELIM INFO FROM FAA OPS: LAS VEGAS, NM/UAS INCIDENT/LATE REPORT-0845M/US FOREST SERVICE REPORTED A WHITE QUADCOPTER UAS AT 300 FEET WHILE S BOUND VCNTY LAS VEGAS. UAS OBSERVED VISUALLY ON THE GROUND. NO IMPACT TO OPERATIONS. LEO NOTIFICATION NOT REPORTED. WOC 7-3333 RL/EF",5,2022-05
2022-05-18,NEW MEXICO,ALBUQUERQUE,"PRELIM INFO FROM FAA OPS: ALBUQUERQUE, NM/UAS INCIDENT/0957M/ALBUQUERQUE ATCT ADVISED, BEECH BE35, REPORTED A GREY UAS AT 1,000 FEET 10 S ALBUQUERQUE. NO EVASIVE ACTION TAKEN. ALBUQUERQUE PD NOTIFIED. WOC 7-3333 RL/EF",5,2022-05
2022-05-18,WASHINGTON,YAKIMA,"PRELIM INFO FROM FAA OPS: YAKIMA, WA/UAS INCIDENT/1202P/YAKIMA ATCT ADVISED, GULFSTREAM AEROSPACE G150, REPORTED UAS FROM RIGHT SIDE AT 850 FEET WHILE W BOUND 2 SW YAKIMA. NO EVASIVE ACTION TAKEN. LEO NOTIFICATION NOT REPORTED. WOC 7-3333 RL/EF",5,2022-05
2022-05-18,VERMONT,BURLINGTON,"PRELIM INFO FROM FAA OPS: BURLINGTON, VT/UAS INCIDENT/1740E/BURLINGTON ATCT ADVISED, CESSNA C172, VSF - BTV, REPORTED A LARGE, BLACK, MULTI-ROTOR UAS 500 FEET BELOW ACFT WHILE ENE BOUND AT 2,000 FEET 4 NE BTV. NO EVASIVE ACTION TAKEN. BURLINGTON PD NOTIFIED. WOC 7-3333 HM/JO",5,2022-05
2022-05-19,NORTH CAROLINA,WILMINGTON,"PRELIM INFO FROM FAA OPS: WILMINGTON, NC/UAS INCIDENT/LATE REPORT-1118E/WILMINGTON ATCT ADVISED, HELO, REPORTED UAS AT 12 O'CLOCK POSITION WHILE SW BOUND AT 1,800 FEET 1 N WILMINGTON. NO EVASIVE ACTION TAKEN. AIRBORNE LEO NOTIFIED GROUND UNITS. WOC 7-3333 RL/SY",5,2022-05
2022-05-19,UTAH,SALT LAKE CITY,"PRELIM INFO FROM FAA OPS: SALT LAKE CITY, UT/UAS INCIDENT/LATE REPORT-1159M/SALT LAKE CITY ATCT ADVISED , REPORTED UAS 40 FEET NEAR FBI BUILDING 6 SSW SALT LAKE CITY. EVASIVE ACTION NOT REPORTED.  SALT LAKE CITY ARPT PD NOTIFIED. WOC 7-3333 RL/EF",5,2022-05
2022-05-19,NEW YORK,NEW YORK,"PRELIM INFO FROM FAA OPS: NEW YORK, NY/UAS INCIDENT/1940E/NEW YORK TRACON ADVISED, CESSNA C182, REPORTED A RED UAS OFF THE LEFT SIDE AT 5,000 FEET 5 NW JFK. NO EVASIVE ACTION TAKEN. NYPD AVIATION DIVISION NOTIFIED. WOC 7-3333 JO/HM",5,2022-05
2022-05-20,VIRGINIA,ROANOKE,"PRELIM INFO FROM FAA OPS: ROANOKE, VA/UAS INCIDENT/1414E/ROANOKE ATCT ADVISED, C295, REPORTED A BLACK AND SILVER UAS AT 2 O'CLOCK POSITION 50 FEET ABOVE WHILE NE BOUND AT 2,100 FEET 7 ESE ROANOKE. NO EVASIVE ACTION TAKEN.  VIRGINIA STATE POLICE NOTIFIED. WOC 7-3333 SY/ER",5,2022-05
2022-05-20,NEW YORK,NEW YORK,"PRELIM INFO FROM FAA OPS: NEW YORK, NY/UAS INCIDENT/1457E/BOSTON ARTCC ADVISED, CIRRUS SR22, REPORTED YELLOW AND BLACK UAS FROM THE RIGHT SIDE WHILE SSW BOUND AT 6,500 FEET 10 ESE SWF. NO EVASIVE ACTION TAKEN. NYPD NOTIFIED. WOC 7-3333 ER/JG",5,2022-05
2022-05-20,VIRGINIA,RICHMOND,"PRELIM INFO FROM FAA OPS: RICHMOND, VA/UAS INCIDENT/1643E/POTOMAC TRACON ADVISED, CIRRUS SR22, REPORTED A SILVER UAS FROM THE 12 O'CLOCK POSITION WHILE WSW BOUND AT 4,700 FEET 9 N RIC. NO EVASIVE ACTION TAKEN. HANOVER COUNTY SHERIFF NOTIFIED. WOC 7-3333 JG/RC",5,2022-05
2022-05-20,TENNESSEE,MEMPHIS,"PRELIM INFO FROM FAA OPS: MEMPHIS, TN/UAS INCIDENT/1609C/MEMPHIS TRACON ADVISED, PIPER P46T, [DEPARTURE] - [ARRIVAL], REPORTED A BLUE UAS AT THE 9 O'CLOCK POSITION WHILE S BOUND AT 1,400 FEET 5 N MEM. NO EVASIVE ACTION TAKEN. MEMPHIS PD NOTIFIED. WOC 7-3333 JO/HM",5,2022-05
2022-05-20,TENNESSEE,SMYRNA,"PRELIM INFO FROM FAA OPS: SMYRNA, TN/UAS INCIDENT/1705C/SMYRNA ATCT ADVISED, H60, REPORTED A UAS AT THE 9 O'CLOCK POSITION WHILE E BOUND AT 3,000 FEET NO EVASIVE ACTION TAKEN. SMYRNA ARPT PD NOTIFIED. WOC 7-3333 HM/JO",5,2022-05
2022-05-20,TENNESSEE,CHATTANOOGA,"PRELIM INFO FROM FAA OPS: CHATTANOOGA, TN/UAS INCIDENT/1851E/CHATTANOOGA ATCT ADVISED, ROBINSON R22, CHA - CHA, REPORTED A YELLOW UAS FROM THE 12 O'CLOCK POSITION WHILE SSE BOUND AT 1,400 FEET 2 WNW CHA. ACFT MANEUVERED TO AVOID UAS. CHATTANOOGA ARPT PD NOTIFIED. WOC 7-3333 JW/HM",5,2022-05
2022-05-21,CONNECTICUT,MERIDEN,"PRELIM INFO FROM FAA OPS: MERIDEN, CT/UAS INCIDENT/1140E/BRADLEY TRACON ADVISED, BEECH BE36, REPORTED A BLACK UAS FROM THE 3 O'CLOCK POSITION WHILE E BOUND AT 5,500 FEET 2 NW MERIDEN. NO EVASIVE ACTION REPORTED. MERIDEN PD NOTIFIED. WOC 7-3333 JG/RC",5,2022-05
2022-05-21,MICHIGAN,DETROIT,"PRELIM INFO FROM FAA OPS: DETROIT, MI/UAS INCIDENT/1456E/DETROIT ATCT ADVISED, CRJ9, BUF - DTW, REPORTED A WHITE UAS FROM BELOW ACFT WHILE SSW BOUND AT 2,000 FEET 5 NNE DTW. NO EVASIVE ACTION TAKEN. MICHIGAN STATE PD NOTIFIED. WOC 7-3333 RC/EC",5,2022-05
2022-05-21,ILLINOIS,CHICAGO-WEST CHICAGO,"PRELIM INFO FROM FAA OPS: CHICAGO-WEST CHICAGO, IL/UAS INCIDENT/1832C/DUPAGE ATCT ADVISED THE FBO RECEIVED MULTIPLE REPORTS FROM CITIZENS OF A UAS AT 200 FEET 1 WNW DPA. NO ACFT INVOLVED. NO IMPACT TO OPERATIONS. SAINT CHARLES PD NOTIFIED. WOC 7-3333 HM/JO",5,2022-05
2022-05-21,CALIFORNIA,VAN NUYS,"PRELIM INFO FROM FAA OPS: VAN NUYS, CA/UAS INCIDENT/1824P/VAN NUYS ATCT ADVISED, CESSNA C172, VNY - VNY, REPORTED A SILVER UAS OFF THE RIGHT SIDE WHILE S BOUND AT 2,000 FEET 1.5 NNW VNY. NO EVASIVE ACTION TAKEN. LAPD AIR SUPPORT DIVISION NOTIFIED. WOC 7-3333 JO/JW",5,2022-05
2022-05-22,ILLINOIS,CHICAGO,"PRELIM INFO FROM FAA OPS: CHICAGO, IL/UAS INCIDENT/1103C/CHICAGO TRACON ADVISED, CRJ7, MDW - MSP, REPORTED GREY UAS 50 FEET BELOW ACFT WHILE W BOUND AT 6,400 FEET 15 S CHICAGO. NO EVASIVE ACTION REPORTED. CHICAGO FBI NOTIFIED. WOC 7-3333 MK/JF",5,2022-05
2022-05-22,FLORIDA,ST PETERSBURG-CLEARWATER,"PRELIM INFO FROM FAA OPS: ST PETERSBURG-CLEARWATER, FL/UAS INCIDENT/1220E/TAMPA ATCT ADVISED, BOMBARDIER CL60, PIE - DPA, REPORTED A WHITE UAS AT SAME ALTITUDE FROM THEIR 12 O'CLOCK POSITION WHILE N BOUND AT 2,000 FEET 7 WNW PIE. NO EVASIVE ACTION TAKEN. LEO NOTIFICATION NOT REPORTED. WOC 7-3333 JF/MK",5,2022-05
2022-05-22,GEORGIA,ATLANTA,"PRELIM INFO FROM FAA OPS: ATLANTA, GA/UAS INCIDENT/1553E/ATLANTA TRACON ADVISED, B752, DEN - ATL, REPORTED A UAS 2,000 FEET BELOW ACFT WHILE S BOUND AT 11,000 FEET OVER TURNER BASEBALL FIELD. NO EVASIVE ACTION REPORTED. FULTON COUNTY PD NOTIFIED. WOC 7-3333 MK/JF",5,2022-05
2022-05-22,NEW YORK,NEW YORK,"PRELIM INFO FROM FAA OPS: NEW YORK, NY/UAS INCIDENT/1707E/ISLIP ATCT ADVISED CESSNA C172, ISP - ISP, REPORTED A UAS 30 FEET FROM THEIR 1 O'CLOCK POSITION WHILE WSW BOUND AT 1,500 FEET 5 NE ISP. NO EVASIVE ACTION TAKEN. SUFFOLK COUNTY PD HELO NOTIFIED ON FREQUENCY. WOC 7-3333 JF/MK",5,2022-05
2022-05-22,CONNECTICUT,HARTFORD,"PRELIM INFO FROM FAA OPS: HARTFORD, CT/UAS INCIDENT/1720E/HARTFORD ATCT ADVISED, CESSNA C172, HFD - HFD, REPORTED A BLACK AND RED UAS WHILE N BOUND AT 1,500 FEET 7 S HFD. NO EVASIVE ACTION TAKEN. HARTFORD PD NOTIFIED. WOC 7-3333 JF/MK",5,2022-05
2022-05-22,WASHINGTON,SEATTLE,"PRELIM INFO FROM FAA OPS: SEATTLE, WA/UAS INCIDENT/1603P/SEATTLE TRACON ADVISED, DH8D, SEA - GEG, REPORTED A BLACK AND WHITE QUADCOPTER FROM LEFT SIDE WHILE ENE BOUND AT 7,800 FEET 18 NE SEATTLE. NO EVASIVE ACTION TAKEN.  KING COUNTY SHERIFF NOTIFIED VIA 911. WOC 7-3333 RL/EF",5,2022-05
2022-05-22,TEXAS,HOUSTON,"PRELIM INFO FROM FAA OPS: HOUSTON, TX/UAS INCIDENT/1850C/HOUSTON TRACON ADVISED, BEECH BE40, REPORTED UAS AT 4,400 FEET WHILE E BOUND 14 WSW HOUSTON. NO EVASIVE ACTION TAKEN. TEXAS DPS NOTIFIED. WOC 7-3333 RL/EF",5,2022-05
2022-05-22,MISSOURI,JOPLIN,"PRELIM INFO FROM FAA OPS: JOPLIN, MO/UAS INCIDENT/1903C/LOCAL PILOT REPORTED A WHITE RC PLANE FLYING AT 100 FEET VCNTY APPROACH END RUNWAY 36 .5 N JLN. NO ACFT INVOLVED. JOPLIN PD NOTIFIED. PHONE NUMBER NOT PROVIDED. WOC 7-3333 SZ/EF",5,2022-05
2022-05-22,CALIFORNIA,PALO ALTO,"PRELIM INFO FROM FAA OPS: PALO ALTO, CA/UAS INCIDENT/2055P/PALO ALTO ATCT ADVISED, EUROCOPTER EC145, REPORTED UAS AT 500 FEET WHILE NE BOUND 5 SW PALO ALTO. NO EVASIVE ACTION TAKEN.  PALO ALTO PD NOTIFIED. WOC 7-3333 RL/EF",5,2022-05
2022-05-23,ILLINOIS,CHICAGO,"PRELIM INFO FROM FAA OPS: CHICAGO, IL/UAS INCIDENT/1325C/CHICAGO MIDWAY ATCT ADVISED, B38M, COS - MDW, REPORTED A UAS FROM THE 12 O'CLOCK POSITION WHILE NE BOUND AT 1,800 FEET 8 SW MDW. NO EVASIVE ACTION TAKEN. 911 NOTIFIED. WOC 7-3333 TB/MK",5,2022-05
2022-05-23,ILLINOIS,WEST CHICAGO,"PRELIM INFO FROM FAA OPS: CHICAGO/WEST CHICAGO, IL/UAS INCIDENT/1338C/DUPAGE ATCT ADVISED, CESSNA C172, REPORTED A UAS WHILE SSW BOUND AT 1,800 FEET 1 W DPA. NO EVASIVE ACTION TAKEN. CITY OF WEST CHICAGO NOTIFIED. WOC 7-3333 TB/MK",5,2022-05
2022-05-23,NORTH CAROLINA,SOUTHERN PINES,"PRELIM INFO FROM FAA OPS: SOUTHERN PINES, NC/UAS INCIDENT/1825E/, A319, MYR - DTW,  REPORTED AN OBSERVING AN UNKN TYPE UAS WHILE NORTHWEST BOUND AT FL280 VCNTY SOUTHERN PINE. PILOT BELIEVES IT MAY HAVE BEEN A MILITARY VEHICLE. NO EVASIVE ACTION REPORTED. NO LEO NOTIFICATION PROVIDED. WOC 7-3333 JA/EF",5,2022-05
2022-05-23,CALIFORNIA,SAN FRANCISCO,"PRELIM INFO FROM FAA OPS: SAN FRANCISCO, CA/UAS INCIDENT/2110P/SAN FRANCISCO ATCT ADVISED, E75L, ACV - SFO, REPORTED A UAS AT THE 9 O'CLOCK POSITION WHILE WNW BOUND AT 1,100 FEET ON 4 MILE FINAL. NO EVASIVE ACTION TAKEN. LEO NOTIFICATION NOT REPORTED. WOC 7-3333 EF/SZ",5,2022-05
2022-05-24,UTAH,SALT LAKE CITY,"PRELIM INFO FROM FAA OPS: SALT LAKE CITY, UT/UAS INCIDENT/1140M/SALT LAKE ATCT ADVISED, EMBRAER E190, MIGUEL COSTILL AIRPORT, MEXICO (MMGL) REPORTED A UAS AT 4,500 FEET WHILE NW BOUND 2 S SLC. UAS SIZE AND COLOR NOT REPORTED. NO EVASIVE ACTION REPORTED. LEO NOTIFICATION NOT REPORTED. WOC 7-3333 EC/JW",5,2022-05
2022-05-24,INDIANA,INDIANAPOLIS,"PRELIM INFO FROM FAA OPS: INDIANAPOLIS, IN/UAS INCIDENT/1332E/INDIANAPOLIS ATCT ADVISED, DIAMOND DA40, IND - IND, REPORTED A RED UAS FROM THE 1 O'CLOCK POSITION WHILE SE BOUND AT 4,000 FEET 6 NW BRICKYARD VOR. NO EVASIVE ACTION TAKEN. HENDRICKS COUNTY SHERIFF NOTIFIED. WOC 7-3333 TB/JW",5,2022-05
2022-05-24,FLORIDA,TAMPA,"PRELIM INFO FROM FAA OPS: TAMPA, FL/UAS INCIDENT/1503E/TAMPA ATCT ADVISED, A321, CLT - TPA, REPORTED MULTIPLE UAS ON LEFT AND RIDE SIDE OF AIRCRAFT AT 1,200 FEET ON 5 MILE FINAL RUNWAY 19L TPA. SIZE AND COLOR OF UAS NOT SPECIFIED. HILLSBOROUGH COUTY AIRPORT AUTHORITY (HCAA) OPERATIONS UNABLE TO DETECT UAS WITH SOTWARE. NO EVASIVE ACTION TAKEN. NO IMPACT TO OPERATIONS. WOC 7-3333 EC/JW",5,2022-05
2022-05-24,CALIFORNIA,LOS ANGELES,"PRELIM INFO FROM FAA OPS: LOS ANGELES, CA/UAS INCIDENT/1412P/SOCAL TRACON ADVISED, B737, ELP - LAX, REPORTED A SILVER UAS FROM THE 9 O'CLOCK POSITION WHILE WSW BOUND AT 9,800 FEET 35 ENE LAX. NO EVASIVE ACTION TAKEN. ONTARIO PD NOTIFIED. WOC 7-3333 JW/TB",5,2022-05
2022-05-24,MICHIGAN,HOLLAND,"PRELIM INFO FROM FAA OPS: HOLLAND, MI/UAS INCIDENT/1730E/GREAT LAKES APCH ADVISED, CESSNA C550, REPORTED A UAS FROM THE 9 O'CLOCK POSITION WHILE E BOUND AT 500 FEET ON 1 MILE FINAL RUNWAY 8. NO EVASIVE ACTION TAKEN. ALLEGAN COUNTY SHERIFF NOTIFIED. WOC 7-3333 TB/JW",5,2022-05
2022-05-24,VIRGINIA,HERNDON,"PRELIM INFO FROM FAA OPS: HERNDON, VA/UAS INCIDENT/1800E/POTOMAC TRACON ADVISED, CRJ2, ERI - IAD, REPORTED A WHITE UAS WHILE S BOUND AT 4,000 FEET 5 ESE ARMEL VOR/DME. NO EVASIVE ACTION TAKEN. FAIRFAX COUNTY POLICE NOTIFIED. WOC 7-3333 EF/JA",5,2022-05
2022-05-24,NEW YORK,ROCHESTER,"PRELIM INFO FROM FAA OPS: ROCHESTER, NY/UAS INCIDENT/1940E/ROCHESTER ATCT ADVISED, PIPER P28R, REPORTED A RED UAS OFF THE 12 O'CLOCK POSITION WHILE ENE BOUND AT 1,000 FEET .5 E ROCHESTER. NO INJURIES REPORTED. MONROE COUNTY SHERIFF NOTIFIED. PHONE NUMBER NOT PROVIDED. WOC 7-3333 EF/JA",5,2022-05
2022-05-24,CALIFORNIA,PANOCHE,"PRELIM INFO FROM FAA OPS: PANOCHE, CA/UAS INCIDENT/2100P/NORCAL TRACON ADVISED, F15, OBSERVED A UAS WHILE SOUTHWEST BOUND AT 7,500 FEET, 9 W PANOCHE. NO INJURIES REPORTED. LOCAL LAW ENFORCEMENT NOTIFIED (PHONE NOT PROVIDED). WOC 7-3333 JA/EF",5,2022-05
2022-05-25,NEW YORK,NEW YORK,"PRELIM INFO FROM FAA OPS: NEW YORK, NY/UAS INCIDENT/LATE REPORT-0827E/NEW YORK TRACON ADVISED, A321, MIA - LGA, REPORTED A GRAY UAS WHILE NE BOUND AT 2,500 FEET 10 NNE LGA. NO EVASIVE ACTION TAKEN. NEW YORK PD AVIATION UNIT NOTIFIED. WOC 7-3333 JW/JO",5,2022-05
2022-05-25,CALIFORNIA,LA VERNE,"PRELIM INFO FROM FAA OPS: LA VERNE, CA/UAS INCIDENT/0949P/LA VERNE ATCT ADVISED, PIPER P28A, REPORTED A BLACK UAS WHILE W BOUND AT 500 FEET IN THE PATTERN FOR RUNWAY 26L. NO EVASIVE ACTION TAKEN. LA VERNE PD NOTIFIED. WOC 7-3333 HM/JW",5,2022-05
2022-05-25,NORTH CAROLINA,JACKSONVILLE,"PRELIM INFO FROM FAA OPS: JACKSONVILLE, NC/UAS INCIDENT/1511E/NEW RIVER APCH ADVISED, V22, NCA - NCA, REPORTED A SMALL UAS AT 1,200 FEET 4 N NCA. NO EVASIVE ACTION TAKEN. BASE OPERATIONS NOTIFIED.  WOC 7-3333 JO/JW",5,2022-05
2022-05-25,DISTRICT OF COLUMBIA,WASHINGTON,"PRELIM INFO FROM FAA OPS: WASHINGTON, DC/UAS INCIDENT/1925E/POTOMAC TRACON ADVISED, CRJ7, PHL - DCA, REPORTED WHITE UAS 500 FEET BELOW ACFT WHILE SSE BOUND AT 2,500 FEET 10 NNW DCA. NO EVASIVE ACTION TAKEN. VIRGINIA STATE PD NOTIFIED. WOC 7-3333 ER/RC",5,2022-05
2022-05-25,FLORIDA,PALM COAST,"PRELIM INFO FROM FAA OPS: PALM COAST, FL/UAS INCIDENT/1931E/DAYTONA BEACH ATCT ADVISED, CESSNA T206, LZU - DAB, REPORTED A UAS 100 FEET FROM THE 9 O'CLOCK POSITION WHILE SSE BOUND AT 3,000 FEET 1.6 S FIN. NO EVASIVE ACTION TAKEN. FLAGLER COUNTY SHERIFF NOTIFIED. WOC 7-3333 RC/ER",5,2022-05
2022-05-25,CALIFORNIA,LOS ANGELES,"PRELIM INFO FROM FAA OPS: LOS ANGELES, CA/UAS INCIDENT/2012P/SOCAL TRACON ADVISED, B738, LAS - LAX, REPORTED A UAS FROM THE RIGHT SIDE WHILE WSW AT 6,400 FEET 18 ENE LAX. NO EVASIVE ACTION REPORTED. LAPD NOTIFIED. WOC 7-3333 ER/RC",5,2022-05
2022-05-26,FLORIDA,FORT LAUDERDALE,"PRELIM INFO FROM FAA OPS: FORT LAUDERDALE, FL/UAS INCIDENT/1031E/MIAMI TRACON ADVISED, LEARJET LJ35, REPORTED A UAS WHILE E BOUND AT 1,500 FEET 6 W FXE. NO EVASIVE ACTION TAKEN. BROWARD COUNTY SHERIFF NOTIFIED. WOC 7-3333 JO/JW",5,2022-05
2022-05-26,VIRGINIA,RICHMOND,"PRELIM INFO FROM FAA OPS: RICHMOND, VA/UAS INCIDENT/1925E/POTOMAC TRACON ADVISED, PIPER P32R, JYO - CPK, REPORTED A QUAD-ROTOR UAS FROM THE 3 O'CLOCK POSITION WHILE S BOUND AT 5,000 FEET 9 E RIC. PIC MADE SLIGHT RIGHT TURN TO AVOID UAS. NEW KENT COUNTY SHERIFF NOTIFIED. WOC 7-3333 RC/ER",5,2022-05
2022-05-26,INDIANA,GARY,"PRELIM INFO FROM FAA OPS: GARY, IN/UAS INCIDENT/LATE REPORT 5/22 - 1900C/CHICAGO TRACON ADVISED, PIPER PA30, REPORTED A BLACK UAS APPROXIMATELY 1 FOOT IN DIAMETER WHILE NW BOUND AT 3,500 FEET 7 N GYY. NO EVASIVE ACTION TAKEN. LEO NOTIFICATION NOT REPORTED.",5,2022-05
2022-05-26,HAWAII,HONOLULU,"PRELIM INFO FROM FAA OPS: HONOLULU, HI/UAS INCIDENT/1531L/HONOLULU CONTROL FACILITY ADVISED, B77L, HNL - OSAKA, JAPAN (RJBB), REPORTED UAS FROM THE RIGHT SIDE WHILE WSW BOUND AT 3,500 FEET 3.5 S HNL. NO EVASIVE ACTION TAKEN. HONOLULU PD NOTIFIED. WOC 7-3333 ER/RC",5,2022-05
2022-05-27,MAINE,BANGOR,"PRELIM INFO FROM FAA OPS: BANGOR, ME/UAS INCIDENT/LATE REPORT - 1140E/BANGOR ATCT, REPORTED A UAS 2 NW BGR VNTY OF FREEDOM INDUSTRIAL PARK. COUNTER UAS SYSTEM WAS ABLE TO SCAN THE UAS AND GET THE SERIAL NUMBER (3YTBJ8300304NE). NO IMPACT TO OPERATIONS. WOC 7-3333 JO/HM",5,2022-05
2022-05-27,GEORGIA,ATLANTA,"PRELIM INFO FROM FAA OPS: ATLANTA, GA/UAS INCIDENT/1242E/ATLANTA ARTCC ADVISED, BEECH BE36, REPORTED A SILVER UAS FROM THE 7 O'CLOCK POSITION WHILE SE BOUND AT 8,000 FEET 39 E ATL. NO EVASIVE ACTION TAKEN. LEO NOTIFICATION NOT REPORTED. WOC 7-3333 JW/JO",5,2022-05
2022-05-27,ARIZONA,MESA,"PRELIM INFO FROM FAA OPS: MESA, AZ/UAS INCIDENT/LATE REPORT - 1118M/W-ROC ADVISED, CESSNA C172, REPORTED A WHITE UAS WHILE SW BOUND AT 2,400 FEET ON THE LEFT DOWNWIND FOR RUNWAY 22L. MESA PD NOTIFIED. WOC 7-3333 HM/JW",5,2022-05
2022-05-27,TEXAS,HOUSTON,"PRELIM INFO FROM FAA OPS: HOUSTON, TX/UAS INCIDENT/1405C/IAH ATCT ADVISED, CRJ2, MEI - IAH, REPORTED A WHITE AND BLACK UAS 500 FEET BELOW ACFT WHILE WESTBOUND AT 2,300 FEET 6 MILE FINAL RUNWAY 27. NO EVASIVE ACTION TAKEN. HOUSTON PD NOTIFIED. WOC 7-3333 HM/JO",5,2022-05
2022-05-27,TEXAS,DALLAS,"PRELIM INFO FROM FAA OPS: DALLAS, TX/UAS INCIDENT/1555C/DALLAS LOVE ATCT ADVISED, B737, AMA - DAL, REPORTED A UAS 200 FEET BELOW ACFT WHILE SE BOUND AT 2,000 FEET 4 NW DAL. NO EVASIVE ACTION TAKEN. DALLAS PD NOTIFIED. WOC 7-3333 JW/JO",5,2022-05
2022-05-27,TEXAS,HOUSTON,"PRELIM INFO FROM FAA OPS: HOUSTON, TX/UAS INCIDENT/1646C/HOBBY ATCT ADVISED, BELL B06, REPORTED A UAS FROM 500 FEET BELOW ACFT WHILE W BOUND AT 900 FEET VCNTY HOU. NO EVASIVE ACTION TAKEN. HOUSTON PD NOTIFICATION NUMBER NOT PROVIDED. WOC 7-3333 RC/ER",5,2022-05
2022-05-27,TEXAS,CORSICANA,"PRELIM INFO FROM FAA OPS: CORSICANA, TX/UAS INCIDENT/1655C/WACO ATCT ADVISED, BEECH BE55, REPORTED UAS WHILE WNW BOUND AT 10,500 FEET 17 WNW CRS. NO EVASIVE ACTION TAKEN. NAVARRO COUNTY SHERIFF NOTIFIED. WOC 7-3333 ER/RC",5,2022-05
2022-05-27,ILLINOIS,CHICAGO-PROSPECT HEIGHTS-WHEELING,"PRELIM INFO FROM FAA OPS: CHICAGO-PROSPECT HEIGHTS-WHEELING, IL/UAS INCIDENT/1835C/CHICAGO ARTCC ADVISED, A333, ORD - HELSINKI, FINLAND (EFHK), REPORTED WHITE UAS FROM THE 9 O'CLOCK POSITION WHILE N BOUND AT 13,500 FEET 16 NNE PWK. NO EVASIVE ACTION TAKEN. FBI NOTIFIED. WOC 7-3333 ER/RC",5,2022-05
2022-05-27,FLORIDA,WEST PALM BEACH,"PRELIM INFO FROM FAA OPS: WEST PALM BEACH, FL/UAS INCIDENT/2119E/PALM BEACH ATCT ADVISED, PIPER P32R, REPORTED A WHITE UAS FROM THE 1 O'CLOCK POSITION WHILE SSE BOUND AT 1,000 FEET 2.5 S LNA. NO EVASIVE ACTION TAKEN. PALM BEACH COUNTY SHERIFF NOTIFIED. WOC 7-3333 RC/ER",5,2022-05
2022-05-28,MICHIGAN,HOLLAND,"PRELIM INFO FROM FAA OPS: HOLLAND, MI/UAS INCIDENT/1025E/ CESSNA C182, REPORTED A UAS WHILE N BOUND AT 2,500 FEET 15 E HOLLAND. NO EVASIVE ACTION TAKEN. OTTAWA CITY DISPATCH NOTIFIED. WOC 7-3333 TB/GG",5,2022-05
2022-05-28,MISSOURI,ST LOUIS,"PRELIM INFO FROM FAA OPS: ST LOUIS, MO/UAS INCIDENT/1005C/ST LOUIS TRACON ADVISED, B738, STL - DFW, REPORTED A UAS FROM THE 2 O'CLOCK POSITION WHILE ESE BOUND AT 3,000 FEET 5 SE STL. NO EVASIVE ACTION TAKEN. ST LOUIS PD NOTIFIED. WOC 7-3333 TB/GG",5,2022-05
2022-05-28,FLORIDA,FORT LAUDERDALE,"PRELIM INFO FROM FAA OPS: FORT LAUDERDALE, FL/UAS INCIDENT/1305E/FORT LAUDERDALE ATCT ADVISED, A321, JFK - FLL, OBSERVED A WHITE 4 ROTOR UAS AT 900 FEET ON FINAL FOR RUNWAY 10L FLL. NO EVASIVE ACTION TAKEN. BROWARD COUNTY SHERIFF NOTIFIED. WOC 7-3333 GG/TL",5,2022-05
2022-05-28,KENTUCKY,FRANKFORT,"PRELIM INFO FROM FAA OPS: FRANKFORT, KY/UAS INCIDENT/1345E/LEXINGTON ATCT ADVISED, CESSNA C172,  REPORTED A UAS FROM THE 12 O'CLOCK POSITION WHILE WSW BOUND AT 2,000 FEET ON FINAL FOR RUNWAY 25. NO EVASIVE ACTION TAKEN. FRANKFORT PD NOTIFIED AND LOCATED UAS OPERATOR. WOC 7-3333 TB/GG",5,2022-05
2022-05-28,MISSOURI,ST LOUIS,"PRELIM INFO FROM FAA OPS: ST LOUIS, MO/UAS INCIDENT/1524C/ST. LOUIS TRACON ADVISED, CESSNA C206, REPORTED A UAS WHILE N BOUND AT 5,200 FEET 11 ESE STL. NO EVASIVE ACTION TAKEN. LOCAL LAW ENFORCEMENT NOTIFIED. WOC 7-3333 EF/JA",5,2022-05
2022-05-28,COLORADO,DENVER,"PRELIM INFO FROM FAA OPS: DENVER, CO/UAS INCIDENT/1610M/DENVER TRACON ADVISED, B738, DEN - SAN JOSE, COSTA RICA (MROC), REPORTED A UAS FROM THE 3 O'CLOCK POSITION WHILE E BOUND AT 300 FEET 1 S DENVER. NO EVASIVE ACTION TAKEN. LAW ENFORCEMENT NOTIFICATION NOT REPORTED. WOC 7-3333 EF/JA",5,2022-05
2022-05-28,MARYLAND,CAMP SPRINGS,"PRELIM INFO FROM FAA OPS: CAMP SPRINGS, MD/UAS INCIDENT/1823E/POTOMAC TRACON ADVISED, CRJ7, OBSERVED A UAS AT 8,000 FEET 7 SE ADW. NO EVASIVE ACTION TAKEN. PRINCE GEORGE COUNTY SHERIFF NOTIFIED. WOC 7-3333 EF/JA",5,2022-05
2022-05-29,TEXAS,HOUSTON,"PRELIM INFO FROM FAA OPS: HOUSTON, TX/UAS INCIDENT/1147C/HOUSTON TRACON ADVISED GRUMMAN AA5, REPORTED UAS OF UNKN MAKE, SIZE AND COLOR AT 5,500 FEET ON RIGHT SIDE OF ACFT AT 2 O'CLOCK POSITION WHILE SE BOUND 6 NE IAH. NO EVASIVE ACTION TAKEN.   FBI NOTIFIED. WOC 7-3333 EC/TB",5,2022-05
2022-05-29,MARYLAND,BALTIMORE,"PRELIM INFO FROM FAA OPS: BALTIMORE, MD/UAS INCIDENT/1250E/POTOMAC TRACON ADVISED CESSNA C172, REPORTED AN ORANGE UAS FROM THE 10 O'CLOCK POSITION WHILE S BOUND AT 6,000 FEET 14 N BALTIMORE. NO EVASIVE ACTION TAKEN. MD STATE POLICE NOTIFIED. WOC 7-3333 TB/EC",5,2022-05
2022-05-29,PENNSYLVANIA,LANCASTER,"PRELIM INFO FROM FAA OPS: LANCASTER, PA/UAS INCIDENT/1354E/HARRISBURG ATCT ADVISED,  PIPER P28A, REPORTED A SMALL BLACK UAS AT 3,500 FEET WHILE NE BOUND VCNTY LRP. NO EVASIVE ACTION TAKEN. LEO NOTIFIED. WOC 7-3333 EC/TB",5,2022-05
2022-05-29,ARIZONA,GRAND CANYON,"PRELIM INFO FROM FAA OPS: GRAND CANYON, AZ/UAS INCIDENT/1123M/GRAND CANYON ATCT ADVISED, EUROCOPTER EC30, REPORTED A UAS WHILE S BOUND AT 300 FEET 9 WNW GCN. NO EVASIVE ACTION TAKEN. COCONINO SHERRIF NOTIFIED. WOC 7-3333 TB/EC",5,2022-05
2022-05-29,NEW YORK,NEW YORK,"PRELIM INFO FROM FAA OPS: NEW YORK, NY/UAS INCIDENT/1435E/LAGUARDIA ATCT ADVISED, B738, DAL - LGA, REPORTED A WHITE QUADCOPTER UAS FROM THE 2 O'CLOCK POSITION AT 1,200 FEET ON 3 MILE FINAL RUNWAY 22. NO EVASIVE ACTION TAKEN. ARPT PD NOTIFIED. WOC 7-3333 TB/EC",5,2022-05
2022-05-29,OKLAHOMA,TULSA,"PRELIM INFO FROM FAA OPS: TULSA, OK/UAS INCIDENT/1343C/TULSA ATCT ADVISED, CESSNA C172, REPORTED AN ORANGE QUADCOPTER UAS FROM THE POSITION 9 O'CLOCK POSITION WHILE E BOUND AT 1,900 FEET 1 NW TUL. NO EVASIVE ACTION TAKEN. TULSA COUNTY SHERIFF NOTIFIED. WOC 7-3333 TB/EC",5,2022-05
2022-05-29,SOUTH CAROLINA,COLUMBIA,"PRELIM INFO FROM FAA OPS: COLUMBIA, SC/UAS INCIDENT/1445E/COLUMBIA  ADVISED, DIAMOND DA40, REPORTED A MEDIUM SIZED WHITE UAS AT 3,500 FEET AT 9 O'CLOCK POSITION WHILE NE BOUND 45 SE CAE. UAS WAS 1,000 FEET BELOW AIRCRAFT POSITION. BAMBERG COUNTY SHERIFF WAS NOTIFIED. WOC 7-3333 EC/TB",5,2022-05
2022-05-29,SOUTH CAROLINA,HILTON HEAD ISLAND,"PRELIM INFO FROM FAA OPS: HILTON HEAD ISLAND, SC/UAS INCIDENT/1350E/BEAUFORT MARINE CORPS ATCT ADVISED, CRJ7, IAD - HXD, REPORTED A WHITE UAS WHILE SW BOUND AT 2,200 FEET 14 NE HXD. NO EVASIVE ACTION TAKEN. BEAUFORT COUNTY SHERIFF NOTIFIED. WOC 7-3333 TB/EC",5,2022-05
2022-05-29,MISSOURI,ST LOUIS,"PRELIM INFO FROM FAA OPS: ST LOUIS, MO/UAS INCIDENT/1417C/ST LOUIS TRACON ADVISED, HUGHES H25B, REPORTED A  SILVER METALLIC UAS AT 4,500 FEET WHILE SE BOUND 8 NE CSX VOR. NO EVASIVE ACTION REPORTED ST LOUIS COUNTY PD NOTIFIED. WOC 7-3333 EC/TB",5,2022-05
2022-05-29,NORTH CAROLINA,DURHAM,"PRELIM INFO FROM FAA OPS: RALEIGH/DURHAM, NC/UAS INCIDENT/1613E/RALEIGH DURHAM ATCT ADVISED, CRJ7, EWR - RDU, REPORTED A UAS WHILE SW BOUND AT 7,000 FEET 8 E RDU. NO EVASIVE ACTION TAKEN. WAKE COUNTY SHERIFF NOTIFIED. WOC 7-3333 TB/EC",5,2022-05
2022-05-29,FLORIDA,TAMPA,"PRELIM INFO FROM FAA OPS: /UAS INCIDENT/1640E/TAMPA ATCT ADVISED, A20N, LBE - TPA, REPORTED UAS AT 1,000 FEET AT 9 O'CLOCK POSITION 5 SE TPA. NO EVASIVE ACTION REPORTED. TAMPA PD NOTIFIED. WOC 7-3333 EC/TB",5,2022-05
2022-05-29,TENNESSEE,NASHVILLE,"PRELIM INFO FROM FAA OPS: NASHVILLE, TN/UAS INCIDENT/1645C/NASHVILLE APPROACH ADVISED, E170, MIA - BNA, OBSERVED A UAS WHILE NORTH-NORTHEAST BOUND AT 3,000 FEET, 10 NE BNA. NO EVASIVE ACTION REPORTED. MNAA AIRPORT COMMAND CENTER NOTIFIED (NO PHONE PROVIDED). WOC 7-3333 JA/EF",5,2022-05
2022-05-29,TEXAS,HOUSTON,"PRELIM INFO FROM FAA OPS: HOUSTON, TX/UAS INCIDENT/1655C/HOUSTON TRACON ADVISED, E75L, DSM - IAH, REPORTED A WHITE AND BLACK UAS OFF RIGHT SIDE SAME ALTITUDE WHILE WEST BOUND AT 8,100 FEET 5 WNW HOUSTON. NO EVASIVE ACTION TAKEN.  HARRIS COUNTY SHERIFF NOTIFIED. WOC 7-3333 RL/EF",5,2022-05
2022-05-29,TEXAS,HOUSTON,"PRELIM INFO FROM FAA OPS: HOUSTON, TX/UAS INCIDENT/1744C/HOUSTON ATCT ADVISED, E75L, MCI - IAH, REPORTED A WHITE QUADCOPTER OFF RIGHT SIDE WHILE WEST BOUND AT 1,200 FEET 4.5 E HOUSTON. NO EVASIVE ACTION TAKEN. HARRIS COUNTY SHERIFF NOTIFIED. WOC 7-3333 RL/EF",5,2022-05
2022-05-29,MARYLAND,BALTIMORE,"PRELIM INFO FROM FAA OPS: BALTIMORE, MD/UAS INCIDENT/1845E/POTOMAC TRACON ADVISED, CRJ7, PVD - DCA, REPORTED A RED UAS WHILE W BOUND AT 10,000 FEET 22 S BWI. NO EVASIVE ACTION TAKEN. ANNE ARUNDEL COUNTY PD NOTIFIED. WOC 7-3333 EF/RL",5,2022-05
2022-05-29,MARYLAND,CAMP SPRINGS,"PRELIM INFO FROM FAA OPS: CAMP SPRINGS, MD/UAS INCIDENT/1914E/POTOMAC TRACON ADVISED, E75S, DCA - LGA, REPORTED A UAS WHILE NE BOUND AT 8,000 FEET 3 N ADW. NO EVASIVE ACTION TAKEN. PRINCE GEORGE COUNTY PD AVIATION UNIT NOTIFIED. WOC 7-3333 EF/RL",5,2022-05
2022-05-29,ILLINOIS,CHICAGO,"PRELIM INFO FROM FAA OPS: CHICAGO, IL/UAS INCIDENT/1958C/CHICAGO TRACON ADVISED, CRJ7, ORD - HPN, REPORTED A WHITE UAS 500 FEET BELOW WHILE E BOUND AT 5,000 FEET 10 E ORD. NO EVASIVE ACTION TAKEN. CHICAGO FBI FIELD OFFICE NOTIFIED. WOC 7-3333 RL/EF",5,2022-05
2022-05-30,FLORIDA,WEST PALM BEACH,"PRELIM INFO FROM FAA OPS: WEST PALM BEACH, FL/UAS INCIDENT/1153E/PALM BEACH ATCT ADVISED, AT46, MARSH HARBOUR, BAHAMAS (MYAM) - PBI, REPORTED A WHITE UAS 300 FEET BELOW THEIR LEFT SIDE WHILE SE BOUND AT 2,000 FEET 10 NW PBI. NO EVASIVE ACTION TAKEN. PALM BEACH SHERIFF DEPT NOTIFIED. WOC 7-3333 JF/EC",5,2022-05
2022-05-30,MISSOURI,FARMINGTON,"PRELIM INFO FROM FAA OPS: FARMINGTON, MO/UAS INCIDENT/1220C/KANSAS CITY ARTCC ADVISED, CESSNA C340, ROG - BJJ, REPORTED UAS 200 FEET FROM THEIR LEFT SIDE WHILE ENE BOUND AT FL190 52 WSW FAM. NO EVASIVE ACTION TAKEN. REYNOLDS COUNTY SHERIFF OFFICE NOTIFIED. WOC 7-3333 JF/EC",5,2022-05
2022-05-30,WASHINGTON,SEATTLE,"PRELIM INFO FROM FAA OPS: SEATTLE, WA/UAS INCIDENT/1124P/SEATTLE ATCT ADVISED, A319, SFO - SEA, REPORTED A LARGE BROWN WITH RED TRIM UAS AT 1,000 FEET WHILE ON 3 MILE FINAL RWY 16R AT SEA. NO EVASIVE ACTION TAKEN. TUKWIL PD NOTIFIED. WOC 7-3333 EC/JF",5,2022-05
2022-05-30,NEW JERSEY,NEWARK,"PRELIM INFO FROM FAA OPS: NEWARK, NJ/UAS INCIDENT/1741E/NEW YORK TRACON ADVISED B738, MCO - EWR, REPORTED A SILVER UAS AT 8,000 FEET WHILE NE BOUND AT SAME ALTITUDE ON FINAL NEWARK INTERNATIONAL. NO EVASIVE ACTION TAKEN. NEW JERSEY PD NOTIFIED. WOC 7-3333 MK/JF",5,2022-05
2022-05-30,CONNECTICUT,DANBURY,"PRELIM INFO FROM FAA OPS: DANBURY, CT/UAS INCIDENT/1452E/DANBURY FCT ADVISED, CESSNA C25B, MVY - DXR, REPORTED A BLUE UAS 200 FEET BELOW THE ACFT WHILE W BOUND AT 2,200 FEET 5 E DXR. NO EVASIVE ACTION TAKEN. DANBURY PD NOTIFIED. WOC 7-3333 JF/MK",5,2022-05
2022-05-30,NEW YORK,NEW YORK,"PRELIM INFO FROM FAA OPS: NEW YORK, NY/UAS INCIDENT/1455E/LA GUARDIA ATCT ADVISED, A321, ATL - LGA, REPORTED A WHITE UAS FROM THEIR LEFT SIDE WHILE SW BOUND AT 1,000 FEET 3 NE LGA. NO EVASIVE ACTION TAKEN. LEO NOTIFICATION NOT REPORTED. WOC 7-3333 JF/EC",5,2022-05
2022-05-30,NEW YORK,NEW YORK,"PRELIM INFO FROM FAA OPS: NEW YORK, NY/UAS INCIDENT/1703E/NEW YORK TRACON ADVISED, CESSNA C310, REPORTED WHITE UAS AT 5,000 FEET WHILE E BOUND AT SAME ALTITUDE 10 NE SWF. NO EVASIVE ACTION TAKEN. NY STATE PD NOTIFIED. WOC 7-3333 MK/JF",5,2022-05
2022-05-30,WISCONSIN,WAUKESHA,"PRELIM INFO FROM FAA OPS: WAUKESHA, WI/UAS INCIDENT/1816C/MILWAUKEE APPROACH ADVISED, BEECH BT36, REPORTED A BLACK MAVIC UAS AT 12 O'CLOCK POSITION 200 FEET BELOW AT 7,000 FEET WHILE S BOUND 4 N WAUKESHA. NO EVASIVE ACTION TAKEN. WAUKESHA COUNTY SHERIFF NOTIFIED. WOC 7-3333 RL/EF",5,2022-05
2022-05-30,OHIO,COLUMBUS,"PRELIM INFO FROM FAA OPS: COLUMBUS, OH/UAS INCIDENT/2014E/OHIO STATE UNIVERSITY ATCT ADVISED, CESSNA C172, REPORTED A BLUE UAS AT 12 O'CLOCK POSITION AT 2,500 FEET WHILE W BOUND 5 E OSU. NO EVASIVE ACTION TAKEN. OHIO STATE HIGHWAY PATROL NOTIFIED. WOC 7-3333 RL/EF",5,2022-05
2022-05-30,CALIFORNIA,LOS ALAMITOS,"PRELIM INFO FROM FAA OPS: LOS ALAMITOS, CA/UAS INCIDENT/1939P/FULLERTON MUNICIPAL ATCT ADVISED, CESSNA C152, OBSERVED A UAS OFF THE RIGHT SIDE WHILE SW BOUND AT 400 FEET 6 S SLI. NO EVASIVE ACTION TAKEN. LEO NOTIFIED. WOC 7-3333 EF/RL",5,2022-05
2022-05-31,NORTH CAROLINA,CHARLOTTE,"PRELIM INFO FROM FAA OPS: CHARLOTTE, NC/UAS INCIDENT/1005E/CHARLOTTE TRACON ADVISED, A319, SRQ - CLT, REPORTED A WHITE FOUR ROTOR UAS 50 FEET ABOVE ACFT WHILE N BOUND AT 10,000 FEET 10 SSW CLT. NO EVASIVE ACTION TAKEN. CHARLOTTE-DOUGLAS AIRPORT PD NOTIFIED. WOC 7-3333 JO/JW",5,2022-05
2022-06-01,TEXAS,DALLAS-FORT WORTH,"PRELIM INFO FROM FAA OPS: DALLAS-FORT WORTH, TX/UAS INCIDENT/LATE REPORT - 1103C/DALLAS-FORT WORTH TRACON ADVISED, E145, CLL - DFW, REPORTED A WHITE UAS AT THE 9 O'CLOCK POSITION WHILE S BOUND AT 1,200 FEET 3 N DFW. NO EVASIVE ACTION TAKEN. TEXAS DPS NOTIFIED.  WOC 7-3333 JO/JW",6,2022-06
2022-06-01,CALIFORNIA,SACRAMENTO,"PRELIM INFO FROM FAA OPS: SACRAMENTO, CA/UAS INCIDENT/1053P/NORCAL TRACON ADVISED, A321, DFW - SMF, REPORTED A UAS AT THE 12 O'CLOCK POSITION WHILE S BOUND AT 2,000 FEET 12 N SMF. NO EVASIVE ACTION TAKEN. LEO NOTIFICATION NOT REPORTED. WOC 7-3333 JO/JW",6,2022-06
2022-06-01,NORTH DAKOTA,FARGO,"PRELIM INFO FROM FAA OPS: FARGO, ND/UAS INCIDENT/1530C/FARGO ATCT ADVISED, EUROCOPTER EC45, REPORTED A WHITE UAS FROM THE 12 O'CLOCK POSITION WHILE W BOUND AT 6,000 FEET 12 NW FARGO. NO EVASIVE ACTION TAKEN. FARGO PD NOTIFIED. WOC 7-3333 JW/JO",6,2022-06
2022-06-01,GEORGIA,COLUMBUS,"PRELIM INFO FROM FAA OPS: COLUMBUS, GA/UAS INCIDENT/1535C/ATLANTA TRACON ADVISED, PIPER P28R, REPORTED A UAS AT THE 3 O'CLOCK POSITION WHILE NW BOUND AT 4,000 FEET 25 SSW CSG. NO EVASIVE ACTION TAKEN. RUSSELL COUNTY SHERIFF NOTIFIED. WOC 7-3333 JO/JW",6,2022-06
2022-06-01,TEXAS,HOUSTON,"PRELIM INFO FROM FAA OPS: HOUSTON, TX/UAS INCIDENT/1610C/HOUSTON TRACON ADVISED, B738, MSLP - DFW, REPORTED QUAD COPTER UAS 300 FEET BELOW ACFT FROM THE RIGHT SIDE WHILE W BOUND AT 4,900 FEET 11 SW IAH. NO EVASIVE ACTION REPORTED. LAW ENFORCEMENT NOTIFICATION NOT REPORTED. WOC 7-3333 ER/RC",6,2022-06
2022-06-01,ILLINOIS,CHICAGO-PROSPECT HEIGHTS-WHEELING,"PRELIM INFO FROM FAA OPS: CHICAGO-PROSPECT HEIGHTS-WHEELING, IL/UAS INCIDENT/1726C/CHICAGO EXECUTIVE ATCT ADVISED, PIPER P28A, SCHAUMBURG, IL (06C) - 06C, REPORTED A BLACK UAS WHILE E BOUND AT 1,500 FEET 5 WSW CHICAGO EXECUTIVE ARPT (PWK). PIC MADE LATERAL MANEUVER TO AVOID UAS. FBI NOTIFIED. WOC 7-3333 RC/ER",6,2022-06
2022-06-01,DISTRICT OF COLUMBIA,WASHINGTON,"PRELIM INFO FROM FAA OPS: WASHINGTON, DC/UAS INCIDENT/1945E/POTOMAC TRACON ADVISED, CESSNA C210, REPORTED A UAS 2,000 FEET BELOW ACFT WHILE S BOUND AT 3,500 FEET 2 S DCA. NO EVASIVE ACTION REPORTED. ALEXANDRIA PD NOTIFIED. WOC 7-3333 JG/RC",6,2022-06
2022-06-02,FLORIDA,PENSACOLA,"PRELIM INFO FROM FAA OPS: PENSACOLA, FL/UAS INCIDENT/0800C/PENSACOLA TRACON ADVISED, CESSNA C172, REPORTED A WHITE UAS FROM THE 11 O'CLOCK POSITION WHILE NW BOUND AT 1,100 FEET 3 NNW PENSACOLA, FL. NO EVASIVE ACTION TAKEN. ESCAMBIA COUNTY SHERIFF NOTIFIED. WOC 7-3333 JW/JO",6,2022-06
2022-06-02,ARIZONA,SCOTTSDALE,"PRELIM INFO FROM FAA OPS: SCOTTSDALE, AZ/UAS INCIDENT/0932M/SCOTTSDALE ATCT ADVISED, ROBINSON R44, REPORTED A RED 4-ROTOR UAS WHILE N BOUND AT 2,000 FEET 3 N SCOTTSDALE.  NO EVASIVE ACTION TAKEN. LEO NOTIFICATION NOT REPORTED. WOC 7-3333 JW/JO",6,2022-06
2022-06-02,NEW JERSEY,CALDWELL,"PRELIM INFO FROM FAA OPS: CALDWELL, NJ/UAS INCIDENT/1430E/CALDWELL ATCT ADVISED, CESSNA C172, OBSERVED A WHITE UAS AT THE 2 O'CLOCK POSITION WHILE SSW BOUND AT 100 FEET ON FINAL RUNWAY 22 CALDWELL. NO EVASIVE ACTION TAKEN. FAIRFIELD PD NOTIFIED. WOC 7-3333 GG/JO",6,2022-06
2022-06-02,NEVADA,LAS VEGAS,"PRELIM INFO FROM FAA OPS: LAS VEGAS, NV/UAS INCIDENT/1536P/NORTH LAS VEGAS ATCT ADVISED, CESSNA C172, VGT - VGT, REPORTED A UAS FROM THE RIGHT SIDE WHILE W BOUND AT 2,800 FEET 2 N VGT. NO EVASIVE ACTION TAKEN. LAS VEGAS METRO PD NOTIFIED. WOC 7-3333 RC/ER",6,2022-06
2022-06-02,NEVADA,LAS VEGAS,"PRELIM INFO FROM FAA OPS: LAS VEGAS, NV/UAS INCIDENT/1918P/LOS ANGELES ARTCC ADVISED, CESSNA C25M, VGT - CMA, REPORTED BLACK UAS 500 ABOVE ACFT FROM THE LEFT SIDE WHILE SW BOUND AT 22,000 FEET 50 N LAS. NO EVASIVE ACTION TAKEN. SAN BERNARDINO COUNTY SHERIFF NOTIFIED. WOC 7-3333 ER/JG",6,2022-06
2022-06-03,NORTH CAROLINA,CHARLOTTE,"PRELIM INFO FROM FAA OPS: CHARLOTTE, NC/UAS INCIDENT/0924E/CHARLOTTE TRACON ADVISED, PIPER P28A, REPORTED A LARGE WHITE UAS AT THE 12 O'CLOCK POSITION WHILE E BOUND AT 5,000 FEET 8 W CLT. NO EVASIVE ACTIONS TAKEN. CHARLOTTE-MECKLENBURG PD NOTIFIED. WOC 7-3333 JO/TB",6,2022-06
2022-06-03,FLORIDA,PENSACOLA,"PRELIM INFO FROM FAA OPS: PENSACOLA, FL/UAS INCIDENT/1405C/PENSACOLA TRACON ADVISED, CESSNA C172, REPORTED A BLACK, QUADCOPTER UAS WHILE SE BOUND AT 1,000 FEET 8 SE PNS. ACFT TOOK EVASIVE ACTION TO AVOID UAS. SANTA ROSA COUNTY SHERIFF NOTIFIED. WOC 7-3333 TB/GG",6,2022-06
2022-06-03,CALIFORNIA,LOS ANGELES,"PRELIM INFO FROM FAA OPS: LOS ANGELES, CA/UAS INCIDENT/1233P/LOS ANGELES ATCT ADVISED, A321, EWR - LAX, REPORTED A BLACK UAS AT THE 12 O'CLOCK POSITION WHILE SW BOUND AT 500 FEET 2 ENE LAX. NO EVASIVE ACTION TAKEN. LAWA PD NOTIFIED. WOC 7-2222 JO/TB",6,2022-06
2022-06-03,MISSOURI,ST LOUIS,"PRELIM INFO FROM FAA OPS: ST LOUIS, MO/UAS INCIDENT/1500C/ST LOUIS APCH ADVISED, CRJ7, MSP - STL, REPORTED A METALLIC UAS AT THE 12 O'CLOCK POSITION WHILE NW BOUND AT 2,500 FEET 4 ESE STL. NO EVASIVE ACTION TAKEN. ST LOUIS ARPT PD NOTIFIED. WOC 7-3333 JO/TB",6,2022-06
2022-06-03,TEXAS,SAN ANTONIO,"PRELIM INFO FROM FAA OPS: SAN ANTONIO, TX/UAS INCIDENT/1501C/SAN ANTONIO ATCT ADVISED, B738, MCO - SAT, REPORTED A UAS WHILE SW BOUND AT 3,500 FEET 14 S SAT. NO EVASIVE ACTION TAKEN. SAN ANTONIO PD NOTIFIED. WOC 7-3333 TB/JO",6,2022-06
2022-06-03,COLORADO,DENVER,"PRELIM INFO FROM FAA OPS: DENVER, CO/UAS INCIDENT/1450M/DENVER TRACON ADVISED, B739, DEN - PDX, REPORTED A WHITE UAS 300 FEET BELOW ACFT WHILE NW BOUND AT 7,000 FEET 7 WNW DEN. NO EVASIVE ACTION TAKEN. DIA PD TO BE NOTIFIED. WOC 7-3333 TB/JO",6,2022-06
2022-06-03,CALIFORNIA,ONTARIO,"PRELIM INFO FROM FAA OPS: ONTARIO, CA/UAS INCIDENT/1505P/SOCAL TRACON  ADVISED, A346, MUNICH, GERMANY (EDDM) - LAX, REPORTED A UAS 100 FEET BELOW ACFT WHILE WSW BOUND AT 9,800 FEET 36 ENE LAX. NO EVASIVE ACTION REPORTED. ORANGE COUNTY SHERIFF NOTIFIED. WOC 7-3333 JG/ER",6,2022-06
2022-06-04,TEXAS,HOUSTON,"PRELIM INFO FROM FAA OPS: HOUSTON, TX/UAS INCIDENT/1013C/HOUSTON TRACON ADVISED, A320, IAH - BOS, REPORTED A WHITE AND SILVER UAS OPERATING AT 2,000 FEET WHILE NNE BOUND AT 5,000 FEET 2 N IAH. NO EVASIVE ACTION TAKEN. HOUSTON INTL PD NOTIFIED. WOC 7-3333 JF/TB",6,2022-06
2022-06-04,NEW YORK,NEW YORK,"PRELIM INFO FROM FAA OPS: NEW YORK, NY/UAS INCIDENT/1955E/JFK ATCT ADVISED, A332, MADRID, SPAIN (LEMD) - JFK, REPORTED A BLACK UAS FROM THE 12 O'CLOCK POSITION WHILE NE BOUND AT 1,700 FEET 6 SW JFK. NO EVASIVE ACTION REPORTED. PORT AUTHORITY NOTIFIED. WOC 7-3333 JG/ER",6,2022-06
2022-06-04,NEW JERSEY,LUMBERTON,"PRELIM INFO FROM FAA OPS: LUMBERTON, NJ/UAS INCIDENT/1551E/MCGUIRE AFB ATCT ADVISED, SLING SLG2, 9N1 - OQN, REPORTED A SILVER UAS AT SAME ALTITUDE WHILE W BOUND AT 2,000 FEET 9 S LUMBERTON (NO EVASIVE ACTION TAKEN. LEO NOTIFICATION NOT REPORTED. WOC 7-3333 JF/TB",6,2022-06
2022-06-04,NEW JERSEY,WRIGHTSTOWN,"PRELIM INFO FROM FAA OPS: WRIGHTSTOWN, NJ/UAS INCIDENT/1840E/JB MC GUIRE ATCT ADVISED, A320, SJU - EWR, REPORTED A UAS WHILE NW BOUND AT 6,000 FEET 32 SE WRIGHTSTOWN. NO EVASIVE ACTION REPORTED. LEOS NOT NOTIFIED DUE TO LOCATION BEING OVER THE OCEAN. WOC 7-3333 DJ/RC",6,2022-06
2022-06-04,DISTRICT OF COLUMBIA,WASHINGTON,"PRELIM INFO FROM FAA OPS: WASHINGTON, DC/UAS INCIDENT/2025E/POTOMAC TRACON ADVISED, CRJ7, DTW - IAD, REPORTED A RED QUADCOPTER AT SAME ALTITUDE FROM THE 2 O'CLOCK POSITION WHILE SE BOUND AT 9,000 FEET 27 WNW ARMEL VOR. NO EVASIVE ACTION REPORTED. CLARKE COUNTY SHERIFF NOTIFIED. WOC 7-3333 JG/DJ",6,2022-06
2022-06-04,GEORGIA,ATLANTA,"PRELIM INFO FROM FAA OPS: ATLANTA, GA/UAS INCIDENT/2026E/ATLANTA TRACON ADVISED, A321, ORD - ATL, REPORTED QUAD COPTER UAS 500 FEET ABOVE ACFT FROM THE 10 O'CLOCK POSITION WHILE SE BOUND AT 6,000 FEET 16 NW ATL. NO EVASIVE ACTION TAKEN. DOUGLAS COUNTY SHERIFF NOTIFIED. WOC 7-3333 ER/RC",6,2022-06
2022-06-05,NEW YORK,NIAGARA FALLS,"PRELIM INFO FROM FAA OPS: NIAGARA FALLS, NY/UAS INCIDENT/1220E/BUFFALO ATCT ADVISED, E3TF, REPORTED A UAS WHILE W BOUND AT 1,000 FEET 1 E IAG. NO EVASIVE ACTION TAKEN. NIAGARA FRONTIER TRANSPORTATION AUTHORITY NOTIFIED. WOC 7-3333 JF/JO",6,2022-06
2022-06-05,VIRGINIA,CHANTILLY,"PRELIM INFO FROM FAA OPS: CHANTILLY, VA/UAS INCIDENT/1243E/DULLLES ATCT ADVISED BOMBARDIER GLEX, REPORTED A SMALL BLACK UAS AT THE 12 O'CLOCK POSITION WHILE S BOUND AT 1,600 FEET 4 N IAD. NO EVASIVE ACTION TAKEN. MWAA NOTIFIED. WOC 7-3333 JO/JA",6,2022-06
2022-06-05,MARYLAND,EASTON,"PRELIM INFO FROM FAA OPS: EASTON, MD/UAS INCIDENT/1548E/POTOMAC TRACON ADVISED, CESSNA C182, TTA - SARATOGA SPRINGS, NY (5B2), REPORTED A BLUE UAS 200 FEET BELOW THE ACFT WHILE SW BOUND AT 7,000 FEET 12 SSW ESN. NO EVASIVE ACTION TAKEN. DORCHESTER COUNTY SHERIFF NOTIFIED. WOC 7-3333 JF/JO",6,2022-06
2022-06-05,MAINE,PORTLAND,"PRELIM INFO FROM FAA OPS: PORTLAND, ME/UAS SIGHTING/1800E/PORTLAND ATCT ADVISED AN INDIVIDUAL OBSERVED A UAS FLY OVER AN ARPT PERIMETER FENCE NEAR THE CARGO AREA AT PWM. NO ACFT INVOLVED. NO IMPACT TO OPERATIONS. PORTLAND PD NOTIFIED. WOC 7-3333 HM/JW",6,2022-06
2022-06-05,VIRGINIA,HERNDON,"PRELIM INFO FROM FAA OPS: HERNDON, VA/UAS INCIDENT/1802E/DULLES ATCT ADVISED, E170, EWR - IAD, REPORTED A UAS FROM THE 12 O'CLOCK POSITION WHILE N BOUND AT 1,100 FEET 2 S ARMEL VOR. NO EVASIVE ACTION TAKEN.  MWAA NOTIFIED. WOC 7-3333 JW/HM",6,2022-06
2022-06-05,FLORIDA,ORMOND BEACH,"PRELIM INFO FROM FAA OPS: ORMOND BEACH, FL/UAS INCIDENT/1734E/DAYTONA BEACH ATCT ADVISED, A320, LEX - SFB, REPORTED A RED UAS 400 FEET BELOW FROM THE 12 O'CLOCK POSITION WHILE S BOUND AT 9,000 FEET 6 ORMOND BEACH. NO EVASIVE ACTION TAKEN. VOLUSIA COUNTY SHERIFF NOTIFIED. WOC 7-3333 JW/HM",6,2022-06
2022-06-05,GEORGIA,ATLANTA,"PRELIM INFO FROM FAA OPS: ATLANTA, GA/UAS INCIDENT/2135E/DEKALB-PEACHTREE ATCT ADVISED, ROBINSON R44, REPORTED A UAS AT 400 FEET WHILE N BOUND AT 1,800 FEET 4 SW PDK. NO EVASIVE ACTION TAKEN. TROOPER 4, HELO, NOTIFIED ON FREQUENCY. WOC 7-3333 HM/JW",6,2022-06
2022-06-05,ARIZONA,YUMA,"PRELIM INFO FROM FAA OPS: YUMA, AZ/UAS INCIDENT/LATE REPORT 6-5 2127M/OPERATOR ADVISED, VTOL INDAGO III DRONE, UAS LOCATED DAMAGED AFTER HAND-HELD CONTROLS EXPERIENCED ANAMOLY WHILE ON MISSION VCNTY YUMA. NO IMPACT TO ATC OPERATIONS REPORTED. NO GROUND DAMAGES REPORTED. WOC 7-3333 RC/MK",6,2022-06
2022-06-06,VIRGINIA,RICHMOND,"PRELIM INFO FROM FAA OPS: RICHMOND, VA/UAS INCIDENT/0920E/POTOMAC TRACON ADVISED, CESSNA C421, REPORTED A UAS WHILE SW BOUND AT 12,00 FEET 7 WNW RIC. NO EVASIVE ACTION TAKEN. HENRICO COUNTY SHERIFF NOTIFIED. WOC 7-3333 JO/EF",6,2022-06
2022-06-06,PENNSYLVANIA,YARDLEY,"PRELIM INFO FROM FAA OPS: YARDLEY, PA/UAS INCIDENT/0943E/TRENTON ATCT ADVISED, CESSNA C172, REPORTED A UAS AT THE 3 O'CLOCK POSITION WHILE SW BOUND AT 1,200 3 ESE YARDLEY VOR. NO EVASIVE ACTION TAKEN. NEW JERSEY STATE PD NOTIFIED. WOC 7-3333 JO/JA",6,2022-06
2022-06-06,WASHINGTON,SPOKANE,"PRELIM INFO FROM FAA OPS: SPOKANE, WA/UAS INCIDENT/0820P/SPOKANE ATCT  ADVISED , E170, SEA - GEG, REPORTED A UAS AT THE 3 O'CLOCK POSITION WHILE SW BOUND AT 3,000 FEET 10 NNE GEG. NO EVASIVE ACTION TAKEN. LEO NOTIFICATION NOT REPORTED. WOC 7-3333 JO/JA",6,2022-06
2022-06-06,SOUTH CAROLINA,SUMTER,"PRELIM INFO FROM FAA OPS: SUMTER, SC/UAS INCIDENT/1147E/SHAW AFB ATCT ADVISED, F16, MMT - MMT, REPORTED A UAS WHILE SW BOUND AT 2,500 FEET 11 NE SSC. NO EVASIVE ACTION TAKEN. SUMPTER COUNTY SHERIFF NOTIFIED. WOC 7-3333 JO/EF",6,2022-06
2022-06-06,SOUTH CAROLINA,SUMTER,"PRELIM INFO FROM FAA OPS: SUMTER, SC/UAS INCIDENT/1148E/SHAW AFB ATCT ADVISED, F16, MMT - MMT,  REPORTED A UAS WHILE SW BOUND AT 1,800 FEET 6 NE SSC. NO EVASIVE ACTION TAKEN. SUMPTER COUNTY SHERIFF NOTIFIED. WOC 7-3333 JO/EF",6,2022-06
2022-06-06,NEW YORK,NEW YORK,"PRELIM INFO FROM FAA OPS: NEW YORK, NY/UAS INCIDENT/1234E/JFK ATCT ADVISED, BELL B407, REPORTED A RED AND WHITE UAS WHILE W BOUND AT 500 FEET VCNTY NYPD AIR OPERATIONS HELIPORT (NY22). NO EVASIVE ACTION TAKEN. NYPD AVIATION UNIT NOTIFIED. WOC 7-3333 JO/EF",6,2022-06
2022-06-06,MARYLAND,BALTIMORE,"PRELIM INFO FROM FAA OPS: BALTIMORE, MD/UAS INCIDENT/1400E/POTOMAC TRACON ADVISED, PIPER PA23, REPORTED A UAS OFF THE LEFT SIDE WHILE SE BOUND AT 5,000 FEET 10 NE BWI. NO EVASIVE ACTION TAKEN. BALTIMORE COUNTY SHERIFF NOTIFIED. WOC 7-3333 JO/EF",6,2022-06
2022-06-06,OKLAHOMA,OKLAHOMA CITY,"PRELIM INFO FROM FAA OPS: OKLAHOMA CITY, OK/UAS INCIDENT/1415C/OKLAHOMA TRACON ADVISED, B738, SAT - OKC, REPORTED A UAS AT THE 9 O'CLOCK POSITION WHILE S BOUND AT 2,500 FEET 5 NE OKC. NO EVASIVE ACTION TAKEN. DIA NOTIFIED. WOC 7-3333 JO/JA",6,2022-06
2022-06-06,MASSACHUSETTS,BOSTON,"PRELIM INFO FROM FAA OPS: BOSTON, MA/UAS SIGHTING/1655E/BOSTON TRACON ADVISED, CESSNA C402, RUT - BOS, REPORTED A RED UAS AT THE 10 O'CLOCK POSITION WHILE SE BOUND AT 3,500 FEET. 7 W BOS. NO INJURIES REPORTED. MASSACHUSETTS STATE PD NOTIFIED. WOC 7-3333 JO/JA",6,2022-06
2022-06-06,CALIFORNIA,SAN DIEGO,"PRELIM INFO FROM FAA OPS: SAN DIEGO, CA/UAS SIGHTING/1406P/BROWN FIELD ATCT ADVISED, CESSNA C182, REPORTED A UAS AT THE 3 O'CLOCK POSITION WHILE E BOUND AT 1,400 FEET 1 N SDM. NO EVASIVE ACTION TAKEN. LEO NOTIFICATION NOT REPORTED. WOC 7-3333 JO/EF",6,2022-06
2022-06-06,NEW JERSEY,NEWARK,"PRELIM INFO FROM FAA OPS: NEWARK, NJ/UAS SIGHTING/1725E/NEWARK TRACON ADVISED, DH8D, TORONTO, CANADA (CYTZ) - EWR, REPORTED A UAS AT THE 9 O'CLOCK POSITION WHILE SW BOUND AT 1,700 FEET 5 NE EWR. NO EVASIVE ACTION TAKEN. PORT AUTHORITY OPERATIONS NOTIFIED. WOC 7-3333 JO/EF",6,2022-06
2022-06-06,WASHINGTON,SEATTLE,"PRELIM INFO FROM FAA OPS: SEATTLE, WA/UAS SIGHTING/1805P/BOEING FIELD ATCT ADVISED, BEECH B350, DIJ - BFI, REPORTED A WHITE UAS WHILE SE BOUND AT 400 FEET ON FINAL RUNWAY 14R SEATTLE (BFI). NO EVASIVE ACTION TAKEN. LEO NOTIFICATION NOT REPORTED. WOC 7-3333 JW/HM",6,2022-06
2022-06-07,CALIFORNIA,SANTA BARBARA,"PRELIM INFO FROM FAA OPS: SANTA BARBARA, CA/UAS SIGHTING/1500P/LOS ANGELES ARTCC ADVISED, C130, REPORTED A BLACK UAS BELOW ACFT WHILE N BOUND AT 16,000 FEET 15 N SBA. NO EVASIVE ACTION TAKEN. SAN LUIS OBISPO SHERIFF NOTIFIED. WOC 7-3333 JW/HM",6,2022-06
2022-06-07,NEW YORK,NEW YORK,"PRELIM INFO FROM FAA OPS: NEW YORK, NY/UAS SIGHTING/1905E/LAGUARDIA ATCT ADVISED, CRJ9, TORONTO, CANADA (CYYZ) - LGA, REPORTED A UAS 100 FEET ABOVE ACFT FROM THE 12 O'CLOCK POSITION WHILE NNE BOUND AT 1,200 FEET 4 NE LGA. NO EVASIVE ACTION TAKEN. PORT AUTHORITY NOTIFIED. WOC 7-3333 JW/HM",6,2022-06
2022-06-07,OHIO,COLUMBUS,"PRELIM INFO FROM FAA OPS: COLUMBUS, OH/UAS SIGHTING/1912E/COLUMBUS APCH ADVISED, TEXTRON C56X, TEB - OSU, REPORTED A BLUE UAS PASS UNDERNEATH THE ACFT WHILE NW BOUND AT 3,200 FEET 6 ENE CMH. NO EVASIVE ACTION TAKEN. OHIO HIGHGWAY STATE PATROL NOTIFIED. WOC 7-3333 HM/JW",6,2022-06
2022-06-07,CALIFORNIA,ONTARIO,"PRELIM INFO FROM FAA OPS: ONTARIO, CA/UAS SIGHTING/1905P/ONTARIO ATCT ADVISED, B752, ONT - SDF, REPORTED A UAS FROM THE 12 O'CLOCK POSITION WHILE  WSW BOUND AT 1,500 FEET 1 N ONT. NO EVASIVE ACTION TAKEN. ONTARIO PD NOTIFIED. WOC 7-3333 JW/HM",6,2022-06
2022-06-08,NEW YORK,NEW YORK,"PRELIM INFO FROM FAA OPS: NEW YORK, NY/UAS SIGHTING/0810E/LAGUARDIA ATCT ADVISED, CRJ7, CVG - LGA, REPORTED BLACK QUAD COPTER UAS 300 FEET BELOW ACFT FROM THE 12 O'CLOCK POSITION WHILE SW BOUND AT 1,900 FEET 5 NE LGA. NO EVASIVE ACTION TAKEN. LAW ENFORCEMENT NOTIFICATION NOT REPORTED. WOC 7-3333 ER/RC",6,2022-06
2022-06-08,UTAH,SALT LAKE CITY,"PRELIM INFO FROM FAA OPS: SALT LAKE CITY, UT/UAS SIGHTING/1253M/SALT LAKE CITY ATCT ADVISED, BEECH BE36, REPORTED UAS WHILE WSW BOUND AT 8,000 FEET 5 E SLC. NO EVASIVE ACTION TAKEN. LAW ENFORCEMENT NOTIFICATION NOT REPORTED. WOC 7-3333 ER/MK",6,2022-06
2022-06-08,TEXAS,SAN ANTONIO,"PRELIM INFO FROM FAA OPS: SAN ANTONIO, TX/UAS SIGHTING/1635C/SAN ANTONIO ATCT ADVISED, CESSNA C56X, LBB - SAT, REPORTED WHITE UAS 100 FEET BELOW ACFT WHILE SE BOUND AT 2,800 FEET 1 W SAN ANTONIO. NO EVASIVE ACTION REPORTED. SAN ANTONIO PD NOTIFIED. WOC 7-3333 MK/ER",6,2022-06
2022-06-09,TEXAS,CORPUS CHRISTI,"PRELIM INFO FROM FAA OPS: CORPUS CHRISTI, TX/UAS SIGHTING/1048C/CORPUS CHRISTI ATCT ADVISED, LEARJET LJ45, REPORTED UAS WHILE E BOUND AT 900 FEET ON FINAL 8 S CORPUS CHRISTI. NO EVASIVE ACTION REPORTED. CORPUS CHRISTI PD NOTIFIED. WOC 7-3333 MK/ER",6,2022-06
2022-06-09,DISTRICT OF COLUMBIA,WASHINGTON,"PRELIM INFO FROM FAA OPS: WASHINGTON, DC/UAS SIGHTING/1115E/DCA ATCT ADVISED, E75L, IND - DCA, REPORTED A BLACK UAS VCNTY OF WILSON BRIDGE WHILE N BOUND AT 1,000 FEET VCNTY DCA. NO EVASIVE ACTION REPORTED. ALEXANDRIA PD NOTIFIED. WOC 7-3333 MK/ER",6,2022-06
2022-06-09,GEORGIA,ATLANTA,"PRELIM INFO FROM FAA OPS: ATLANTA, GA/UAS SIGHTING/1250E/ATLANTA TRACON ADVISED, CRJ9, HPN - ATL, REPORTED A WHITE UAS AT 3 O'CLOCK POSITION WHILE W BOUND AT 3,600 FEET 8 E ATLANTA. NO EVASIVE ACTION REPORTED. ATLANTA PD NOTIFIED. WOC 7-3333 MK/ER",6,2022-06
2022-06-09,MICHIGAN,TRAVERSE CITY,"CORRECTION INFO FROM FAA OPS: TRAVERSE CITY, MI/UAS SIGHTING/1234E/TRAVERSE CITY ATCT ADVISED, CESSNA C172, REPORTED UAS WHILE W BOUND AT 1,400 FEET 2 E TRAVERSE CITY. NO EVASIVE ACTION REPORTED. GRAND TRAVERSE COUNTY SHERIFF NOTIFIED. WOC 7-3333 MK/ER",6,2022-06
2022-06-09,VIRGINIA,RICHMOND,"PRELIM INFO FROM FAA OPS: RICHMOND, VA/UAS SIGHTING/1118E/POTOMAC TRACON ADVISED, CESSNA C150, REPORTED WHITE AND BROWN UAS 1,500 FEET BELOW ACFT WHILE NW BOUND AT 2,500 FEET 11 NNE RIC. NO EVASIVE ACTION TAKEN. KING WILLIAM COUNTY SHERIFF NOTIFIED. WOC 7-3333 ER/RC",6,2022-06
2022-06-09,CALIFORNIA,VAN NUYS,"PRELIM INFO FROM FAA OPS: VAN NUYS, CA/UAS SIGHTING/1156P/LOS ANGELES ARTCC ADVISED E75L, LAX - SEA, REPORTED A UAS FROM 800 FEET ABOVE ACFT WHILE N BOUND AT 11,500 FEET 10 NW VNY. NO EVASIVE ACTION TAKEN. LOS ANGELES COUNTY SHERIFF NOTIFIED. WOC 7-3333 RC/ER",6,2022-06
2022-06-09,COLORADO,DENVER,"PRELIM INFO FROM FAA OPS: DENVER, CO/UAS SIGHTING/1530M/DENVER TRACON ADVISED, A20N, DEN - LAS, REPORTED A  WHITE QUADCOPTER UAS 500 FEET BELOW ACFT FROM THE 12 O'CLOCK POSITION WHILE W BOUND AT 7,000 FEET 5 W DENVER. NO EVASIVE ACTION REPORTED. DENVER ARPT PD NOTIFIED. WOC 7-3333 DJ/ER",6,2022-06
2022-06-09,KANSAS,WICHITA,"PRELIM INFO FROM FAA OPS: WICHITA, KS/UAS SIGHTING/1718C/WICHITA APCH ADVISED, ROBINSON R44, REPORTED A BLACK UAS WHILE S BOUND AT 400 FEET 4 ENE ICT. NO EVASIVE ACTION REPORTED. WICHITA ARPT PD NOTIFIED. WOC 7-3333 JG/TL",6,2022-06
2022-06-09,VIRGINIA,RICHMOND,"PRELIM INFO FROM FAA OPS: RICHMOND, VA/UAS SIGHTING/1950E/POTOMAC TRACON ADVISED, BEECH BE36, REPORTED A WHITE UAS 300 FEET BELOW ACFT WHILE S BOUND AT 1,500 FEET 13 N RIC. NO EVASIVE ACTION TAKEN. HANOVER COUNTY SHERIFF NOTIFIED. WOC 7-3333 TB/EC",6,2022-06
2022-06-09,DISTRICT OF COLUMBIA,WASHINGTON,"PRELIM INFO FROM FAA OPS: WASHINGTON, DC/UAS SIGHTING/2043E/WASHINGTON ATCT ADVISED, A319, CHS - DCA, REPORTED A UAS FROM THE 3 O'CLOCK POSITION WHILE N BOUND AT 1,200 FEET 3.75 S DCA. NO EVASIVE ACTION REPORTED. MARYLAND STATE POLICE NOTIFIED AT 301-3445-3101. WOC 7-3333 JG/TL",6,2022-06
2022-06-10,GEORGIA,ATLANTA,"PRELIM INFO FROM FAA OPS: ATLANTA, GA/UAS SIGHTING/0930E/ATLANTA TRACON ADVISED, B739, RDU - ATL, REPORTED UAS AT THE 2 O'CLOCK POSITION WHILE E BOUND AT 3,000 FEET 8 W ATL. NO EVASIVE ACTION REPORTED. SOUTH FUTLON PD NOTIFIED. WOC 7-3333 DJ/RC",6,2022-06
2022-06-10,FLORIDA,ORLANDO,"PRELIM INFO FROM FAA OPS: ORLANDO, FL/UAS SIGHTING/1310E/ORLANDO ATCT, B735, NASSAU, BAHAMAS (MYNN) - MCO, REPORTED BLACK AND WHITE UAS 200 FEET BELOW ACFT WHILE S BOUND AT 1,300 FEET 2 N MCO. NO EVASIVE ACTION TAKEN. ORANGE COUNTY SHERIFF NOTIFIED. WOC 7-3333 ER/RC",6,2022-06
2022-06-10,FLORIDA,FORT LAUDERDALE,"PRELIM INFO FROM FAA OPS: FORT LAUDERDALE, FL/UAS SIGHTING/1750E/FORT LAUDERDALE ATCT ADVISED, B753, ATL - FLL, REPORTED A BLACK AND ORANGE UAS FROM THE 3 O'CLOCK POSITION WHILE W BOUND AT1,500 FEET 4 E FLL. NO EVASIVE ACTION REPORTED.  BROWARD COUNTY SHERIFF NOTIFIED. WOC 7-3333 JG/RC",6,2022-06
2022-06-10,TEXAS,EL PASO,"PRELIM INFO FROM FAA OPS: EL PASO, TX/UAS SIGHTING/1649M/EL PASO ATCT ADVISED, A20N, GUADALAJARA, MEXICO (MMGL) - CIUDAD JUAREZ, MEXICO (MMCS), REPORTED A UAS FROM THE RIGHT SIDE WHILE NE BOUND AT 6,200 FEET 8 S ELP. NO EVASIVE ACTION REPORTED. LAW ENFORCEMENT NOTIFICATION NOT REPORTED. WOC 7-3333 JG/EC",6,2022-06
2022-06-10,CONNECTICUT,HARTFORD,"PRELIM INFO FROM FAA OPS: HARTFORD, CT/UAS SIGHTING/1952E/BRADLEY TRACON ADVISED, A320, MCO - BDL, REPORTED A SMALL, WHITE UAS HEADED SOUTHBOUND AT 6,800 FEET 7 SW HARTFORD (41.3802/072.4240). NO EVASIVE ACTION REPORTED. LEO NOTIFIED. WOC 7-3333 EC/JG",6,2022-06
2022-06-11,NEW YORK,MONTGOMERY,"PRELIM INFO FROM FAA OPS: MONTGOMERY, NY/UAS SIGHTING/0911E/NEW YORK TRACON ADVISED, CESSNA C172, REPORTED A YELLOW UAS AT 2,500 FEET WHILE ENE BOUND 10 S ORANGE COUNTY ARPT. EVASIVE ACTION NOT REPORTED.  NY STATE PD AVIATION UNIT NOTIFIED. WOC 7-3333 RL/JA",6,2022-06
2022-06-11,FLORIDA,ORLANDO,"PRELIM INFO FROM FAA OPS: ORLANDO, FL/UAS SIGHTING/1029E/ORLANDO ATCT ADVISED, DIAMOND DA40, REPORTED A BLACK UAS AT 500 FEET 1 WSW ORL. EVASIVE ACTION NOT REPORTED. ORANGE COUNTY SHERIFF NOTIFIED. WOC 7-3333 RL/JA",6,2022-06
2022-06-11,GEORGIA,WILLIAMSON,"PRELIM INFO FROM FAA OPS: WILLIAMSON, GA/UAS SIGHTING/1140E/ATLANTA TRACON ADVISED, BEECH BE36, REPORTED UAS WHILE WNW BOUND AT 2,500 FEET VCNTY WILLIAMSON. NO EVASIVE ACTION REPORTED. SPALDING COUNTY SHERIFF NOTIFIED. WOC 7-3333 DJ/JL",6,2022-06
2022-06-11,TEXAS,HOUSTON,"PRELIM INFO FROM FAA OPS: HOUSTON, TX/UAS SIGHTING/1102C/HOUSTON TRACON ADVISED, C130, IAH - RNO, REPORTED A GREY UAS UNDER LEFT WIING WHILE WNW BOUND CLIMBING THROUGH 2,500 FEET 8 W HOUSTON. NO EVASIVE ACTION. HOUSTON PD NOTIFIED. WOC 7-3333 DJ/JL",6,2022-06
2022-06-11,NEVADA,LAS VEGAS,"PRELIM INFO FROM FAA OPS: LAS VEGAS, NV/UAS SIGHTING/0955P/LOS ANGELES ARTCC ADVISED, PILATUS PC12, REPORTED A WHITE UAS AT FL250 WHILE SSW BOUND 30 NE LAS. NO EVASIVE ACTION REPORTED. LEO NOTIFICATION NOT REPORTED. WOC 7-3333 RL/JA",6,2022-06
2022-06-11,VERMONT,BURLINGTON,"PRELIM INFO FROM FAA OPS: BURLINGTON, VT/UAS SIGHTING/1550E/BURLINGTON ATCT ADVISED, BOMBARDIER CL30, UIN - BTV, REPORTED UAS AT 500 FEET WHILE SSE BOUND 1 NE BTV. NO EVASIVE ACTION REPORTED. SOUTH BURLINGTON PD NOTIFIED. WOC 7-3333 RL/JA",6,2022-06
2022-06-11,ILLINOIS,CHICAGO,"PRELIM INFO FROM FAA OPS: CHICAGO, IL/UAS SIGHTING/1845C/CHICAGO TRACON ADVISED, CRJ7, MSP - ORD, REPORTED A UAS AT THE 3 O'CLOCK POSITION WHILE W BOUND AT 3,800 FEET 10 E ORD. NO EVASIVE ACTION TAKEN. CHICAGO PD NOTIFIED. WOC 7-3333 JO/HM",6,2022-06
2022-06-11,TEXAS,HOUSTON,"PRELIM INFO FROM FAA OPS: HOUSTON, TX/UAS SIGHTING/2045C/HOUSTON ATCT ADVISED, EUROCOPTER BK17, REPORTED A UAS WHILE N BOUND AT 1,000 FEET 7 NW HOU. NO EVASIVE ACTION TAKEN. LEO NOTIFICATION NOT REPORTED. WOC 7-3333 JO/HM",6,2022-06
2022-06-11,CALIFORNIA,SAN DIEGO,"PRELIM INFO FROM FAA OPS: SAN DIEGO, CA/UAS SIGHTING/1918P/SOCAL TRACON ADVISED, BOMBARDIER CL30, GSP - SAN, REPORTED A BLACK AND RED QUAD-COPTER UAS 5 FEET ABOVE ACFT WHILE SW BOUND AT 6,700 FEET 23 E MISSION BAY VOR. NO EVASIVE ACTION. SAN DIEGO COUNTY SHERIFF NOTIFIED. WOC 7-3333 HM/JO",6,2022-06
2022-06-12,ILLINOIS,ST LOUIS,"PRELIM INFO FROM FAA OPS: CAHOKIA/ST LOUIS, IL/UAS SIGHTING/0625C/ST. LOUIS DOWNTOWN ATCT ADVISED, C21, REPORTED A UAS WHILE NE BOUND AT 2,100 FEET 4 N CPS. NO EVASIVE ACTION TAKEN. ST. LOUIS PD NOTIFIED. WOC 7-3333 RC/JA",6,2022-06
2022-06-12,ILLINOIS,ST LOUIS,"PRELIM INFO FROM FAA OPS: CAHOKIA/ST LOUIS, IL/UAS SIGHTING/0626C/ST. LOUIS DOWNTOWN ATCT ADVISED, BEECH BE95, REPORTED A UAS WHILE NE BOUND AT 2,100 FEET 4 N CPS. NO EVASIVE ACTION TAKEN. ST. LOUIS PD NOTIFIED. WOC 7-3333 RC/JA",6,2022-06
2022-06-12,MASSACHUSETTS,NORWOOD,"PRELIM INFO FROM FAA OPS: NORWOOD, MA/UAS SIGHTING/0945E/BOSTON TRACON ADVISED, CESSNA C206, REPORTED A RED UAS OFF RIGHT SIDE AT 4000 FEET WHILE SW BOUND 10 SW OWD. NO EVASIVE ACTION REPORTED. LEO NOTIFIED. NUMBER NOT PROVIDED. WOC 7-3333 RL/JA",6,2022-06
2022-06-12,RHODE ISLAND,PROVIDENCE,"PRELIM INFO FROM FAA OPS: PROVIDENCE, RI/UAS SIGHTING/1055E/PROVIDENCE APPROACH ADVISED, CRJ2, PVD - IAD, REPORTED UAS 200 FEET ABOVE FROM 12 O'CLOCK POSITION AT 800 FEET WHILE SW BOUND OFF DEPARTURE END OF RWY. NO EVASIVE ACTION REPORTED. WARWICK PD NOTIFIED. WOC 7-3333 RL/JA",6,2022-06
2022-06-12,VIRGINIA,NEWPORT NEWS,"PRELIM INFO FROM FAA OPS: NEWPORT NEWS, VA/UAS SIGHTING/1125E/PATRICH HENRY FIELD ATCT ADVISED CESSNA C172, PHF - PHF, OBSERVED A UAS AT 200 FT ELEVATION OVER THE APPROACH END. NO EVASIVE ACTION REPORTED. PHF ARPT OPS NOTIFIED. WOC 7-3333 JA/RL",6,2022-06
2022-06-12,MINNESOTA,MINNEAPOLIS,"PRELIM INFO FROM FAA OPS: MINNEAPOLIS, MN/UAS SIGHTING/1045C/FLYING CLOUD ATCT ADVISED, CIRRUS SF50, REPORTED UAS 100 FEET BELOW AT 1,900 FEET WHILE E BOUND 4 W FCM. NO EVASIVE ACTION REPORTED. EDEN PRAIRIE PD NOTIFIED. WOC 7-3333 RL/JA",6,2022-06
2022-06-12,OKLAHOMA,OKLAHOMA CITY,"PRELIM INFO FROM FAA OPS: OKLAHOMA CITY, OK/UAS SIGHTING/1308C/DALLAS-FORT WORTH ARTCC ADVISED, CESSNA C172, REPORTED A SILVER UAS 500 FEET BELOW AT 12 O'CLOCK POSITION AT 8,500 FEET WHILE W BOUND 50 E KINGFISHER VORTAC. NO EVASIVE ACTION TAKEN. KINGFISHER PD NOTIFIED. WOC 7-3333 RL/JA",6,2022-06
2022-06-12,TEXAS,SAN ANTONIO,"PRELIM INFO FROM FAA OPS: SAN ANTONIO, TX/UAS SIGHTING/1330C/SAN ANTONIO ATCT ADVISED, A21N, DFW - SAT, REPORTED A BLACK UAS 100 FEET BELOW AT 1 O'CLOCK POSITION AT 1,700 FEET WHILE SE BOUND 6 SSW SAT. NO EVASIVE ACTION REPORTED. SAN ANTONIO PD NOTIFIED. WOC 7-3333 RL/JA",6,2022-06
2022-06-12,NEW YORK,NEW YORK,"PRELIM INFO FROM FAA OPS: NEW YORK, NY/UAS SIGHTING/1534E/KENNEDY ATCT ADVISED, B744, LIEGE, BELGIUM (EBLG) - JFK, REPORTED UAS AT 9 O'CLOCK POSITION AT 1000 FEET WHILE SW BOUND 3 E JFK. NY PORT AUTHORITY NOTIFIED. WOC 7-3333 RL/JA",6,2022-06
2022-06-12,TEXAS,DALLAS-FORT WORTH,"PRELIM INFO FROM FAA OPS: DALLAS-FORT WORTH, TX/UAS SIGHTING/1636C/DALLAS-FORT WORTH ATCT ADVISED, A321, PUERTO VALLARTA, MEXICO (MMPR) - DFW, REPORTED A RED UAS 400 FEET BELOW AT 12 O'CLOCK POSITION AT 1000 FEET WHILE S BOUND 2 N DFW. NO EVASIVE ACTION REPORTED. DALLAS-FORT WORTH DEPARTMENT OF PUBLIC SAFETY NOTIFIED. WOC 7-3333 RL/JA",6,2022-06
2022-06-12,MICHIGAN,ANN ARBOR,"PRELIM INFO FROM FAA OPS: ANN ARBOR, MI/UAS SIGHTING/1957E/UNIVERSITY OF MICHIGAN PD (UMPD) ADVISED THAT A UAS WAS OBSERVED OPERATING IN THE VCNTY OF THE MICHIGAN MEDICINE HELIPADS. A MEDEVAC HELICOPTER (INFO NOT PROVIDED) HAD JUST LANDED A FEW MINUTES PRIOR. PIC CONTACTED UMPD FOR ASSISTANCE. NO EVASIVE ACTION REPORTED. UMPD OFFICER IDENTIFIED PILOT AND INITIATED REPORT.  WOC 7-3333 JA/EF",6,2022-06
2022-06-13,CONNECTICUT,OXFORD,"PRELIM INFO FROM FAA OPS: OXFORD, CT/UAS SIGHTING/1105E/OXFORD ATCT ADVISED, CESSNA C182, REPORTED A YELLOW UAS OFF RIGHT SIDE AT 1,800 FEET WHILE N BOUND 1 S OXC. NO EVASIVE ACTION REPORTED. OXFORD PD NOTIFIED. WOC 7-3333 RL/EF",6,2022-06
2022-06-13,MASSACHUSETTS,BOSTON,"PRELIM INFO FROM FAA OPS: BOSTON, MA/UAS SIGHTING/1445E/BOSTON ATCT ADVISED, B752, ATL - BOS, REPORTED UAS OFF LEFT SIDE AT 1,000 FEET WHILE NE BOUND 3 SW BOS. NO EVASIVE ACTION REPORTED. MASSACHUSETTS STATE POLICE NOTIFIED. WOC 7-3333 RL/EF",6,2022-06
2022-06-13,TEXAS,GEORGETOWN,"PRELIM INFO FROM FAA OPS: GEORGETOWN, TX/UAS SIGHTING/1600C/GEORGETOWN FCT ADVISED, PIPER P28A, OBSERVED A UAS HOVERING AT 3,330 FEET WHILE EASTBOUND AT 3,800 FEET, 6 ESE GTU. NO EVASIVE ACTION REPORTED. NO LEO NOTIFICATION OCCURRED. WOC 7-3333 JA/EF",6,2022-06
2022-06-13,NORTH CAROLINA,MONROE,"PRELIM INFO FROM FAA OPS: MONROE, NC/UAS SIGHTING/1712E/CLT ATCT ADVISED CHARLOTTE-MONROE EXECUTIVE ARPT (EQY) MANAGER OBSERVED A UAS OPERATING BETWEEN 75-100 FEET IN THE VCNTY RWY 23. 3 ACFT WENT AROUND TO AVOID THE UAS. LEO NOT NOTIFIED. WOC 7-3333 JA/EF",6,2022-06
2022-06-13,FLORIDA,DESTIN,"PRELIM INFO FROM FAA OPS: DESTIN, FL/UAS SIGHTING/1620C/DESTIN FCT ADVISED, PROGRESSIVE AERODYNE SEA RAY, OBSERVED A BLACK-RED UAS APPROXIMATELY 4 E DTS. NO EVASIVE ACTION REPORTED. COUNTY OPS CENTER NOTIFIED (NO PHONE PROVIDED). WOC 7-3333 JA/EF",6,2022-06
2022-06-13,FLORIDA,FORT LAUDERDALE,"PRELIM INFO FROM FAA OPS: FORT LAUDERDALE, FL/UAS SIGHTING/2210E/FORT LAUDERDALE ATCT ADVISED, B737, BNA - FLL, REPORTED A UAS AT THE 3 O'CLOCK POSITION WHILE E BOUND AT 2,000 FEET 8 W FLL. NO EVASIVE ACTION TAKEN. BROWARD COUNTY SHERIFF NOTIFIED. WOC 7-3333 JO/JW",6,2022-06
2022-06-14,TEXAS,DALLAS-FORT WORTH,"PRELIM INFO FROM FAA OPS: DALLAS-FORT WORTH, TX/UAS SIGHTING/1425C/DALLAS-FORT WORTH INTL ARPT (DFW) REPORTED A UAS AT 100 FEET AGL 1 N OF RUNWAY 17C. ATC AVOIDED ARRIVALS TO RUNWAY 17C. NO ACFT RE-SEQUENCED. DFW ARPT PD WERE NOTIFIED AND APPREHENDED OPERATOR ON UNREPORTED CHARGES. NO IMPACT TO NAS. FAA LEAP NOTIFIED. WOC 7-3333 RC/DJ",6,2022-06
2022-06-14,ILLINOIS,CHICAGO,"PRELIM INFO FROM FAA OPS: CHICAGO, IL/UAS SIGHTING/1638C/CHICAGO TRACON ADVISED, A320, OMA - ORD, REPORTED BLACK UAS 500 FEET BELOW ACFT AT THE 1 O'CLOCK POSITON WHILE W BOUND AT 4,000 FEET. NO EVASIVE ACTION REPORTED. CHICAGO PD NOTIFIED. WOC 7-3333 DJ/RC",6,2022-06
2022-06-14,TEXAS,WACO,"PRELIM INFO FROM FAA OPS: WACO, TX/UAS SIGHTING/1835C/WACO FCT ADVISED, BEECH BE40, REPORTED A QUAD COPTER UAS WHILE S BOUND AT 600 FEET OFF DEPARTURE END OF RUNWAY 17L WACO. NO EVASIVE ACTION TAKEN. TSTC WACO ARPT PD NOTIFIED. WOC 7-3333 JW/JO",6,2022-06
2022-06-14,ARIZONA,PHOENIX,"PRELIM INFO FROM FAA OPS: PHOENIX, AZ/UAS SIGHTING/1842M/PHOENIX TRACON ADVISED, PIPER P28A, REPORTED A GOLDEN COLOR UAS WHILE S BOUND AT 4,500 FEET 9 NNW PHOENIX VORTAC (PXR). NO EVASIVE ACTION TAKEN. PHOENIX ARPT PD NOTIFIED. WOC 7-3333 JO/GG",6,2022-06
2022-06-14,NEVADA,LAS VEGAS,"PRELIM INFO FROM FAA OPS: LAS VEGAS, NV/UAS SIGHTING/1928P/NORTH LAS VEGAS ATCT ADVISED, BEECH BE35, OBSERVED A QUAD-COPTER UAS WHILE ESE BOUND WHILE ORBITING AT 200 FEET OF DEPARTURE END OF RUNWAY 12R. NO EVASIVE ACTION TAKEN. METRO PD ON FREQ AND NORTH LAS VEGAS PD WAS NOTIFIED. WOC 7-3333 GG/JO",6,2022-06
2022-06-15,CALIFORNIA,HAYWARD,"PRELIM INFO FROM FAA OPS: HAYWARD, CA/UAS SIGHTING/0945P/HAYWARD ATCT ADVISED, CIRRUS SR20, MHR - HWD, REPORTED A UAS WHILE W BOUND AT 1,000 FEET 2 E HWD. NO EVASIVE ACTION TAKEN. NO LEO NOTIFICATION REPORTED. WOC 7-3333 RC/ER",6,2022-06
2022-06-15,OKLAHOMA,OKLAHOMA CITY,"PRELIM INFO FROM FAA OPS: OKLAHOMA CITY, OK/UAS SIGHTING/1405C/OKLAHOMA CITY APCH ADVISED, CRJ7, DFW - OKC, REPORTED A WHITE UAS FROM THE LEFT SIDE WHILE N BOUND AT 4,000 FEET 15 NE OKC. NO EVASIVE ACTION TAKEN. OKLAHOMA CITY PD NOTIFIED. WOC 7-3333 RC/MK",6,2022-06
2022-06-15,NEW YORK,NEW YORK,"PRELIM INFO FROM FAA OPS: NEW YORK, NY/UAS SIGHTING/1831E/JFK ATCT ADVISED, B739, PHX - JFK, REPORTED A BLACK UAS 100 FEET BELOW WHILE NE BOUND AT 2,000 FEET VCNTY CANARSIE VOR. NO EVASIVE ACTION REPORTED.  NYPD AVIATION UNIT NOTIFIED. WOC 7-3333 JG/JF",6,2022-06
2022-06-15,VIRGINIA,NORFOLK,"PRELIM INFO FROM FAA OPS: NORFOLK, VA/UAS SIGHTING/2045E/NORFOLK ATCT ADVISED, E55P, LOM - ORF, REPORTED A WHITE UAS WHILE NE BOUND AT 150 FEET ON 1 MILE FINAL RWY 5. NO EVASIVE ACTION TAKEN. ARPT PD NOTIFIED. WOC 7-3333 TB/JF",6,2022-06
2022-06-16,CALIFORNIA,SACRAMENTO,"PRELIM INFO FROM FAA OPS: SACRAMENTO, CA/UAS SIGHTING/1100P/SACRAMENTO ATCT (SMF) ADVISED, E75L, PDX - SMF, REPORTED WHITE UAS FROM THE 9 O'CLOCK POSITION WHILE S BOUND AT 1,700 FEET 6.3 N SMF. NO EVASIVE ACTION TAKEN. SACRAMENTO PD NOTIFIED. WOC 7-3333 RC/ER",6,2022-06
2022-06-16,UTAH,SALT LAKE CITY,"PRELIM INFO FROM FAA OPS: SALT LAKE CITY, UT/UAS SIGHTING/1414M/SALT LAKE CITY ATCT ADVISED, BOMBARDIER CL60, SLC - CGF, REPORTED A WHITE UAS FROM THE 3 O'CLOCK POSITION WHILE S BOUND AT 5,700 FEET 2 N WASATCH VOR. NO EVASIVE ACTION TAKEN. SALT LAKE CITY INTL ARPT PD NOTIFIED. WOC 7-3333 RC/ER",6,2022-06
2022-06-16,UTAH,SALT LAKE CITY,"PRELIM INFO FROM FAA OPS: SALT LAKE CITY, UT/UAS SIGHTING/1232M/SALT LAKE CITY ATCT ADVISED, A339, AMSTERDAM, NETHERLANDS (EHAM) - SLC, REPORTED A WHITE UAS FROM THE 3 O'CLOCK POSITION WHILE S BOUND AT 4,900 FEET 2 N WASATCH VOR. NO EVASIVE ACTION TAKEN. SALT LAKE CITY INTL ARPT PD NOTIFIED. WOC 7-3333 RC/MK",6,2022-06
2022-06-16,UTAH,SALT LAKE CITY,"PRELIM INFO FROM FAA OPS: SALT LAKE CITY, UT/UAS SIGHTING/1241M/SALT LAKE CITY ATCT ADVISED, B739, LAX - SLC, REPORTED A WHITE UAS FROM THE 3 O'CLOCK POSITION WHILE S BOUND AT 4,900 FEET 2 N WASATCH VOR. NO EVASIVE ACTION TAKEN. SALT LAKE CITY INTL ARPT PD NOTIFIED. WOC 7-3333 RC/EF",6,2022-06
2022-06-16,MICHIGAN,BATTLE CREEK,"PRELIM INFO FROM FAA OPS: BATTLE CREEK, MI/UAS SIGHTING/1740E/KALAMAZOO ATCT ADVISED, CIRRUS SR20, REPORTED A UAS FROM THE 2 O'CLOCK POSITION WHILE SSE BOUND AT 2,000 FEET 10 S AZO. NO EVASIVE ACTION REPORTED. LAW ENFORCEMENT NOTIFICATION NOT REPORTED. WOC 7-3333 JG/JF",6,2022-06
2022-06-17,TEXAS,EL PASO,"PRELIM INFO FROM FAA OPS: EL PASO, TX/UAS SIGHTING/0800M/EL PASO ATCT ADVISED, B763, REPORTED A UAS THAT PASSED UNDER ACFT AT 300 FEET WHILE SHORT FINAL 1 E EL PASO. NO EVASIVE ACTION REPORTED. EL PASO DPS NOTIFIED. WOC 7-3333 MK/EF",6,2022-06
2022-06-17,TEXAS,EL PASO,"PRELIM INFO FROM FAA OPS: EL PASO, TX/UAS SIGHTING/0800M/EL PASO ATCT, B763, CVG - ELP, OBSERVED A UAS PASSING UNDERNEATH ACFT WHILE SOUTHWEST BOUND AT 300 FEET ON SHORT FINAL TO ELP.  NO EVASIVE ACTION REPORTED. TEXAS DPS NOTIFIED (NO PHONE PROVIDED). WOC 7-3333 JA/EF",6,2022-06
2022-06-17,ILLINOIS,CHICAGO,"PRELIM INFO FROM FAA OPS: CHICAGO, IL/UAS SIGHTING/0940C/MIDWAY ATCT ADVISED, CL35, REPORTED BLACK UAS OPERATING AT 1,600 FEET 1 S CHICAGO. NO EVASIVE ACTION REPORTED. LEOS NOTIFIED VIA 911. WOC 7-3333 MK/EF",6,2022-06
2022-06-17,MICHIGAN,LANSING,"PRELIM INFO FROM FAA OPS: LANSING, MI/UAS SIGHTING/1537E/C-ROC ADVISED, E145, ORD - LAN, REPORTED A WHITE UAS MANEUVERING BETWEEN 1,800-2,000 FEET 9 SE LANSING. LAW ENFORCEMENT NOTIFIED. PHONE NUMBER NOT PROVIDED. WOC 7-3333 EF/MK",6,2022-06
2022-06-17,CALIFORNIA,LOS ANGELES,"PRELIM INFO FROM FAA OPS: LOS ANGELES, CA/UAS SIGHTING/1622P/LOS ANGELES ATCT ADVISED, B738, HNL - LAX, REPORTED 2 UAS 100 FEET BELOW WHILE WSW BOUND AT 2,100 FEET 8 ENE LAX. NO EVASIVE ACTION REPORTED. LAWA NOTIFIED. WOC 7-3333 JG/TL",6,2022-06
2022-06-17,KANSAS,TOPEKA,"PRELIM INFO FROM FAA OPS: TOPEKA, KS/UAS SIGHTING/1900C/KANSAS CITY ARTCC ADVISED LOCAL LAW ENFORCEMENT OFFICER REPORTED INDIVIDUAL OPERATING UAS NEAR A TRAIN DERAILMENT 17 ESE TOP. THE LAW ENFORCEMENT OFFICER ADVISED INDIVIDUAL TO OPERATE UAS IN COMPLIANCE WITH OPERATING RULES. NO REPORTS FROM ACFT IN AREA. WOC 7-3333 TB/JG",6,2022-06
2022-06-18,FLORIDA,KEY WEST,"PRELIM INFO FROM FAA OPS: KEY WEST, FL/UAS SIGHTING/1000E/KEY WEST ATCT ADVISED, PIPER PA46, REPORTED UAS AT 12 O'CLOCK POSITION AT 300 FEET WHILE E BOUND VCNTY KEY WEST. NO EVASIVE ACTION TAKEN.  KEY WEST PD NOTIFIED. WOC 7-3333 RL/EF",6,2022-06
2022-06-18,NEW JERSEY,TETERBORO,"PRELIM INFO FROM FAA OPS: TETERBORO, NJ/UAS SIGHTING/1120E/E-ROC ADVISED, CESSNA C700, OQU - TEB, REPORTED A UAS AT 1,300 FEET 4 SW TEB. NO EVASIVE ACTION WAS TAKEN. NEW JERSEY STATE POLICE WAS NOTIFIED. PHONE NUMBER NOT PROVIDED. WOC 7-3333 EF/MK",6,2022-06
2022-06-18,ILLINOIS,ST LOUIS,"PRELIM INFO FROM FAA OPS: ST LOUIS, IL/UAS SIGHTING/1256C/ST LOUIS TRACON ADVISED CESSNA C175, REPORTED A SILVER UAS FROM LEFT SIDE AT 3,000 FEET WHILE W BOUND 12 SSE STL. NO EVASIVE ACTION TAKEN. ST LOUIS COUNTY PD NOTIFIED. WOC 7-3333 RL/EF",6,2022-06
2022-06-18,CALIFORNIA,BAKERSFIELD,"PRELIM INFO FROM FAA OPS: BAKERSFIELD, CA/UAS SIGHTING/1100P/BAKERSFIELD ATCT ADVISED, CRJ9, DFW - BFL, OBSERVED A LARGE BLACK UAS 500 FEET BELOW WHILE NW BOUND AT 10,000 FEET 30 SE BFL. NO EVASIVE ACTION WAS TAKEN. AIRPORT PD NOTIFIED. WOC 7-3333 EF/RL",6,2022-06
2022-06-18,VIRGINIA,CHANTILLY,"PRELIM INFO FROM FAA OPS: CHANTILLY, VA/UAS SIGHTING/1458E/POTOMAC TRACON ADVISED, A333, LONDON, UNITED KINGDOM (EGLL) - IAD, REPORTED A RED UAS OFF RIGHT SIDE AT 3,600 FEET WHILE S BOUND 8 SE IAD. NO EVASIVE ACTION TAKEN. FAIRFAX COUNTY PD NOTIFIED. WOC 7-3333 RL/EF",6,2022-06
2022-06-18,TEXAS,HOUSTON,"PRELIM INFO FROM FAA OPS: HOUSTON, TX/UAS SIGHTING/2000C/HOUSTON TRACON ADVISED, E75L, NASSAU, BAHAMAS (MYNN) - IAH, REPORTED A BLACK UAS FROM THE 12 O'CLOCK POSITION WHILE W BOUND AT 6,000 FEET 8 SW IAH. NO EVASIVE ACTION TAKEN. FBI NOTIFIED. WOC 7-3333 TB/JG",6,2022-06
2022-06-19,NEW YORK,NEW YORK,"PRELIM INFO FROM FAA OPS: NEW YORK, NY/UAS SIGHTING/0842E/NEW YORK TRACON ADVISED, E75S, JAX - JFK, REPORTED A UAS WHILE NW BOUND AT 2,500 FEET 5 SE JFK. NO EVASIVE ACTION TAKEN. NASSAU COUNTY PD NOTIFIED. WOC 7-3333 JO/HM",6,2022-06
2022-06-19,GEORGIA,ATLANTA,"PRELIM INFO FROM FAA OPS: ATLANTA, GA/UAS SIGHTING/1205E/ATLANTA TRACON ADVISED CIRRUS SR22, REPORTED A WHITE UAS WHILE NW BOUND AT 3,700 FEET 3 N COBB COUNTY INTL ARPT (RYY). NO EVASIVE ACTION TAKEN. COBB COUNTY SHERIFF NOTIFIED. WOC 7-3333 JO/JW",6,2022-06
2022-06-19,NEW JERSEY,NEWARK,"PRELIM INFO FROM FAA OPS: NEWARK, NJ/UAS SIGHTING/1217E/EWR ATCT ADVISED, E170, DTW - EWR, REPORTED A SILVER 2-ROTOR UAS 50 FEET ABOVE ACFT WHILE N BOUND AT 1,300 FEET 4 MILE FINAL RUNWAY 4R. NO EVASIVE ACTION TAKEN. PORT AUTHORITY OPERATIONS NOTIFIED. WOC 7-3333 HM/JO",6,2022-06
2022-06-19,NEW JERSEY,NEWARK,"PRELIM INFO FROM FAA OPS: NEWARK, NJ/UAS SIGHTING/1247E/EWR ATCT ADVISED, B78X, LISBON, PORTUGAL (LPPT) - EWR, REPORTED A QUAD-COPTER UAS OFF THE RIGHT SIDE WHILE N BOUND AT 2,500 FEET 8 MILE FINAL RUNWAY 4R. NO EVASIVE ACTION TAKEN. PORT AUTHORITY OPERATIONS NOTIFIED. WOC 7-3333 HM/JO",6,2022-06
2022-06-19,NEW JERSEY,NEWARK,"PRELIM INFO FROM FAA OPS: NEWARK, NJ/UAS SIGHTING/1250E/EWR ATCT ADVISED, E170, BGR - EWR, REPORTED A QUAD-COPTER UAS OFF THE RIGHT SIDE WHILE N BOUND AT 2,500 FEET 8 MILE FINAL RUNWAY 4R. NO EVASIVE ACTION TAKEN. NO IMPACT TO OPERATIONS. PORT AUTHORITY OPERATIONS NOTIFIED. WOC 7-3333 HM/JO",6,2022-06
2022-06-19,CALIFORNIA,PALO ALTO,"PRELIM INFO FROM FAA OPS: PALO ALTO, CA/UAS SIGHTING/1023P/PALO ALTO ATCT ADVISED, BEECH BE35, REPORTED A UAS WHILE SE BOUND AT 900 FEET 4 E PAO. NO EVASIVE ACTION TAKEN. MOUNTAIN VIEW PD NOTIFIED. WOC 7-3333 JO/JW",6,2022-06
2022-06-19,GEORGIA,ATLANTA,"PRELIM INFO FROM FAA OPS: ATLANTA, GA/UAS SIGHTING/1330E/ATLANTA TRACON ADVISED, CESSNA C206, REPORTED A RED UAS 1,500 FEET BELOW ACFT WHILE S BOUND AT 3,000 FEET 4.5 E ATL. NO EVASIVE ACTION TAKEN. DEKALB PD NOTIFIED. WOC 7-3333 JO/JW",6,2022-06
2022-06-19,GEORGIA,ATLANTA,"PRELIM INFO FROM FAA OPS: ATLANTA, GA/UAS SIGHTING/1340E/ATLANTA TRACON ADVISED, CESSNA C206, REPORTED A WHITE UAS 1,500 FEET BELOW ACFT WHILE S BOUND AT 3,000 FEET 4.5 E ATL. NO EVASIVE ACTION TAKEN. DEKALB PD NOTIFIED. WOC 7-3333 JO/JW",6,2022-06
2022-06-19,NEW YORK,NEW YORK,"PRELIM INFO FROM FAA OPS: NEW YORK, NY/UAS SIGHTING/1415E/NEW YORK TRACON ADVISED, CRJ9, SYR - LGA, REPORTED A UAS OFF THE RIGHT SIDE WHILE NE BOUND AT 3,000 FEET 8 SW LGA. NO EVASIVE ACTION TAKEN. NYPD AVIATION UNIT NOTIFIED. WOC 7-3333 HM/JO",6,2022-06
2022-06-19,ILLINOIS,CHICAGO,"PRELIM INFO FROM FAA OPS: CHICAGO, IL/UAS SIGHTING/1320C/ORD ATCT ADVISED, A332, LIEGE, BELGIUM (EBLG) - ORD, REPORTED A UAS WHILE E BOUND AT 3,000 FEET 8 MILE FINAL RUNWAY 27C. SUBSEQUENT ACFT REPORTED A BALLOON NOT A UAS. NO EVASIVE ACTION TAKEN. LEO NOTIFICATION NOT REPORTED. WOC 7-3333 HM/JO",6,2022-06
2022-06-19,CONNECTICUT,NEW HAVEN,"PRELIM INFO FROM FAA OPS: NEW HAVEN, CT/UAS SIGHTING/1520E/NEW YORK TRACON ADVISED CESSNA C560, REPORTED A LARGE UAS WITH FLASHING BLUE LIGHTS WHILE E BOUND AT 4,000 FEET 7 SSE NEW HAVEN ARPT (HVN). NO EVASIVE TAKEN. SCPD AVIATION NOTIFIED. WOC 7-3333 JO/HM",6,2022-06
2022-06-19,ALABAMA,TALLADEGA,"PRELIM INFO FROM FAA OPS: TALLADEGA, AL/UAS SIGHTING/1556C/ATLANTA ARTCC ADVISED, BEECH BE20, REPORTED A UAS OFF THE LEFT SIDE 30 FEET BELOW ACFT WHILE SW BOUND AT FL228 15 SSE TALLADEGA DME. NO EVASIVE ACTION TAKEN. CLAY COUNTY SHERIFF NOTIFIED. WOC 7-3333 JO/JW",6,2022-06
2022-06-19,OHIO,COLUMBUS,"PRELIM INFO FROM FAA OPS: COLUMBUS, OH/UAS SIGHTING/1810E/COLUMBUS ATCT ADVISED, CRJ9, JFK - CMH, REPORTED BLACK UAS AT SAME ALTITUDE FROM THE 1 O'CLOCK POSITION WHILE W BOUND AT 2,500 FEET 2 WNW COLUMBUS. NO EVASIVE ACTION REPORTED. OHIO HIGHWAY PATROL NOTIFIED. COLUMBUS PD HELO NOTIFIED ON FREQUENCY AND RESPONDED TO AREA. COLUMBUS PD STATED UAS MAY HAVE BEEN A LARGE BLACK BIRD FOUND NEAR LOCATION REPORTED. WOC 7-3333 DJ/ER",6,2022-06
2022-06-19,ILLINOIS,CAHOKIA-ST LOUIS,"PRELIM INFO FROM FAA OPS: CAHOKIA-ST LOUIS, IL/UAS SIGHTING/1738C/ST LOUIS DOWNTOWN ATCT ADVISED, ROBINSON R44, REPORTED UAS 50 FEET ABOVE ACFT FROM THE 1 O'CLOCK POSITION WHILE N BOUND AT 450 FEET 3.5 NNW ST LOUIS DOWNTOWN ARPT, IL. NO EVASIVE ACTION TAKEN. ST CLAIR COUNTY PD NOTIFIED. WOC 7-3333 ER/DJ",6,2022-06
2022-06-20,TEXAS,SAN ANTONIO,"PRELIM INFO FROM FAA OPS: SAN ANTONIO, TX/UAS SIGHTING/1059C/STINSON ATCT ADVISED, CESSNA C206, REPORTED A SILVER UAS PASSED 50 FEET BELOW ACFT WHILE W BOUND AT 2,500 FEET 6 NE STINSON MUNICIPAL ARPT (SSF). NO EVASIVE ACTION TAKEN. SAN ANTONIO PD NOTIFIED. WOC 7-3333 JO/JW",6,2022-06
2022-06-20,ILLINOIS,CHICAGO,"PRELIM INFO FROM FAA OPS: CHICAGO, IL/UAS SIGHTING/1227C/CHICAGO TRACON ADVISED, BEECH BE35, GYY - PWK, REPORTED A WHITE QUAD-COPTER UAS AT 500 FEET BELOW ACFT WHILE N BOUND AT 2,000 FEET 15 E ORD. UAS WAS OPERATING NEAR THE NAVY PIER. NO EVASIVE ACTION TAKEN. FBI NOTIFIED. WOC 7-3333 HM/JO",6,2022-06
2022-06-20,FLORIDA,BROOKSVILLE,"PRELIM INFO FROM FAA OPS: BROOKSVILLE, FL/UAS SIGHTING/1345E/BROOKSVILLE ATCT ADVISED, CESSNA C172, REPORTED A UAS AT THE 3 O'CLOCK POSITION WHILE N BOUND AT 2,000 FEET 9 WSW BKV. NO EVASIVE ACTION TAKEN. HERNANDO COUNTY SHERIFF NOTIFIED. WOC 7-3333 JO/JW",6,2022-06
2022-06-20,TEXAS,HOUSTON,"PRELIM INFO FROM FAA OPS: HOUSTON, TX/UAS SIGHTING/1405C/HOUSTON TRACON ADVISED, PIPER P28A, EL DORADO, AR - DWH, REPORTED A BLACK UAS 1/2 MILE OFF THE RIGHT SIDE WHILE SW BOUND AT 3,800 FEET 5 ENE CONROE/NORTH HOUSTON REGIONAL ARPT (CXO). NO EVASIVE ACTION TAKEN. FBI NOTIFIED. WOC 7-3333 HM/JO",6,2022-06
2022-06-20,NEW YORK,NEW YORK,"PRELIM INFO FROM FAA OPS: NEW YORK, NY/UAS SIGHTING/1515E/LAGUARDIA ATCT ADVISED, B738, CLT - LGA, REPORTED A WHITE UAS WHILE E BOUND AT 900 FEET 2 S LGA. NO EVASIVE ACTION TAKEN. PORT AUTHORITY OPERATIONS NOTIFIED. WOC 7-3333 JO/HM",6,2022-06
2022-06-20,COLORADO,DENVER,"PRELIM INFO FROM FAA OPS: DENVER, CO/UAS SIGHTING/1520M/W-ROC ADVISED, E75L, MTJ - DEN, REPORTED 2 WHITE UAS WHILE N BOUND AT 12,000 FEET  5 SW DEN. NO EVASIVE ACTION TAKEN. NO LEO NOTIFICATION REPORTED. WOC 7-3333 RC/DJ",6,2022-06
2022-06-20,NEW YORK,NEW YORK,"PRELIM INFO FROM FAA OPS: NEW YORK, NY/UAS SIGHTING/2152E/LAGUARDIA ATCT ADVISED, A320, IAH - LGA, REPORTED UAS FROM BELOW ACFT WHILE SW BOUND AT 500 FEET 3 NE LGA. NO EVASIVE ACTION TAKEN. PORT AUTHORITY NOTIFIED. WOC 7-3333 ER/RC",6,2022-06
2022-06-20,CALIFORNIA,CHINO,"PRELIM INFO FROM FAA OPS: CHINO, CA/UAS SIGHTING/1857P/CHINO ATCT ADVISED, CESSNA C172, REPORTED A RED UAS AT SAME ALTITUDE OFF FROM THE 9 O'CLOCK POSITION WHILE E BOUND AT 1,400 FEET 1 N CHINO. PILOT TURNED TO AVOID THE UAS AND REQUESTED TO CHANGE PATTERN TO NORTH SIDE OF ARPT. CHINO PD NOTIFIED. WOC 7-3333 DJ/RC",6,2022-06
2022-06-21,FLORIDA,SARASOTA-BRADENTON,"PRELIM INFO FROM FAA OPS: SARASOTA-BRADENTON, FL/UAS SIGHTING/1328E/SARASOTA ATCT ADVISED, DIAMOND DA40, REPORTED A UAS AT THE 3 O'CLOCK POSITION WHILE NE BOUND AT 2,000 FEET 6.21 WSW SRQ. NO EVASIVE ACTION TAKEN. MANATEE COUNTY SHERIFF NOTIFIED. WOC 7-3333 JO/JW",6,2022-06
2022-06-22,NEW JERSEY,TETERBORO,"PRELIM INFO FROM FAA OPS: TETERBORO, NJ/UAS SIGHTING/1335E/TETERBORO ATCT ADVISED, EMBRAER E545, REPORTED A BLACK UAS 350 FEET FROM THEIR 9 O'CLOCK POSITION WHILE S BOUND AT 2,000 FEET 4 E TEB. NO EVASIVE ACTION TAKEN. PARAMUS PD NOTIFIED. WOC 7-3333 JF/TB",6,2022-06
2022-06-22,CALIFORNIA,LOS ANGELES,"PRELIM INFO FROM FAA OPS: LOS ANGELES, CA/UAS SIGHTING/1240P/LAX ATCT ADVISED, BEECH BE9L, REPORTED A UAS AT THE 3 O'CLOCK POSITION WHILE NE BOUND AT 1,000 FEET 8 NE LAX. NO EVASIVE ACTION TAKEN. LEO NOTIFIED. WOC 7-3333 JO/TB",6,2022-06
2022-06-23,NORTH CAROLINA,ELKIN,"CORRECTION INFO (INCIDENT TYPE) FROM FAA OPS: ELKIN, NC/UAS INCIDENT/JUNE 23 - 1059E/ADVISED, SCHWEIZER H269, STRUCK A UAS AT 1,500 FEET NEAR INTERSECTION OF DOBBINS ROAD AND ROUTE 601 IN BOONVILLE, NC. ACFT RETURNED TO ELKIN AND REPORTED DAMAGE TO A ROTOR. POB: 1. INJURIES: NONE. DAMAGE: SUBSTANTIAL. WOC 7-3333 MK/EC",6,2022-06
2022-06-23,MASSACHUSETTS,SPRINGFIELD,"PRELIM INFO FROM FAA OPS: WESTFIELD/SPRINGFIELD, MA/UAS SIGHTING/1425E/YANKEE TRACON ADVISED, ECLIPSE EA50, BAF - BGR, REPORTED A UAS WHILE NE BOUND AT 6,000 FEET OVER WESTFIELD-BARNES REGIONAL ARPT. NO EVASIVE ACTION TAKEN. MASSACHUSETTS STATE PD NOTIFIED. WOC 7-3333 TB/MK",6,2022-06
2022-06-23,DISTRICT OF COLUMBIA,WASHINGTON,"PRELIM INFO FROM FAA OPS: WASHINGTON, DC/UAS SIGHTING/2036E/DCA ATCT ADVISED, H65, DCA - DCA, OBSERVED A UAS ON LEFT SIDE WHILE SOUTHBOUND AT 600 FEET, 6 SW DCA. NO EVASIVE ACTION REPORTED. NO LEO NOTIFICATION PROVIDED. WOC 7-3333 JA/EF",6,2022-06
2022-06-23,CALIFORNIA,SACRAMENTO,"PRELIM INFO FROM FAA OPS: SACRAMENTO, CA/UAS SIGHTING/2030P/SACRAMENTO ATCT OBSERVED A BLACK UAS 50-100 FEET OVER THE RAMP BY THE PARKING GARAGE. NO ACFT INVOLVED, NO IMPACT TO ATC SERVICES. SACRAMENTO COUNTY SHERIFF RESPONDED AND TOOK THE UAS OPERATOR INTO CUSTODY. WOC 7-3333 EF/JA",6,2022-06
2022-06-24,MASSACHUSETTS,BOSTON,"PRELIM INFO FROM FAA OPS: BOSTON, MA/UAS SIGHTING/0640E/BOSTON TRACON ADVISED, A321, SFO - BOS, REPORTED A YELLOW UAS 600 FEET FROM THEIR 11 O'CLOCK POSITION WHILE SW BOUND AT 800 FEET 2 NE BOS. NO EVASIVE ACTION TAKEN. MASSACHUSETTS STATE PD NOTIFIED. WOC 7-3333 JF/EC",6,2022-06
2022-06-24,MASSACHUSETTS,BOSTON,"PRELIM INFO FROM FAA OPS: BOSTON, MA/UAS SIGHTING/0645E/BOSTON TRACON REPORTED A YELLOW UAS OPERATING AT UNREPORTED ALTITUDE AT THE APCH END OF RUNWAY 22L. BOS ATCT AND TRACON CHANGED ARRIVALS TO RUNWAY 27 TO PREVENT CONFLICT WITH OPERATIONS. LEO NOTIFICATION NOT REPORTED. WOC 7-3333 JF/EC",6,2022-06
2022-06-24,OHIO,HILLSBORO,"PRELIM INFO FROM FAA OPS: HILLSBORO, OH/UAS SIGHTING/0805E/INDIANAPOLIS ARTCC ADVISED, COMMANDER AC11, LUK - MOS, REPORTED A UAS 500 FEET BELOW ACFT WHILE E BOUND AT 9,000 FEET VCNTY HOC. NO EVASIVE ACTION TAKEN. HIGHLAND COUNTY SHERIFF NOTIFIED. WOC 7-3333 JF/EC",6,2022-06
2022-06-24,ILLINOIS,AURORA,"PRELIM INFO FROM FAA OPS: CHICAGO/AURORA, IL/UAS SIGHTING/0729C/CHICAGO ARTCC ADVISED, B737, MDW - LAS, REPORTED A BLACK AND SILVER UAS 50 FEET FROM THE RIGHT WING WHILE W BOUND AT 13,500 FEET 2 N ARR. NO EVASIVE ACTION TAKEN. SUGAR GROVE PD NOTIFIED. WOC 7-3333 JF/EC",6,2022-06
2022-06-24,TEXAS,HOUSTON,"PRELIM INFO FROM FAA OPS: HOUSTON, TX/UAS SIGHTING/1215C/HOBBY ATCT ADVISED REPORTED A UAS 100 FEET 1 NW HOU. NO IMPACT TO NAS. HOUSTON PD FLIGHT SUPPORT NOTIFIED. WOC 7-3333 RC/TL.",6,2022-06
2022-06-24,KENTUCKY,LOUISVILLE,"PRELIM INFO FROM FAA OPS: LOUISVILLE, KY/UAS SIGHTING/1740E/STANDIFORD ATCT ADVISED, BELL B06, LOUISVILLE, KY (41KY) - 41KY, REPORTED A UAS WHILE W BOUND AT 300 FEET 12 NW LOUISVILLE VOR. NO EVASIVE ACTION TAKEN. LOUISVILLE METRO PD NOTIFIED. WOC 7-3333 RC/JA",6,2022-06
2022-06-25,NEW JERSEY,NEWARK,"PRELIM INFO FROM FAA OPS: NEWARK, NJ/UAS SIGHTING/0854E/NEWARK ATCT ADVISED, B738, CLT - EWR, REPORTED WHITE UAS AT 1,500 FEET WHILE ON 5 MILE FINAL RUNWAY 4R. NO EVASIVE ACTION REPORTED. NEWARK PORT AUTHORITY NOTIFIED. WOC 7-3333 DJ/TL",6,2022-06
2022-06-25,NEW JERSEY,NEWARK,"PRELIM INFO FROM FAA OPS: NEWARK, NJ/UAS SIGHTING/0835E/NEWARK ADVISED, E75S, TORONTO, CANADA (CYYZ) - EWR, REPORTED BLACK AND  WHITE UAS AT 1,500 FEET WHILE ON FINAL MILE RUNWAY 4R. NO EVASIVE ACTION REPORTED. NEWARK PORT AUTHORITY NOTIFIED. WOC 7-3333 MK/TB",6,2022-06
2022-06-25,SOUTH CAROLINA,MYRTLE BEACH,"PRELIM INFO FROM FAA OPS: MYRTLE BEACH, SC/UAS SIGHTING/1105E/MYRTLE BEACH ATCT ADVISED, A320, MDT - MYR, REPORTED A BLACK AND WHITE UAS  FROM THE RIGHT SIDE WHILE S BOUND AT 1,800 FEET 5 N MYR. NO EVASIVE ACTION TAKEN. HORRY COUNTY PD NOTIFIED. WOC 7-33333 TB/MK",6,2022-06
2022-06-25,CONNECTICUT,DANBURY,"CORRECTION INFO (INCIDENT TYPE) FROM FAA OPS: DANBURY, CT/UAS SIGHTING/1313E/DANBURY ATCT ADVISED, PIPER P28A, REPORTED QUAD COPTER UAS WHILE S BOUND 5 N DANBURY. NO EVASIVE ACTION REPORTED. LEOS NOT NOTIFIED. WOC 7-3333 MK/TB",6,2022-06
2022-06-25,TENNESSEE,NASHVILLE,"PRELIM INFO FROM FAA OPS: NASHVILLE, TN/UAS SIGHTING/1142C/NASHVILLE ATCT ADVISED, CESSNA C172, REPORTED A BLACK AND GREY UAS FROM THE LEFT SIDE WHILE NW BOUND AT 3,000 FEET 11 NE BNA. NO EVASIVE ACTION TAKEN. NASHVILLE METRO ARPT AUTHORITY NOTIFIED. WOC 7-3333 TB/DJ",6,2022-06
2022-06-25,CALIFORNIA,SAN DIEGO,"PRELIM INFO FROM FAA OPS: SAN DIEGO, CA/UAS SIGHTING/1200P/SAN DIEGO ATCT ADVISED, UNKN TYPE, REPORTED A UAS FROM THE 9 O'CLOCK POSITION WHILE S BOUND AT 500 FEET 4 WNW SAN. NO EVASIVE ACTION TAKEN. SAN DIEGO HARBOR PD NOTIFIED. WOC 7-3333 TB/DJ",6,2022-06
2022-06-25,CALIFORNIA,BURBANK,"PRELIM INFO FROM FAA OPS: BURBANK, CA/UAS SIGHTING/1215P/BURBANK ATCT ADVISED, GULFSTREAM AEROSPACE G280, BUR - SDL, REPORTED A UAS AT SAME ALTITUDE WHILE SW BOUND AT 1,800 FEET .5 SSE BURBANK. NO EVASIVE ACTIONS REPORTED. UAS COULD BE OBSERVED FROM ATCT. BURBANK ARPT PD NOTIFIED. WOC 7-3333 DJ/TL",6,2022-06
2022-06-25,NORTH CAROLINA,CHARLOTTE,"PRELIM INFO FROM FAA OPS: CHARLOTTE, NC/UAS SIGHTING/1515E/CHARLOTTE ATCT ADVISED, PIPER P28A, REPORTED A YELLOW UAS FROM THE 12 O'CLOCK POSITION WHILE NW BOUND AT 5,000 FEET 17 WNW CLT. NO EVASIVE ACTION TAKEN. LOCAL TSA DRONE COORDINATION CENTER NOTIFIED. WOC 7-3333 TB/DJ",6,2022-06
2022-06-25,NEW YORK,ROCHESTER,"PRELIM INFO FROM FAA OPS: ROCHESTER, NY/UAS SIGHTING/1432E/ROCHESTER ATCT ADVISED, MOONEY M20P, REPORTED UAS AT SAME ALTITUDE FROM THE 3 O'CLOCK POSITION WHILE NE BOUND AT 3,500 FEET 7 SSE ROCHESTER. NO EVASIVE ACTION REPORTED. MONROE COUNTY SHERIFF NOTIFIED. WOC 7-3333 DJ/TL",6,2022-06
2022-06-25,MARYLAND,BALTIMORE,"PRELIM INFO FROM FAA OPS: BALTIMORE, MD/UAS SIGHTING/1825E/WASHINGTON ARTCC ADVISED, B788, IAD - MUNICH, GERMANY (EDDM), OBSERVED A RED QUADCOPTER UAS OFF THE RIGHT SIDE WHILE E BOUND AT 15,000 FEET 10 S BAL. NO EVASIVE ACTION WAS TAKEN. LEO NOTIFICATION NOT PROVIDED. WOC 7-3333 EF/RC",6,2022-06
2022-06-25,MASSACHUSETTS,BOSTON,"PRELIM INFO FROM FAA OPS: BOSTON, MA/UAS SIGHTING/1954E/BOSTON TRACON ADVISED, A321, DTW - BOS, REPORTED A RED UAS FROM THE 10 O'CLOCK POSITION WHILE SSE BOUND AT 6,000 FEET 4 NE BOS. NO EVASIVE ACTION TAKEN. MASSACHUSETTS STATE PD NOTIFIED. WOC 7-3333 RC/EF",6,2022-06
2022-06-26,NEW YORK,NEW YORK,"PRELIM INFO FROM FAA OPS: NEW YORK, NY/UAS SIGHTING/1145E/NEW YORK TRACON ADVISED, CRJ9, DTW - JFK, REPORTED A BLACK UAS OFF THE RIGHT SIDE WHILE NE BOUND AT 3,400 FEET 9 NE JFK. NO EVASIVE ACTION TAKEN. NASSAU COUNTY PD NOTIFIED. WOC 7-3333 JO/JF",6,2022-06
2022-06-26,NEW YORK,NEW YORK,"PRELIM INFO FROM FAA OPS: NEW YORK, NY/UAS SIGHTING/1250E/JFK ATCT ADVISED, A333, MILAN, ITALY (LIMC) - JFK, REPORTED A QUAD-COPTER UAS OFF THE RIGHT SIDE WHILE SE BOUND AT 1,700 FEET 5 NE JFK. NO EVASIVE ACTION TAKEN. PORT AUTHORITY NOTIFIED. WOC 7-3333 JO/JF",6,2022-06
2022-06-26,NEW YORK,NEW YORK,"PRELIM INFO FROM FAA OPS: NEW YORK, NY/UAS SIGHTING/1254E/JFK ATCT ADVISED, B748, FRANKFURT, GERMANY (EDDF) - JFK, REPORTED UAS OFF LEFT SIDE WHILE SE BOUND AT 3,000 FEET 5 NE JFK. NO EVASIVE ACTION REPORTED. FOLLOWING ACFT DID NOT REPORT UAS. NY PORT AUTHORITY NOTIFIED. WOC 7-3333 DJ/JF",6,2022-06
2022-06-26,MAINE,BANGOR,"PRELIM INFO FROM FAA OPS: BANGOR, ME/UAS SIGHTING/1310E/BANGOR ATCT ADVISED SECURITY SYSTEMS DETECTED A UAS OPERATING AT UNKN ALTITUDE NEAR A GOLF COURSE 1 SE BANGOR. NO IMPACT TO OPERATIONS. WOC 7-3333 DJ/JO",6,2022-06
2022-06-26,TEXAS,HOUSTON,"PRELIM INFO FROM FAA OPS: HOUSTON, TX/UAS SIGHTING/1236C/HOUSTON ATCT ADVISED, E75L, ATL - IAH, REPORTED A BLACK AND YELLOW UAS SAME ALTITUDE WHILE ON FINAL FOR RUNWAY 26R 5 E IAH. NO EVASIVE ACTION TAKEN. HOUSTON PD AIR UNIT NOTIFIED. WOC 7-3333 JF/JO",6,2022-06
2022-06-26,MINNESOTA,MINNEAPOLIS,"PRELIM INFO FROM FAA OPS: MINNEAPOLIS, MN/UAS SIGHTING/1255C/CRYSTAL ATCT ADVISED, CESSNA C177, REPORTED A UAS OFF THE LEFT SIDE WHILE NE BOUND AT 2,000 FEET 9 SSW CRYSTAL ARPT. NO EVASIVE ACTION TAKEN. LEO NOTIFIED VIA 911. WOC 7-3333 JO/JF",6,2022-06
2022-06-26,NEW YORK,NEW YORK,"PRELIM INFO FROM FAA OPS: NEW YORK, NY/UAS SIGHTING/1359E/LAGUARDIA ATCT ADVISED, A321, MCO - LGA, REPORTED A WHITE UAS OFF THE LEFT SIDE WHILE SW BOUND AT 1,500 FEET 4 NE LGA. NO EVASIVE ACTION TAKEN. NYPD AVIATION UNIT NOTIFIED. WOC 7-3333 JO/JF",6,2022-06
2022-06-26,NEW YORK,NEW YORK,"PRELIM INFO FROM FAA OPS: NEW YORK, NY/UAS SIGHTING/1359E/LAGUARDIA ATCT ADVISED, E75S, ATL - LGA, REPORTED A WHITE UAS OFF THE LEFT SIDE WHILE SW BOUND AT 1,500 FEET 4 NE LGA. NO EVASIVE ACTION TAKEN. NYPD AVIATION UNIT NOTIFIED. WOC 7-3333 JO/JF",6,2022-06
2022-06-26,NORTH CAROLINA,CHARLOTTE,"PRELIM INFO FROM FAA OPS: CHARLOTTE, NC/UAS SIGHTING/1454E/CHARLOTTE APCH ADVISED, B712, ATL - CLT, REPORTED A DARK COLORED UAS OFF THE LEFT SIDE WHILE W BOUND AT 6,100 FEET 10 WNW CLT. NO EVASIVE ACTION TAKEN. ATC HELD DEPARTURES TO 5,000 FEET FOR 10 MINUTES. GASTONIA PD NOTIFIED. WOC 7-3333 JO/DJ",6,2022-06
2022-06-26,TEXAS,EAGLE LAKE,"PRELIM INFO FROM FAA OPS: EAGLE LAKE, TX/UAS SIGHTING/1520C/HOUSTON TRACON ADVISED, MOONEY M20P, REPORTED MILITARY TYPE UAS AT SAME ALTITUDE OFF LEFT SIDE WHILE NW BOUND AT 3,000 FEET 10 ESE EAGLE LAKE. PILOT CONDUCTED HARD TURN TO AVOID UAS. EAGLE LAKE PD NOTIFIED. WOC 7-3333 DJ/JF",6,2022-06
2022-06-26,NEW JERSEY,BARNEGAT,"PRELIM INFO FROM FAA OPS: BARNEGAT, NJ/UAS SIGHTING/1652E/NEW YORK ARTCC ADVISED, CRJ7, PVD - PHL, REPORTED A DARK COLORED UAS AT THE 12 O'CLOCK POSITION PASSING BELOW THE ACFT WHILE SW BOUND AT 15,000 FEET 37 E COYLE VORTAC (CYN). NO EVASIVE ACTION TAKEN. NEW JERSEY STATE PD NOTIFIED. WOC 7-3333 JO/DJ",6,2022-06
2022-06-26,NEW JERSEY,BARNEGAT,"PRELIM INFO FROM FAA OPS: BARNEGAT, NJ/UAS SIGHTING/1655E/NEW YORK ARTCC ADVISED, CRJ7, PVD - PHL, REPORTED A SECOND UAS FROM THE 1 O'CLOCK POSITION WHILE WSW BOUND AT 14,000 FEET 30 SE COYLE VORTAC (CYN). NO EVASIVE ACTION TAKEN. NEW JERSEY STATE PD NOTIFIED. WOC 7-3333 DJ/JO",6,2022-06
2022-06-26,NEW YORK,NEW YORK,"PRELIM INFO FROM FAA OPS: NEW YORK, NY/UAS SIGHTING/1850E/MACARTHUR ATCT ADVISED , PIPER PA46, MVY - ISP, REPORTED A BLACK UAS FROM THE 9 O'CLOCK POSITION WHILE E BOUND AT 2,200 FEET 5 ENE ISP. NO EVASIVE ACTION REPORTED. SUFFOLK COUNTY PD NOTIFIED. WOC 7-3333 JG/RC",6,2022-06
2022-06-26,FLORIDA,DESTIN,"PRELIM INFO FROM FAA OPS: DESTIN, FL/UAS SIGHTING/1705C/DESTIN ATCT ADVISED,  PROGRESSIVE AERODYNE SREY, REPORTED BLACK UAS AT 250 FEET FROM BELOW WHILE W BOUND 4 E DTS. NO EVASIVE ACTION TAKEN. ARPT OPERATIONS NOTIFIED. WOC 7-3333 ER/JG",6,2022-06
2022-06-26,GEORGIA,ATLANTA,"PRELIM INFO FROM FAA OPS: ATLANTA, GA/UAS SIGHTING/1841E/DEKALB-PEACHTREE ATCT ADVISED, BEECH BE40, BWI - PDK, REPORTED UAS 50 FEET OVERHEAD ACFT WHILE NNE BOUND AT 200 FEET 1 SSW PDK. NO EVASIVE ACTION TAKEN. CHAMBLEE PD NOTIFIED. WOC 7-3333 ER/JG",6,2022-06
2022-06-26,CALIFORNIA,LIVERMORE,"PRELIM INFO FROM FAA OPS: LIVERMORE, CA/UAS SIGHTING/1555P/LIVERMORE ATCT ADVISED, CESSNA C750, SAN - LVK, REPORTED A UAS FROM THE RIGHT SIDE WHILE W BOUND AT 2,500 FEET 6 E LVK. NO EVASIVE ACTION REPORTED. LIVERMORE PD NOTIFIED. WOC 7-3333 JG/RC",6,2022-06
2022-06-26,MICHIGAN,WEST BRANCH,"PRELIM INFO FROM FAA OPS: WEST BRANCH, MI/UAS SIGHTING/1940E/KALAMAZOO ATCT ADVISED, CIRRUS SR20, PLN - SMD, REPORTED A BLACK UAS FROM 300 FEET BELOW THE 12 O'CLOCK POSITION WHILE SW BOUND 9,000 FEET 10 SSW WEST BRANCH (Y31). NO EVASIVE ACTION TAKEN. WEST BRANCH PD CONTACT INFORMATION NOT REPORTED. WOC 7-3333 RC/JG",6,2022-06
2022-06-27,OHIO,CLEVELAND,"PRELIM INFO FROM FAA OPS: CLEVELAND, OH/UAS SIGHTING/1115E/CLEVELAND ATCT ADVISED, E75S, JFK - CLE, REPORTED A UAS WHILE SW BOUND AT 1,400 FEET 1 WSW CLE. NO EVASIVE ACTION TAKEN. FBI NOTIFIED. WOC 7-3333 JO/JF",6,2022-06
2022-06-27,NEW YORK,BUFFALO,"PRELIM INFO FROM FAA OPS: BUFFALO, NY/UAS SIGHTING/1131E/BUFFALO TRACON ADVISED,  BRITISH AEROSPACE H25B, TTN - BUF, REPORTED A YELLOW UAS WHILE SW BOUND AT 1,400 FEET 5 NE BUF. NO EVASIVE ACTION TAKEN. NFTA NOTIFIED. WOC 7-3333 JO/JF",6,2022-06
2022-06-27,CALIFORNIA,SAN DIEGO,"PRELIM INFO FROM FAA OPS: SAN DIEGO, CA/UAS SIGHTING/1043P/MONTGOMERY-GIBBS ATCT ADVISED, BEECH BE30, REPORTED A BLACK AND GREY UAS OFF THEIR LEFT SIDE WHILE W BOUND AT 2,000 FEET 4 E MYF. NO EVASIVE ACTION TAKEN. LOCAL PD HELO NOTIFIED ON FREQUENCY. WOC 7-3333 JF/JO",6,2022-06
2022-06-27,DISTRICT OF COLUMBIA,WASHINGTON,"PRELIM INFO FROM FAA OPS: WASHINGTON, DC/UAS SIGHTING/1846E/DULLES ATCT ADVISED, BOMBARDIER CL35, PBI - IAD, REPORTED A BLACK AND SILVER UAS FROM THE 3 O'CLOCK POSITION WHILE N BOUND AT 1,100 FEET 1 S IAD. NO EVASIVE ACTION TAKEN. FAIRFAX COUNTY PD NOTIFIED. WOC 7-3333 JG/RC",6,2022-06
2022-06-27,DISTRICT OF COLUMBIA,WASHINGTON,"PRELIM INFO FROM FAA OPS: WASHINGTON, DC/UAS SIGHTING/1855E/FORT BELVOIR AAF ADVISED, EUROCOPTER EC45, REPORTED A UAS FROM THE RIGHT SIDE WHILE N BOUND AT 1,500 FEET 9 SW DCA. NO EVASIVE ACTION TAKEN. FORT BELVOIR MILITARY POLICE NOTIFIED. WOC 7-3333 JG/RC",6,2022-06
2022-06-27,CALIFORNIA,OAKLAND,"PRELIM INFO FROM FAA OPS: OAKLAND, CA/UAS SIGHTING/1735P/NORCAL TRACON ADVISED, B737, BUR - OAK, REPORTED A UAS FROM THE 12 O'CLOCK POSITION WHILE WNW BOUND AT 7,000 FEET 32 ESE OAK. NO EVASIVE ACTION TAKEN. SANTA CLARA COUNTY SHERIFF NOTIFIED. WOC 7-3333 JG/ER",6,2022-06
2022-06-27,TENNESSEE,NASHVILLE,"PRELIM INFO FROM FAA OPS: NASHVILLE, TN/UAS SIGHTING/1937C/NASHVILLE TRACON ADVISED, CRJ7, ORD - BNA, REPORTED A WHITE UAS FROM THE LEFT SIDE WHILE SW BOUND AT 4,200 FEET 9 SW BNA. NO EVASIVE ACTION TAKEN. METRO ARPT AUTHORITY NOTIFIED. WOC 7-3333 JG/RC",6,2022-06
2022-06-28,MARYLAND,CAMP SPRINGS,"PRELIM INFO FROM FAA OPS: CAMP SPRINGS, MD/UAS SIGHTING/1113E/ANDREWS ATCT ADVISED, UH1, REPORTED UAS AT 200 FEET WHILE NW BOUND ON UPWIND LEG RWY 01. NO EVASIVE ACTION REPORTED. BASE DEFENSE OPERATIONS CENTER NOTIFIED. PHONE NUMBER NOT REPORTED.  WOC 7-3333 EC/MK",6,2022-06
2022-06-28,NEW JERSEY,STILLWATER,"PRELIM INFO FROM FAA OPS: STILLWATER, NJ/UAS SIGHTING/1314E/NEW  YORK ARTCC ADVISED, CIRRUS SR22, RDG - PWM, REPORTED A QUADCOPTER UAS AT THE 2 O'CLOCK POSITION WHILE E BOUND AT 7,500 FEET 10 SSW STILLWATER. NO EVASIVE ACTION REPORTED. NJ STATE PD NOTIFIED. WOC 7-3333 DJ/EC",6,2022-06
2022-06-28,CALIFORNIA,AVENAL,"PRELIM INFO FROM FAA OPS: AVENAL, CA/UAS INCIDENT/1106P/OAKLAND ARTCC ADVISED, CESSNA C172, REPORTED GRAY UAS AT SAME ALTITUDE WHILE SE BOUND AT 6,500 FEET 5 ESE AVENAL. PILOT TURNED TO AVOID UAS. AVENAL PD NOTIFIED. WOC 7-3333 DJ/EC",6,2022-06
2022-06-28,CALIFORNIA,SAN CARLOS,"PRELIM INFO FROM FAA OPS: SAN CARLOS, CA/UAS SIGHTING/1205P/AIRPORT MANAGEMENT REPORTED A UAS OF UNSPECIFIED SIZE AND COLOR OVER THE MOVEMENT AREA AT 100 FEET AT SQL. NO IMPACT TO OPERATIONS REPORTED. LEO NOTIFICATION NOT REPORTED. WOC 7-3333 EC/MK",6,2022-06
2022-06-28,MASSACHUSETTS,BOSTON,"PRELIM INFO FROM FAA OPS: BOSTON, MA/UAS SIGHTING/1705E/BOSTON TRACON ADVISED, A320, BOS - ORD, REPORTED WHITE UAS WHILE E BOUND AT 5,000 FEET 5 E BOSTON. NO EVASIVE ACTION TAKEN. MASS STATE PD WERE NOTIFIED. WOC 7-3333 MK/EC",6,2022-06
2022-06-28,OHIO,AKRON,"PRELIM INFO FROM FAA OPS: AKRON, OH/UAS SIGHTING/2220E/CLEVELAND TRACON ADVISED, CESSNA C172, 1G3 - PIT, REPORTED UAS FROM THE 12 O'CLOCK POSITION WHILE E BOUND AT 3,200 FEET 2 W AKRON VOR. NO EVASIVE ACTION TAKEN. AKRON PD NOTIFIED. WOC 7-3333 ER/JG",6,2022-06
2022-06-28,NEVADA,LAS VEGAS,"PRELIM INFO FROM FAA OPS: LAS VEGAS, NV/UAS SIGHTING/2300P/LAS VEGAS ATCT ADVISED, HELO, REPORTED A UAS FROM THE 11 O'CLOCK POSITION WHILE N BOUND AT 300 FEET 1 NNW LAS. NO EVASIVE ACTION TAKEN. LAS VEGAS METRO PD NOTIFIED ON FREQUENCY. WOC 7-3333 JG/ER",6,2022-06
2022-06-29,GEORGIA,ATLANTA,"ATLANTA, GA: MAVIC MINI 2 DRONE SIGHTED IN THE AREA. ATLANTA POLICE AND HAPEVILLE PD WERE NOTIFIED. NO DRONE WAS LOCATED. NORMAL OPERATIONS WERE RESUMED. 06/29/2022 1419Z",6,2022-06
2022-06-29,NEW YORK,NEW YORK,"PRELIM INFO FROM FAA OPS: NEW YORK, NY/UAS SIGHTING/1107E/JFK ATCT ADVISED, B77W, ISTANBUL, TURKEY (LTFM) - JFK, REPORTED UAS 500 FEET ABOVE ACFT WHILE WHILE N BOUND AT 4,000 FEET 1 N JFK. NO EVASIVE ACTION TAKEN. LEO NOTIFICATION NOT REPORTED. WOC 7-3333 MK/EC",6,2022-06
2022-06-29,MASSACHUSETTS,NANTUCKET,"PRELIM INFO FROM FAA OPS: NANTUCKET, MA/UAS SIGHTING/1247E/NANTUCKET ATCT ADVISED, CESSNA C56X, ACK - BLM, REPORTED A YELLOW AND ORANGE UAS 100 FEET BELOW ACFT WHILE WSW BOUND AT 700 FEET ON 2 MILE FINAL RUNWAY 24. NO EVASIVE ACTION TAKEN. NANTUCKET PD NOTIFIED. WOC 7-3333 TB/EC",6,2022-06
2022-06-29,ILLINOIS,CHICAGO,"PRELIM INFO FROM FAA OPS: CHICAGO, IL/UAS SIGHTING/1238C/CHICAGO ATCT ADVISED, A320, OAK - ORD, REPORTED A UAS FROM THE LEFT SIDE WHILE W BOUND AT 2,000 FEET ON 5 MILE FINAL RUNWAY 28C. NO EVASIVE ACTION TAKEN. CHICAGO FBI NOTIFIED. WOC 7-3333 TB/EC",6,2022-06
2022-06-29,PENNSYLVANIA,PITTSBURGH,"PRELIM INFO FROM FAA OPS: PITTSBURGH, PA/UAS SIGHTING/1654E/PITTSBURGH APCH ADVISED, CESSNA C208, PIT - DUJ, REPORTED A SILVER UAS WHILE NE BOUND AT 4,500 FEET 11 SW PIT. NO EVASIVE ACTION TAKEN. LOCAL LEO TO BE NOTIFIED. WOC 7-3333 TB/MK",6,2022-06
2022-06-29,NEW YORK,NEW YORK,"PRELIM INFO FROM FAA OPS: NEW YORK, NY/UAS SIGHTING/1846E/JFK ATCT ADVISED, B772, LONDON, UNITED KINGDOM (EGKK) - JFK, REPORTED A ORANGE AND BROWN UAS FROM THE 3 O'CLOCK POSITION WHILE SW BOUND AT 2,000 FEET 10 NE JFK. NO EVASIVE ACTION TAKEN.  NY/NJ PORT AUTHORITY PD NOTIFIED. WOC 7-3333 JG/EF",6,2022-06
2022-06-29,MARYLAND,EASTON,"PRELIM INFO FROM FAA OPS: EASTON, MD/UAS SIGHTING/1837E/POTOMAC TRACON ADVISED, CIRRUS SR22, REPORTED A YELLOW UAS FROM THE 12 O'CLOCK POSITION WHILE N BOUND AT 6,000 FEET 32 SSE BALTIMORE VORTAC. NO EVASIVE ACTION TAKEN. ST MICHAELS PD NOTIFIED. WOC 7-3333 JG/EF",6,2022-06
2022-06-29,CALIFORNIA,LOS ANGELES,"PRELIM INFO FROM FAA OPS: LOS ANGELES, CA/UAS SIGHTING/1513P/LOS ANGELES ATCT ADVISED, A20N, FLL - LAX, REPORTED A WHITE UAS FROM THE 12 O'CLOCK POSITION WHILE WSW BOUND AT 1,000 FEET 5 ENE LAX. NO EVASIVE ACTION TAKEN. LAWA NOTIFIED. WOC 7-3333 JG/EF",6,2022-06
2022-06-30,FLORIDA,ORLANDO,"PRELIM INFO FROM FAA OPS: ORLANDO, FL/UAS SIGHTING/0950E/ORLANDO EXECUTIVE ATCT ADVISED AIRPORT OPERATIONS RECEIVED PHONE CALL ABOUT UAS OPERATING AT 75 FEET OVER LAKE UNDERHILL AT APCH END OF RUNWAY 7. NO UAS OPERATOR LOCATED. NO IMPACT TO OPERATIONS. LEO NOTIFICATION NOT REPORTED. WOC 7-3333 TB/MK",6,2022-06
2022-06-30,MISSISSIPPI,JACKSON,"PRELIM INFO FROM FAA OPS: JACKSON, MS/UAS SIGHTING/1140C/JACKSON ATCT ADVISED, BEECH BE40, REPORTED WHITE UAS AT 900 FEET 1 N OF JACKSON. NO EVASIVE ACTION REPORTED. FLOWOOD PD NOTIFIED. WOC 7-3333 MK/JF",6,2022-06
2022-06-30,GEORGIA,ATLANTA,"PRELIM INFO FROM FAA OPS: ATLANTA, GA/UAS SIGHTING/1427E/ATLANTA ATCT ADVISED REPORTED POSSIBLE UAS OPERATING WITHIN A 2-MILE RADIUS OF THE AIRFIELD. NO IMPACT TO AIR OPERATIONS. ARPT PD NOTIFIED. WOC 7-3333 MK/JF",6,2022-06
2022-06-30,NEVADA,LAS VEGAS,"PRELIM INFO FROM FAA OPS: LAS VEGAS, NV/UAS SIGHTING/1128P/LAS VEGAS TRACON, HELO, REPORTED BLACK AND RED UAS AT THE 3 O'CLOCK POSITION WHILE W BOUND AT 3,000 FEET 1 W LAS VEGAS. NO EVASIVE ACTION REPORTED. WOC 7-3333 MK/TB",6,2022-06
2022-06-30,PENNSYLVANIA,PITTSBURGH,"PRELIM INFO FROM FAA OPS: PITTSBURGH, PA/UAS SIGHTING/1703E/PITTSBURGH ATCT ADVISED, GULFSTREAM GLF6, SJC - PIT, OBSERVED A UAS OFF THE RIGHT SIDE WHILE SE BOUND AT 500 FEET 6 W PIT. NO EVASIVE ACTION WAS TAKEN. ALLEGHENY PD NOTIFIED. PHONE NUMBER NOT PROVIDED. WOC 7-3333. EF/DJ",6,2022-06
2022-06-30,ILLINOIS,CHICAGO,"PRELIM INFO FROM FAA OPS: CHICAGO, IL/UAS SIGHTING/1641C/CHICAGO TRACON ADVISED, E75L, MSO - ORD, REPORTED A UAS FROM THE 2 O'CLOCK POSITION WHILE W BOUND AT 4,000 FEET 19 E CHICAGO. NO EVASIVE ACTION TAKEN.  NO ENFORCEMENT NOTIFICATION NOT REPORTED. WOC 7-3333 EF/EC",6,2022-06
2022-06-30,CALIFORNIA,SAN DIEGO,"PRELIM INFO FROM FAA OPS: SAN DIEGO, CA/UAS SIGHTING/1610P/MONTGOMERY-GIBBS EXECUTIVE ATCT ADVISED CESSNA C172, OBSERVED A UAS OFF THE LEFT SIDE WHILE WEST BOUND AT 800 FEET 1 W MONTGOMERY-GIBBS EXECUTIVE. NO EVASIVE ACTION WAS TAKEN. LOCAL LAW ENFORCEMENT NOTIFIED. WOC 7-3333 EF/JA",6,2022-06
2022-06-30,NEW YORK,NEW YORK,"PRELIM INFO FROM FAA OPS: NEW YORK, NY/UAS SIGHTING/1915E/JFK ATCT ADVISED, A333, DUBLIN, IRELAND (EIDW) - JFK, REPORTED UAS 100 FEET BELOW ACFT FROM THE 12 O'CLOCK POSITION WHILE ON 5 MILE FINAL RUNWAY 22L AT 1,800 FEET. NO EVASIVE ACTION REPORTED. NY PORT AUTHORITY NOTIFIED. WOC 7-3333 DJ/JA",6,2022-06
2022-06-30,NEW YORK,NEW YORK,"PRELIM INFO FROM FAA OPS: NEW YORK, NY/UAS SIGHTING/1928E/JFK ATCT ADVISED, B789, AMSTERDAM, NETHERLANDS (EHAM) - JFK, REPORTED UAS 100 FEET BELOW ACFT ON THE LEFT SIDE WHILE ON 5 MILE FINAL RUNWAY 22L AT 1,800 FEET. NO EVASIVE ACTION REPORTED. NY PORT AUTHORITY NOTIFIED. WOC 7-3333 DJ/JA",6,2022-06
2022-01-01,FLORIDA,ORLANDO,"PRELIM INFO FROM FAA OPS: ORLANDO, FL/UAS INCIDENT/0035E/ORLANDO ATCT ADVISED , A321, PHL - MCO, REPORTED A UAS FROM THE 3 O'CLOCK POSITION WHILE S BOUND AT 700 FEET 2 N ORLANDO. NO EVASIVE ACTION TAKEN. ORANGE COUNTY SHERIFF NOTIFIED.",1,2022-01
2022-01-01,TEXAS,HOUSTON,"PRELIM INFO FROM FAA OPS: HOUSTON, TX/UAS INCIDENT/0020C/HOUSTON ATCT ADVISED , CRJ7, ORD - IAH, REPORTED A UAS FROM BELOW ACFT AT THE 12 O'CLOCK POSITION WHILE W BOUND AT 600 FEET 4.5 ENE IAH. NO EVASIVE ACTION TAKEN. HOUSTON PD NOTIFIED.",1,2022-01
2022-01-01,FLORIDA,FORT LAUDERDALE,"PRELIM INFO FROM FAA OPS: FORT LAUDERDALE, FL/UAS INCIDENT/0825E/MIAMI ATCT ADVISED , CIRRUS SF50, SGJ - MIA, REPORTED A RED AND GOLD UAS FROM THE RIGHT SIDE WHILE S BOUND AT 11,000 FEET 3 E FLL. NO EVASIVE ACTION TAKEN. BROWARD COUNTY SHERIFF NOTIFIED.",1,2022-01
2022-01-01,FLORIDA,ORLANDO,"PRELIM INFO FROM FAA OPS: ORLANDO, FL/UAS INCIDENT/0955E/CENTRAL FLORIDA TRACON ADVISED , B737, HOU - MCO, REPORTED A UAS FROM THE 3 O'CLOCK POSITION WHILE S BOUND AT 2,600 FEET 4 NNW ORLANDO EXECUTIVE. NO EVASIVE ACTION TAKEN. ORANGE COUNTY SHERIFF NOTIFIED.",1,2022-01
2022-01-01,FLORIDA,TALLAHASSEE,"PRELIM INFO FROM FAA OPS: TALLAHASSEE, FL/UAS INCIDENT/1232E/TALLAHASEE ATCT ADVISED , BEECH BE20, TLH - BTR, REPORTED A GRAY AND BLACK UAS FROM AN UNKN POSITION WHILE W BOUND AT 1,200 FEET 1 W TLH. NO EVASIVE ACTION TAKEN. AIRPORT OPS NOTIFIED.",1,2022-01
2022-01-01,FLORIDA,DAYTONA BEACH,"PRELIM INFO FROM FAA OPS: DAYTONA BEACH, FL/UAS INCIDENT/1304E/DAYTONA BEACH ATCT ADVISED , PIPER PA12, REPORTED 5-6 UAS AT 400 FEET WHILE NW BOUND 4 WSW DAYTONA BEACH. NO EVASIVE ACTION TAKEN. VOLUSIA COUNTY SHERIFF NOTIFIED.",1,2022-01
2022-01-01,TEXAS,LAREDO,"PRELIM INFO FROM FAA OPS: LAREDO, TX/UAS INCIDENT/1431C/LAREDO ATCT ADVISED , CIRRUS SR22, REPORTED A UAS WHILE W BOUND AT 1,000 FEET 3 SSE LAREDO. NO EVASIVE ACTION TAKEN. LOCAL LAW ENFORCEMENT NOTIFIED.",1,2022-01
2022-01-01,CALIFORNIA,LOS ANGELES,"PRELIM INFO FROM FAA OPS: LOS ANGELES, CA/UAS INCIDENT/1340P/SOCAL TRACON ADVISED , B738, IAD - LAX, REPORTED A BLACK UAS FROM THE 2 O'CLOCK POSITION WHILE WSW BOUND AT 4,400 FEET 15 ENE LAX. NO EVASIVE ACTION TAKEN. LOS ANGELES COUNTY PD NOTIFIED.",1,2022-01
2022-01-01,CALIFORNIA,MODESTO,"PRELIM INFO FROM FAA OPS: MODESTO, CA/UAS INCIDENT/1540P/NORCAL TRACON ADVISED , PIPER PA46, REPORTED UAS AT SAME ALTITUDE WHILE W BOUND AT 4,000 FEET 5 N MODESTO. NO EVASIVE ACTION REPORTED. MODESTO PD NOTIFIED.",1,2022-01
2022-01-02,NORTH CAROLINA,ASHEVILLE,"PRELIM INFO FROM FAA OPS: ASHEVILLE, NC/UAS INCIDENT/1348E/ASHEVILLE ATCT ADVISED , CESSNA C172, AVL - AVL, REPORTED A YELLOW UAS OFF THE LEFT SIDE WHILE S BOUND AT 3,200 FEET 2 W AVL. NO EVASIVE ACTION TAKEN. ARPT PD NOTIFIED.",1,2022-01
2022-01-02,NEW JERSEY,NEWARK,"PRELIM INFO FROM FAA OPS: NEWARK, NJ/UAS INCIDENT/1405E/NEWARK ATCT ADVISED , HELO, AND MULTIPLE TOUR HELICOPTERS REPORTED A WHITE UAS FROM THE 1 O'CLOCK POSITION WHILE ESE BOUND AT 400 FEET 3.5 NE EWR. NO EVASIVE ACTION TAKEN. NEW JERSEY PORT AUTHORITY NOTIFIED.",1,2022-01
2022-01-02,FLORIDA,HOLLYWOOD,"PRELIM INFO FROM FAA OPS: HOLLYWOOD, FL/UAS INCIDENT/1532E/HOLLYWOOD/NORTHPERRY FCT ADVISED , CESSNA C150, MKY - HWO, REPORTED A UAS WHILE S BOUND AT 150 FEET 1.5 N HWO. NO EVASIVE ACTION TAKEN. PEMBROKE PINES PD NOTIFIED.",1,2022-01
2022-01-02,ARIZONA,MESA,"PRELIM INFO FROM FAA OPS: MESA, AZ/UAS INCIDENT/1739M/FALCON FIELD ATCT ADVISED , CESSNA C172, REPORTED A YELLOW QUADCOPTER UAS 100 FEET BELOW ACFT FROM THE 12 O'CLOCK POSITION WHILE NE BOUND AT 2,400 FEET 12 SW FFZ. NO EVASIVE ACTION TAKEN. MESA PD NOTIFIED.",1,2022-01
2022-01-02,CALIFORNIA,SAN DIEGO,"PRELIM INFO FROM FAA OPS: SAN DIEGO, CA/UAS INCIDENT/2128P/SAN DIEGO ATCT OBSERVED MULTIPLE UAS OPERATING BETWEEN 200-600 FEET 2 E RUNWAY 27. NO IMPACT TO OPERATIONS. NO ACFT INVOLVEMENT. SAN DIEGO HARBOR PD NOTIFIED.",1,2022-01
2022-01-03,COLORADO,DENVER,"PRELIM INFO FROM FAA OPS: DENVER, CO/UAS INCIDENT/1625M/ROCKY MOUNTAIN METRO ARPT ADVISED , PIPER P28A, UNKN - UNKN, REPORTED GREY UAS 400 FEET ABOVE ACFT WHILE NNW BOUND AT 7,100 FEET 8 SE BJC. NO EVASIVE ACTION TAKEN. LEO NOTIFICATION NOT REPORTED.",1,2022-01
2022-01-04,FLORIDA,ORLANDO,"PRELIM INFO FROM FAA OPS: ORLANDO, FL/UAS INCIDENT/1140E/CENTRAL FLORIDA TRACON ADVISED , CESSNA C25A, MCO - SRQ, REPORTED A GREEN UAS WHILE WSW BOUND AT 8,000 FEET 17 WSW ORL. NO EVASIVE ACTION TAKEN. OSCEOLA COUNTY SHERIFF NOTIFIED.",1,2022-01
2022-01-04,NEW JERSEY,MORRISTOWN,"PRELIM INFO FROM FAA OPS: MORRISTOWN, NJ/UAS INCIDENT/1439E/MORRISTOWN ATCT ADVISED , CESSNA C182, MMU - MMU, REPORTED A RED UAS FROM THE LEFT SIDE WHILE SW BOUND AT 1,200 FEET 3 NE MMU. NO EVASIVE ACTION TAKEN. DEPT. OF HOMELAND SECURITY NOTIFIED.",1,2022-01
2022-01-04,NORTH CAROLINA,CHARLOTTE,"PRELIM INFO FROM FAA OPS: CHARLOTTE, NC/UAS INCIDENT/1704E/CHARLOTTE TRACON ADVISED , PIPER PA32, CDN - CLT, REPORTED A BLACK UAS FROM THE LEFT SIDE WHILE NW BOUND AT 4,000 FEET 13 ENE CLT. NO EVASIVE ACTION TAKEN. CHARLOTTE MECKLENBURG PD NOTIFIED.",1,2022-01
2022-01-04,TENNESSEE,NASHVILLE,"PRELIM INFO FROM FAA OPS: NASHVILLE, TN/UAS INCIDENT/1723C/NASHVILLE APCH ADVISED , PILATUS PC12, JKA - BNA, REPORTED A UAS WHILE SSW BOUND AT 1,500 FEET 2 NNE BNA. NO EVASIVE ACTION TAKEN. NASHVILLE METRO AVIATION AUTHORITY NOTIFIED.",1,2022-01
2022-01-05,FLORIDA,FORT LAUDERDALE,"PRELIM INFO FROM FAA OPS: FORT LAUDERDALE, FL/UAS INCIDENT/1142E/FORT LAUDERDALE ATCT ADVISED , A321, MONTREAL, CANADA (CYUL) - FLL, REPORTED A BLACK UAS AT 3 O'CLOCK POSITION AT 700 FEET WHILE W BOUND 2 W FLL. NO EVASIVE ACTION TAKEN. BROWARD COUNTY SHERIFF NOTIFIED.",1,2022-01
2022-01-05,TENNESSEE,NASHVILLE,"PRELIM INFO FROM FAA OPS: NASHVILLE, TN/UAS INCIDENT/1708C/NASHVILLE APCH ADVISED , HELO, REPORTED A UAS 900 FEET BELOW ACFT WHILE W BOUND AT 1,900 FEET 5 WNW BNA. NO EVASIVE ACTION TAKEN. METRO NASHVILLE AIRPORT AUTHORITY NOTIFIED.",1,2022-01
2022-01-06,NEW JERSEY,NEWARK,"PRELIM INFO FROM FAA OPS: NEWARK, NJ/UAS INCIDENT/1138E/NEWARK ATCT ADVISED , CRJ7, TORONTO, CANADA (CYYZ) - EWR, REPORTED UAS AT 1,000 FEET 3 N NEWARK. NO EVASIVE ACTION TAKEN. LEO NOTIFIED.",1,2022-01
2022-01-06,CALIFORNIA,SANTA ANA,"PRELIM INFO FROM FAA OPS: SANTA ANA, CA/UAS INCIDENT/0845P/SOCAL TRACON ADVISED , B737, LAS - SNA, REPORTED A UAS FROM THE 9 O'CLOCK POSITION WHILE W BOUND AT 5,800 FEET 7 SSW SNA. NO EVASIVE ACTION REPORTED. ORANGE COUNTY SHERIFF NOTIFIED.",1,2022-01
2022-01-06,OREGON,PORTLAND,"PRELIM INFO FROM FAA OPS: PORTLAND, OR/UAS INCIDENT/1154P/PEARSON FIELD ATCT REPORTED A BLACK UAS OPERATING AT 200 FEET 1.5 E PDX. UAS REPORTEDLY ORIGINATED FROM THE E SIDE OF I-205 AND MARINE DR. PORT OF PORTLAND COMMAND CENTER NOTIFIED.",1,2022-01
2022-01-06,ARIZONA,PHOENIX,"PRELIM INFO FROM FAA OPS: PHOENIX, AZ/UAS INCIDENT/1341M/PHOENIX DEER VALLEY ATCT ADVISED , CESSNA C177, REPORTED UAS AT 2,000 FEET WHILE S BOUND 2 W PHOENIX DEER VALLEY ARPT. NO EVASIVE ACTION TAKEN. PHOENIX PD NOTIFIED.",1,2022-01
2022-01-06,TEXAS,FORT WORTH,"PRELIM INFO FROM FAA OPS: FORT WORTH, TX/UAS INCIDENT/1515C/FORT WORTH MEACHAM ATCT ADVISED , CESSNA C525, REPORTED A WHITE UAS AT 1,500 FEET WHILE N BOUND 3 S FORT WORTH MEACHAM INTERNATIONAL AIRPORT. NO EVASIVE ACTION TAKEN. LEO NOTIFICATION NOT REPORTED.",1,2022-01
2022-01-07,OREGON,NORTH BEND,"PRELIM INFO FROM FAA OPS: NORTH BEND, OR/UAS INCIDENT/1834P/SOUTHWEST OREGON REGIONAL ARPT ATCT ADVISED , AS65, OTH - OTH, REPORTED A UAS 500 FEET BELOW ACFT WHILE S BOUND AT 1,000 FEET 1.8 MILES S OTH. NO EVASIVE ACTION TAKEN. LEO NOTIFICATION NOT REPORTED.",1,2022-01
2022-01-07,MINNESOTA,MINNEAPOLIS,"MINNEAPOLIS, MN (MSP), CRJ9, STL-MSP, @ A WHITE UAS ON A 5 MILE FINAL TO RWY 12L. UAS WAS OPERATING AT 2500 MSL. NO EVASIVE ACTION TAKEN. MINNEAPOLIS ARPT PD NOTIFIED. 01/07/2022 1847Z",1,2022-01
2022-01-07,TEXAS,DALLAS,"PRELIM INFO FROM FAA OPS: DALLAS, TX/UAS INCIDENT/1415C/DALLAS LOVE FIELD ATCT ADVISED , CESSNA C68A, DAL - PSP, REPORTED A SILVER UAS OFF LEFT SIDE WHILE E BOUND AT 400 FEET 1 W DALLAS LOVE FIELD. NO EVASIVE ACTION REPORTED. DFW DPS NOTIFIED.",1,2022-01
2022-01-07,ILLINOIS,CHICAGO,"PRELIM INFO FROM FAA OPS: CHICAGO, IL/UAS INCIDENT/1615C/CHICAGO TRACON ADVISED , E75L, ICT - ORD, REPORTED A BLACK AND SILVER UAS FROM THE 2 O'CLOCK POSITION WHILE E BOUND AT 5,000 FEET 10 SE ORD. NO EVASIVE ACTION TAKEN. CHICAGO FBI NOTIFIED.",1,2022-01
2022-01-08,CALIFORNIA,EL MONTE,"PRELIM INFO FROM FAA OPS: EL MONTE, CA/UAS INCIDENT/1216P/EL MONTE ATCT ADVISED , DIAMOND DA40, REPORTED NUMEROUS UAS WHILE W BOUND AT 2,500 FEET 2 W EL MONTE. NO EVASIVE ACTION REPORTED. EL MONTE PD NOTIFIED.",1,2022-01
2022-01-08,CALIFORNIA,PALM SPRINGS,"PRELIM INFO FROM FAA OPS: PALM SPRINGS, CA/UAS INCIDENT/1300P/PALM SPRINGS ATCT ADVISED , E45, REPORTED A UAS AT 100 FEET WHILE W BOUND AT 1,000 FEET 5 S PALM SPRINGS. NO EVASIVE ACTION REPORTED. PALM SPRINGS PD NOTIFIED.",1,2022-01
2022-01-08,FLORIDA,FORT LAUDERDALE,"PRELIM INFO FROM FAA OPS: FORT LAUDERDALE, FL/UAS INCIDENT/1703E/FORT LAUDERDALE ADVISED , B738, CALGARY, CANADA (CYYC) - FLL, REPORTED A UAS FROM THE LEFT SIDE WHILE E BOUND AT 2,500 FEET 7 W FLL. BROWARD COUNTY SHERIFF NOTIFIED.",1,2022-01
2022-01-08,GEORGIA,ATHENS,"PRELIM INFO FROM FAA OPS: ATHENS, GA/UAS INCIDENT/1705E/ATLANTA TRACON ADVISED , BEECH BE58, DOUGLAS, GA (DQH) - TOCCOA, GA (TOC), REPORTED A UAS 500 FEET BELOW THE 9 O'CLOCK POSITION WHILE E BOUND AT 6,000 FEET 8 NE AHN. NO EVASIVE ACTION TAKEN. CLARKE COUNTY SHERIFF NOTIFIED.",1,2022-01
2022-01-08,PENNSYLVANIA,ERIE,"PRELIM INFO FROM FAA OPS: ERIE, PA/UAS INCIDENT/1827E/BUFFALO APCH ADVISED , BELL B429, REPORTED UAS HOVERING ABOVE ACFT WHILE ON HAMIT HOSPITAL HELIPAD 13 ENE ERIE. NO IMPACT TO OPERATIONS. ERIE PD NOTIFIED.",1,2022-01
2022-01-09,CALIFORNIA,SANTA MONICA,"PRELIM INFO FROM FAA OPS: SANTA MONICA, CA/UAS INCIDENT/1020P/SANTA MONICA ATCT ADVISED , CESSNA C172, OBSERVED A BLACK UAS AT THE 3 O'CLOCK POSITION WHILE EASTBOUND AT 2,000 FEET 3.5 NNE SANTA MONICA. NO EVASIVE ACTION TAKEN. SANTA MONICA PD NOTIFIED.",1,2022-01
2022-01-09,FLORIDA,FORT LAUDERDALE,"PRELIM INFO FROM FAA OPS: FORT LAUDERDALE, FL/UAS INCIDENT/1440E/FORT LAUDERDALE EXECUTIVE ATCT ADVISED , CIRRUS SR22, OBSERVED A YELLOW UAS AT THE 2 O'CLOCK POSITION WHILE EASTBOUND AT 2,000 FEET 6 W FORT LAUDERDALE EXECUTIVE. NO EVASIVE ACTION TAKEN. LEO NOTIFIED NOT REPORTED.",1,2022-01
2022-01-09,COLORADO,DENVER,"PRELIM INFO FROM FAA OPS: DENVER, CO/UAS INCIDENT/1605M/DENVER TRACON ADVISED , CRJ2, BUR - DEN, REPORTED BLACK UAS FROM THE RIGHT SIDE WHILE N BOUND AT 10,000 FEET 10 S DEN. NO EVASIVE ACTION TAKEN. DENVER CITY PD NOTIFIED.",1,2022-01
2022-01-10,NORTH CAROLINA,CHARLOTTE,"PRELIM INFO FROM FAA OPS: CHARLOTTE, NC/UAS INCIDENT/1717E/CHARLOTTE ATCT ADVISED , B738, SRQ - CLT, OBSERVED A UAS AT THE 2 O'CLOCK POSITION WHILE ENE BOUND AT 4,000 FEET 5 ENE CHARLOTTE. NO EVASIVE ACTION TAKEN. LEO NOTIFIED.",1,2022-01
2022-01-10,SOUTH CAROLINA,MYRTLE BEACH,"PRELIM INFO FROM FAA OPS: MYRTLE BEACH, SC/UAS INCIDENT/1725E/MYRTLE BEACH ATCT ADVISED , PIPER PA44, REPORTED A YELLOW UAS FROM THE 2 O'CLOCK POSITION WHILE WNW BOUND AT 2,100 FEET 7 SE MYR. NO INJURIES REPORTED. MYRTLE BEACH PD NOTIFIED.",1,2022-01
2022-01-11,MICHIGAN,DETROIT,"PRELIM INFO FROM FAA OPS: DETROIT, MI/UAS INCIDENT/1645E/WILLOW RUN ATCT ADVISED , CESSNA C172, REPORTED A LARGE WHITE UAS WITH 5 TO 6 FOOT WINGSPAN 100 FEET BELOW ACFT WHILE S BOUND AT 1,900 FEET 3 W DETROIT. LOCAL CONTROL ISSUED A SAFETY ALERT AND GAVE AN IMMEDIATE RIGHT TURN TO TO AVOID THE UAS. VAN BUREN PD NOTIFIED.",1,2022-01
2022-01-11,FLORIDA,JACKSONVILLE,"PRELIM INFO FROM FAA OPS: JACKSONVILLE, FL/UAS INCIDENT/1710E/CECIL ATCT ADVISED , PIPER P28A, REPORTED A UAS AT THE 12 O'CLOCK POSITION WHILE N BOUND AT 1,000 FEET 2 S JACKSONVILLE. NO EVASIVE ACTION REPORTED. LEO NOTIFICATION NOT REPORTED.",1,2022-01
2022-01-12,COLORADO,DENVER,"PRELIM INFO FROM FAA OPS: DENVER, CO/UAS INCIDENT/1317M/DENVER ATCT ADVISED , B38M, CHS - DEN, REPORTED TWO RED UAS OFF OF THE RIGHT SIDE WHILE W BOUND AT 8,600 FEET 4 SW COLORADO AIR AND SPACE PORT ARPT. NO EVASIVE ACTION TAKEN. AIRPORT OPS NOTIFIED.",1,2022-01
2022-01-12,ILLINOIS,CHICAGO,"PRELIM INFO FROM FAA OPS: CHICAGO, IL/UAS INCIDENT/1600C/CHICAGO ATCT ADVISED , CRJ2, FAR - ORD, REPORTED UAS ACFT WHILE W BOUND AT 3,500 FEET AT 8 W CHICAGO. NO EVASIVE ACTION REPORTED. LINCOLNWOOD POLICE NOTIFIED.",1,2022-01
2022-01-13,ARIZONA,GLENDALE,"PRELIM INFO FROM FAA OPS: GLENDALE, AZ/UAS INCIDENT/1138M/LUKE AFB ATCT ADVISED , F35, LUF - LUF, REPORTED A WHITE UAS FROM THE LEFT SIDE WHILE SW BOUND AT 8,000 FEET 3 NW LUF. NO EVASIVE ACTION TAKEN. SECURITY FORCES NOTIFIED.",1,2022-01
2022-01-13,TEXAS,HOUSTON,"PRELIM INFO FROM FAA OPS: HOUSTON, TX/UAS INCIDENT/1314C/HOUSTON TRACON ADVISED , PIPER P28A, DWH - DWH, REPORTED A UAS FROM 100 FEET BELOW ACFT WHILE S BOUND AT 1,500 FEET 5 NW IWS. NO EVASIVE ACTION TAKEN. FBI NOTIFIED.",1,2022-01
2022-01-13,FLORIDA,FORT MYERS,"PRELIM INFO FROM FAA OPS: FORT MYERS, FL/UAS INCIDENT/1447E/FORT MYERS ATCT ADVISED , A320, SDF - RSW, REPORTED A WHITE UAS 500 FEET BELOW THE 12 O'CLOCK POSITION WHILE NE BOUND AT 2,000 FEET 5 SSE RSW. NO EVASIVE ACTION TAKEN. LEE COUNTY SHERIFF NOTIFIED.",1,2022-01
2022-01-14,FLORIDA,DAYTONA BEACH,"PRELIM INFO FROM FAA OPS: DAYTONA BEACH, FL/UAS INCIDENT/1336E/DAYTONA BEACH ATCT ADVISED AMERICAN AIRLINES RAMP AGENT REPORTED A WHITE UAS HOVERING OVER CRJ9, DAB-CLT, DURING DE-BOARDING/BOARDING PROCESS AT GATE 5. VOLUSIA COUNTY SHERIFF NOTIFIED.",1,2022-01
2022-01-15,FLORIDA,HOLLYWOOD,"PRELIM INFO FROM FAA OPS: HOLLYWOOD, FL/UAS INCIDENT/1710E/MIAMI TRACON ADVISED , AT76, BAHAMAS (MYEH) - FLL, REPORTED A BLACK UAS APPROXIMATELY ONE FOOT IN DIAMETER WHILE W BOUND AT 3,000 FEET 1 E HWO. NO EVASIVE ACTION TAKEN. HOLLYWOOD PD NOTIFIED.",1,2022-01
2022-01-16,CALIFORNIA,SAN FRANCISCO,"PRELIM INFO FROM FAA OPS: SAN FRANCISCO, CA/UAS INCIDENT/1123P/NORCAL TRACON ADVISED , CIRRUS SR20, REPORTED A UAS FROM THE 12 O'CLOCK POSITION WHILE S BOUND AT 5,000 FEET 6 W SFO. NO EVASIVE ACTION TAKEN. PACIFICA PD NOTIFIED.",1,2022-01
2022-01-17,FLORIDA,HOLLYWOOD,"PRELIM INFO FROM FAA OPS: HOLLYWOOD, FL/UAS INCIDENT/1220E/NORTH PERRY ARPT ATCT ADVISED , CESSNA C172, REPORTED A UAS WHILE W BOUND AT 300 FEET ON .5 MILE FINAL RUNWAY E 28L. NO EVASIVE ACTION TAKEN. PEMBROKE PINES PD NOTIFIED.",1,2022-01
2022-01-17,TEXAS,LONGVIEW,"PRELIM INFO FROM FAA OPS: LONGVIEW, TX/UAS INCIDENT/1405C/LONGVIEW APCH ADVISED , BEECH BE35, DTN - JDD, REPORTED UAS 1,000 FEET BELOW ACFT WHILE W BOUND AT 3,500 FEET 10 N LONGVIEW. NO EVASIVE ACTION REPORTED. UPSHUR SHERIFF NOTIFIED.",1,2022-01
2022-01-17,WASHINGTON,SEATTLE,"CORRECTION INFO (ALTITUDE) FROM FAA OPS: SEATTLE, WA/UAS INCIDENT/1241P/BOEING FIELD ATCT ADVISED , BELL B06, REPORTED A QUADCOPTER UAS AT SAME ALTITUDE WHILE ORBITING NEAR I-5 AT 1,200 FEET 8 N SEA. ACFT STOPPED MISSION WHEN UAS REAPPEARED NEAR ACFT APPROXIMATELY 6 MINUTES LATER. NO EVASIVE ACTION REPORTED. SEATTLE PD NOTIFIED VIA 911.",1,2022-01
2022-01-17,NEW YORK,NEW YORK,"PRELIM INFO FROM FAA OPS: NEW YORK, NY/UAS INCIDENT/1555E/LAGUARDIA ATCT ADVISED UNKN CALLSIGN, E170, UNKN - UNKN, REPORTED UAS FROM THE RIGHT SIDE WHILE SW BOUND AT 2,000 FEET 6 NE LGA. NO EVASIVE ACTION TAKEN. NYPD AVIATION DIVISION NOTIFIED.",1,2022-01
2022-01-18,CALIFORNIA,LOS ANGELES,"PRELIM INFO FROM FAA OPS: LOS ANGELES, CA/UAS INCIDENT/1033P/LOS ANGELES ATCT ADVISED , BOMBARDIER GL5T, ASE - LAX, REPORTED A UAS FROM THE RIGHT SIDE WHILE W BOUND AT 1,200 FEET ON 3 MILE FINAL RUNWAY 25L. NO EVASIVE ACTION TAKEN. LAPD TO BE NOTIFIED.",1,2022-01
2022-01-19,CALIFORNIA,CHICO,"PRELIM INFO FROM FAA OPS: CHICO, CA/UAS INCIDENT/1220P/CHICO ATCT OBSERVED A SMALL UAS AT 100 FT APPROXIMATLEY 750 FEET EAST OF CHICO ATCT. CHICO AIRPORT MANAGER AND CHICO PD NOTIFIED. NO REPORTED IMPACT TO TRAFFIC.",1,2022-01
2022-01-20,ILLINOIS,CHICAGO,"PRELIM INFO FROM FAA OPS: CHICAGO, IL/UAS INCIDENT/0649C/ORD ATCT ADVISED , E145, CMI - ORD, REPORTED A DARK-COLORED UAS OFF THE RIGHT SIDE WHILE WEST BOUND DESCENDED THROUGH 2,500 FEET 7 E ORD. NO EVASIVE ACTION TAKEN. FBI NOTIFIED.",1,2022-01
2022-01-20,ILLINOIS,CHICAGO HEIGHTS,"PRELIM INFO FROM FAA OPS: CHICAGO HEIGHTS, IL/UAS INCIDENT/1448C/CHICAGO ARTCC ADVISED , CESSNA C56X, GYY - DVK, REPORTED A UAS AT THE 3 O'CLOCK POSITION WHILE S BOUND AT 12,000 FEET 5 S CHICAGO HEIGHTS VORTAC. NO EVASIVE ACTION TAKEN. LEO NOTIFICATION NOT REPORTED.",1,2022-01
2022-01-20,UTAH,SALT LAKE CITY,"PRELIM INFO FROM FAA OPS: SALT LAKE CITY, UT/UAS INCIDENT/1414M/SLC ATCT ADVISED , B738, DEN - SLC, REPORTED A QUAD COPTER UAS AT THE 3 O'CLOCK POSITION WHILE N BOUND AT 5,400 FEET 2 MILE FINAL RUNWAY 35. NO EVASIVE ACTION TAKEN. SALT LAKE CITY ARPT PD NOTIFIED.",1,2022-01
2022-01-21,FLORIDA,ST PETERSBURG-CLEARWATER,"PRELIM INFO FROM FAA OPS: ST PETERSBURG-CLEARWATER, FL/UAS INCIDENT/1240E/PIE ATCT ADVISED , C130, LAL - PIE, REPORTED A UAS AT THE 10 O'CLOCK POSITION WHILE ORBITING AT 1,200 FEET 2 S PIE. NO EVASIVE ACTION TAKEN. PINELLAS COUNTY SHERIFF ACFT NOTIFIED ON FREQUENCY.",1,2022-01
2022-01-21,TENNESSEE,NASHVILLE,"PRELIM INFO FROM FAA OPS: NASHVILLE, TN/UAS INCIDENT/1243C/NASHVILLE TRACON ADVISED , LEARJET LJ35, REPORTED A YELLOW QUAD-COPTER UAS AT THE 9 O'CLOCK POSITION WHILE WNW BOUND AT 7,000 FEET 17 SSE BNA. NO EVASIVE ACTION TAKEN. LEO NOTIFICATION NOT REPORTED.",1,2022-01
2022-01-21,ILLINOIS,CHICAGO,"PRELIM INFO FROM FAA OPS: CHICAGO, IL/UAS INCIDENT/1411C/CHICAGO TRACON ADVISED , B739, ORD - RSW, REPORTED A RED AND SILVER UAS WHILE S BOUND AT 7,200 FEET 17 S ORD. NO EVASIVE ACTION TAKEN. FBI NOTIFIED. PHONE NUMBER NOT PROVIDED.",1,2022-01
2022-01-21,CALIFORNIA,ONTARIO,"PRELIM INFO FROM FAA OPS: ONTARIO, CA/UAS INCIDENT/1603P/ONATRIO ATCT ADVISED , E170, SLC - ONT, REPORTED A UAS FROM 150 FEET BELOW ACFT WHILE E BOUND AT 2,500 FEET VCNTY ONT. NO EVASIVE ACTION TAKEN. NO LEO NOTIFICATION REPORTED.",1,2022-01
2022-01-22,NEVADA,LAS VEGAS,"PRELIM INFO FROM FAA OPS: LAS VEGAS, NV/UAS INCIDENT/1220P/HENDERSON ATCT ADVISED , CIRRUS SR22, BLD - HII, REPORTED A UAS BELOW THE ACFT FROM THE RIGHT SIDE WHILE SE BOUND AT 4,100 FEET 2 SE HENDERSON EXEC ARPT. NO EVASIVE ACTION. HENDERSON PD NOTIFIED.",1,2022-01
2022-01-22,CALIFORNIA,LOS ANGELES,"PRELIM INFO FROM FAA OPS: LOS ANGELES, CA/UAS INCIDENT/1432P/SOCAL TRACON ADVISED , B738, LAX - ORD, REPORTED A WHITE AND GRAY QUADCOPTER UAS PASS OVER RIGHT WING WHILE SSE BOUND AT 8,000 FEET 8 SW LAX. NO EVASIVE ACTION REPORTED. LAPD AIR SUPPORT NOTIFIED.",1,2022-01
2022-01-23,TEXAS,HOUSTON,"PRELIM INFO FROM FAA OPS: HOUSTON, TX/UAS INCIDENT/1226C/GEORGE BUSH INTERCONTINENTAL/HOUSTON ATCT ADVISED , B738, CLT - IAH, REPORTED WHITE QUADCOPTER UAS FROM THE RIGHT SIDE WHILE W BOUND AT 1,500 FEET 4 E IAH. NO EVASIVE ACTION REPORTED. HOUSTON PD NOTIFIED.",1,2022-01
2022-01-23,CONNECTICUT,CHESTER,"PRELIM INFO FROM FAA OPS: CHESTER, CT/UAS INCIDENT/1545E/NEW YORK TRACON ADVISED , CESSNA C182, TAN - BLM, REPORTED BLACK UAS OFF RIGHT SIDE WHILE WSW BOUND AT 4,300 FEET 4 SW CHESTER. NO EVASIVE ACTION REPORTED. CT STATE PD NOTIFIED.",1,2022-01
2022-01-23,MINNESOTA,ST PAUL,"PRELIM INFO FROM FAA OPS: ST PAUL, MN/UAS INCIDENT/1548C/MINNEAPOLIS TRACON ADVISED , A321, MSP - SFO, REPORTED BLACK UAS AT SAME ALTITUDE WHILE N BOUND AT 4,500 FEET OVERHEAD ST PAUL. NO EVASIVE ACTION REPORTED. RAMSEY COUNTY SHERIFF.",1,2022-01
2022-01-25,NEW YORK,WHITE PLAINS,"PRELIM INFO FROM FAA OPS: WHITE PLAINS, NY/UAS INCIDENT/1535E/WHITE PLAINS ATCT ADVISED , CESSNA C700, PBI - HPN, OBSERVED A UAS OFF THE RIGHT SIDE WHILE N BOUND AT 15,000 FEET 5 S HPN. NO EVASIVE ACTION TAKEN. WESTCHESTER PD NOTIFIED.",1,2022-01
2022-01-25,CALIFORNIA,CHINO,"PRELIM INFO FROM FAA OPS: CHINO, CA/UAS INCIDENT/1605P/CHINO ATCT ADVISED , CESSNA C172, REPORTED A UAS FROM THE 12 O'CLOCK POSITION WHILE W BOUND AT 1,300 FEET ON 1 MILE FINAL RUNWAY 26R CHINO. NO EVASIVE ACTION TAKEN. LEO NOTIFICATION NOT REPORTED.",1,2022-01
2022-01-26,FLORIDA,BOCA RATON,"PRELIM INFO FROM FAA OPS: BOCA RATON, FL/UAS INCIDENT/1215E/BOCA RATON ATCT ADVISED , LEARJET LJ45, BLM - BCT, REPORTED DARK COLORED UAS FROM THE 9 O'CLOCK POSITION WHILE SW BOUND AT 1,000 FEET 4 NE BCT. NO EVASIVE ACTION TAKEN. DELRAY BEACH PD NOTIFIED. PHONE NUMBER NOT PROVIDED.",1,2022-01
2022-01-27,NEW JERSEY,CALDWELL,"PRELIM INFO FROM FAA OPS: CALDWELL, NJ/UAS INCIDENT/1315E/CALDWELL ATCT ADVISED , CESSNA C172, OBSERVED A UAS WHILE SOUTHEAST BOUND AT 2,000 FEET, 5 NW OF THE BOONTON RESERVIOR. NO EVASIVE ACTION TAKEN. LOCAL PD NOTIFIED (NO PHONE PROVIDED).",1,2022-01
2022-01-27,CALIFORNIA,SAN JOSE,"PRELIM INFO FROM FAA OPS: SAN JOSE, CA/UAS INCIDENT/1313P/SAN JOSE ATCT ADVISED , A319, SJC - DFW, REPORTEDLY OBSERVED A UAS OFF DEPARTURE END RUNWAY 30R. CAPT TOOK A VIDEO OF EVENT AND FORWARDED IT TO ARPT OPS DUTY MANAGER. AFTER REVIEW, ARPT DUTY MANAGER INFORMED ATCT THAT THE VIDEO APPEARS TO BE SHOW A HAWK. NO EVASIVE ACTION TAKEN. NO LEO NOTIFICATION PROVIDED.",1,2022-01
2022-01-29,TEXAS,ARLINGTON,"PRELIM INFO FROM FAA OPS: ARLINGTON, TX/UAS INCIDENT/1007C/ARLINGTON ATCT ADVISED , DIAMOND DA40, REPORTED A SILVER QUADCOPTER UAS AT SAME ALTITUDE WHILE SOUTHBOUND AT 1,600 FEET 1 E ARLINGTON. NO EVASIVE ACTION REPORTED. ARLINGTON PD NOTIFIED VIA 911.",1,2022-01
2022-01-29,TEXAS,TYLER,"PRELIM INFO FROM FAA OPS: TYLER, TX/UAS INCIDENT/1210C/FORT WORTH ARTCC ADVISED , CESSNA C82T, SGR - BVO, REPORTED WHITE QUADCOPTER UAS 1,000 FEET BELOW ACFT OFF LEFT SIDE WHILE N BOUND AT 4,000 FEET 30 W TYLER. NO EVASIVE ACTION REPORTED. VAN ZANDT COUNTY SHERIFF NOTIFIED.",1,2022-01
2022-01-29,LOUISIANA,NEW ORLEANS,"PRELIM INFO FROM FAA OPS: NEW ORLEANS, LA/UAS INCIDENT/1348C/NEW ORLEANS APCH ADVISED , A321, IAH - MSY, REPORTED WHITE UAS OFF RIGHT SIDE WHILE ON 2 MILE FINAL RUNWAY 11 AT 1,000 FEET. NO EVASIVE ACTION REPORTED. ST CHARLES PARISH SHERIFF NOTIFIED.",1,2022-01
2022-01-29,TENNESSEE,CHATTANOOGA,"PRELIM INFO FROM FAA OPS: CHATTANOOGA, TN/UAS INCIDENT/1415E/CHATTANOOGA ATCT ADVISED , CESSNA C172, REPORTED A QUADCOPTER AT 2,000 FEET WHILE DESCENDING ON 3 MILE FINAL RUNWAY 2. EVASIVE ACTION TAKEN. AIRPORT OPS NOTIFIED.",1,2022-01
2022-01-29,TEXAS,HOUSTON,"PRELIM INFO FROM FAA OPS: HOUSTON, TX/UAS INCIDENT/1458C/HOUSTON TRACON ADVISED , PIPER PA31, REPORTED A BLACK UAS WHILE W BOUND AT 2,000 FEET 8 NNE IAH. NO EVASIVE ACTION TAKEN. FBI NOTIFIED.",1,2022-01
2022-01-29,TEXAS,HOUSTON,"PRELIM INFO FROM FAA OPS: HOUSTON, TX/UAS INCIDENT/1425C/HOUSTON TRACON ADVISED , A319, QUERÃ‰TARO, MEXICO (MMQT) - IAH, REPORTED A BLACK UAS FROM THE 9 O'CLOCK POSITION WHILE E BOUND AT 6,000 FEET 3 SE IAH. NO EVASIVE ACTION TAKEN. FBI NOTIFIED.",1,2022-01
2022-01-29,CALIFORNIA,BURBANK,"PRELIM INFO FROM FAA OPS: BURBANK, CA/UAS INCIDENT/1235P/BURBANK ATCT ADVISED , TOBA T10, REPORTED 2 QUADCOPTERS AT 1,700 FEET WHILE FLYING SE BOUND 3 S BUR. NO EVASIVE ACTION TAKEN. LAPD HELO NOTIFIED ON FREQUENCY.",1,2022-01
2022-01-29,LOUISIANA,GONZALES,"PRELIM INFO FROM FAA OPS: GONZALES, LA/UAS INCIDENT/1500C/BATON ROUGE ATCT ADVISED , EXPERIMENTAL VAN'S RV7A, REG - HDC, REPORTED QUADCOPTER UAS AT 1,000 FEET 5 NE GONZALES. NO EVASIVE ACTION TAKEN. LEO NOTIFICATION NOT REPORTED.",1,2022-01
2022-01-29,CALIFORNIA,TORRANCE,"CLOSE-OUT INFO FROM FAA OPS: TORRANCE, CA/UAS INCIDENT/1330P/TORRANCE ATCT ADVISED AND WAS SPOTTED BY GROUND PERSONNEL UAS CRASHED NEAR RUN-UP AREA ON TWY B. TORRANCE PD RESPONDED. UAS OPERATOR ARRIVED AT GENERAL AVIATION CENTER TO CLAIM UAS. TORRANCE PD GAVE UAS OPERATOR A TRESPASSING WARNING AND KEPT UAS. TORRANCE PD CONTACT NUMBER.",1,2022-01
2022-01-29,CALIFORNIA,SAN FRANCISCO,"PRELIM INFO FROM FAA OPS: SAN FRANCISCO, CA/UAS INCIDENT/1601P/NORCAL TRACON ADVISED , A319, SEA - SFO, OBSERVED A UAS AT THE 9 O'CLOCK POSITION WHILE SE BOUND AT 10,500 FEET 3 E SFO. NO EVASIVE ACTION TAKEN. HILLSBOROUGH PD NOTIFIED.",1,2022-01
2022-01-29,CALIFORNIA,SANTA MONICA,"CORRECTION (EVENT TYPE) INFO FROM FAA OPS: SANTA MONICA, CA/UAS INCIDENT/1933P/SANTA MONICA ATCT ADVISED , ROBINSON R44, WHP - WHP, REPORTED A UAS WHILE N BOUND AT 700 FEET 1 W SMO. NO EVASIVE ACTION TAKEN. SANTA MONICA PD NOTIFIED ON FREQUENCY.",1,2022-01
2022-01-30,OREGON,PORTLAND,"PRELIM INFO FROM FAA OPS: PORTLAND, OR/UAS INCIDENT/1110P/PORTLAND ATCT ADVISED , PIPER PAY1, 3S8 - PDX, REPORTED A UAS WHILE E BOUND AT 700 FEET 3 W PDX. NO EVASIVE ACTION TAKEN. PORTLAND ARPT COMMS CENTER NOTIFIED.",1,2022-01
2022-01-30,OKLAHOMA,OKLAHOMA CITY,"PRELIM INFO FROM FAA OPS: OKLAHOMA CITY, OK/UAS INCIDENT/1415C/OKLAHOMA CITY TRACON ADVISED , CESSNA C172, PWA - PWA, REPORTED A UAS 500 FEET BELOW THE 10 O'CLOCK POSITION WHILE N BOUND AT 3,500 FEET 7 NW OKC. NO EVASIVE ACTION TAKEN. OKC PD NOTIFIED.",1,2022-01
2022-01-30,ALABAMA,BIRMINGHAM,"PRELIM INFO FROM FAA OPS: BIRMINGHAM, AL/UAS INCIDENT/1458C/BIRMINGHAM ATCT ADVISED , EMBRAER E55P, VNC - BHM, REPORTED A WHITE UAS FROM THE 11 O'CLOCK POSITION WHILE WNW BOUND AT 2,500 FEET 9 E BHM. NO EVASIVE ACTION TAKEN. JEFFERSON COUNTY SHERIFF NOTIFIED.",1,2022-01
2022-01-30,TEXAS,GALVESTON,"PRELIM INFO FROM FAA OPS: GALVESTON, TX/UAS INCIDENT/1745C/HOUSTON TRACON ADVISED , BEECH BE35, REPORTED UAS 500 FEET BELOW WHILE NE BOUND AT 5,000 FEET 18 NE GALVESTON. NO EVASIVE ACTION TAKEN. GALVESTON COUNTY SHERIFF NOTIFIED.",1,2022-01
2022-01-30,TEXAS,GREENVILLE,"PRELIM INFO FROM FAA OPS: GREENVILLE, TX/UAS INCIDENT/1748C/FT WORTH ARTCC ADVISED , CESSNA C152, REPORTED A BLACK UAS FROM THE 2 O'CLOCK POSITION WHILE SSE BOUND AT 5,500 FEET 5 SE GREENVILLE. NO EVASIVE ACTION TAKEN. HUNT COUNTY SHERIFF NOTIFIED.",1,2022-01
2022-01-31,FLORIDA,PUNTA GORDA,"PRELIM INFO FROM FAA OPS: PUNTA GORDA, FL/UAS INCIDENT/1215E/PUNTA GORDA FCT ADVISED , PIPER PA11, ENGLEWOOD, FL (X36) - X36, REPORTED A UAS FROM THE 1 O'CLOCK POSITION WHILE E BOUND AT 2,300 FEET 4 NW PGD. NO EVASIVE ACTION TAKEN. CHARLOTTE COUNTY SHERIFF NOTIFIED.",1,2022-01
2022-01-31,FLORIDA,ST AUGUSTINE,"PRELIM INFO FROM FAA OPS: ST AUGUSTINE, FL/UAS INCIDENT/1334E/ST AUGISTINE ATCT ADVISED FLORIDA FLYERS FLIGHT ACADEMY 745, CESSNA C172, REPORTED A SMALL BLACK AND WHITE UAS OFF THE RIGHT SIDE AND BELOW THE AIRCRAFT AT 800 FEET WHILE IN THE TRAFFIC PATTERN FOR RUNWAY 31. NO EVASIVE ACTION WAS TAKEN. ST JOHNS COUNTY SHERIFF WAS NOTIFIED.",1,2022-01
2022-01-31,TENNESSEE,MEMPHIS,"PRELIM INFO FROM FAA OPS: MEMPHIS, TN/UAS INCIDENT/1623C/MEMPHIS TRACON ADVISED OBSERVED A UAS OPERATING SHORT FINAL TO RUNWAY 17 AT 300 FEET. NO AIRCRAFT INCIDENTS REPORTED. MEMPHIS PD NOTIFIED.",1,2022-01
2022-01-31,GEORGIA,ATLANTA,"PRELIM INFO FROM FAA OPS: ATLANTA, GA/UAS INCIDENT/1752E/ATLANTA ATCT ADVISED , B763, LAS - ATL, AND SIX OTHER AIRCRAFTS REPORTED A QUAD-COPTER UAS OFF THEIR RIGHT SIDE WITH GREEN AND BLUE LIGHTS WHILE E BOUND BETWEEN 2,200 AND 2,800 WHILE ON 4 MILE FINAL RUNWAY 27L. NO EVASIVE ACTION TAKEN. AIRPORT DISPATCH NOTIFIED VIA 911.",1,2022-01
2022-01-31,PENNSYLVANIA,ERIE,"CORRECTION TYPE OF EVENT INFO FROM FAA OPS: ERIE, PA/UAS INCIDENT/1828E/ERIE ATCT ADVISED , PIPER P28A, REPORTED A UAS OFF THE 9 O'CLOCK POSITION WHILE WSW BOUND AT 2,200 FEET VCNTY ERIE. NO EVASIVE ACTION TAKEN. ERIE AIRPORT POLICE NOTIFIED.",1,2022-01
2022-01-31,CALIFORNIA,SAN FRANCISCO,"PRELIM INFO FROM FAA OPS: SAN FRANCISCO, CA/UAS INCIDENT/1757P/NORCAL TRACON ADVISED , B39M, SFO - LAX, REPORTED A UAS OFF THE 9 O'CLOCK POSITION WHILE SW BOUND AT 4,500 FEET 4.5 WSW SAN FRANCISCO. NO EVASIVE ACTION TAKEN. SOUTH SAN FRANCISCO PD NOTIFIED.",1,2022-01
2022-01-31,NEVADA,LAS VEGAS,"PRELIM INFO FROM FAA OPS: LAS VEGAS, NV/UAS INCIDENT/2000P/LAS VEGAS ATCT ADVISED , HELO, REPORTED A UAS FROM THE 3 O'CLOCK POSITION WHILE SSW BOUND AT 200 FEET 1 WNW LAS VEGAS. NO EVASIVE ACTION TAKEN. LAW ENFORCEMENT NOTIFIED.",1,2022-01
2022-02-01,FLORIDA,FORT LAUDERDALE,"PRELIM INFO FROM FAA OPS: FORT LAUDERDALE, FL/UAS INCIDENT/0135E/FT LAUDERDALE ATCT ADVISED , HELO, OBSERVED A UAS WHILE ORBIING AT 1,000 FEET, 3 NW FLL. NO EVASIVE ACTION TAKEN.",2,2022-02
2022-02-01,OREGON,PORTLAND,"PRELIM INFO FROM FAA OPS: PORTLAND, OR/UAS INCIDENT/0410P/W-ROC ADVISED , HELO, REPORTED A UAS 30 FEET ABOVE ACFT WHILE ON HELIPAD (61J). NO EVASIVE ACTION TAKEN. NO LEO NOTIFICATION REPORTED.",2,2022-02
2022-02-01,TEXAS,HOUSTON,"PRELIM INFO FROM FAA OPS: HOUSTON, TX/UAS INCIDENT/1320C/HOUSTON ATCT ADVISED , CESSNA C172, REPORTED A BLACK DRONE CLIMB CLOSE TO ACFT WHILE E BOUND AT 6,00 FEET 4 W HOUSTON. NO EVASIVE ACTION REPORTED.",2,2022-02
2022-02-02,ARIZONA,PHOENIX,"PRELIM INFO FROM FAA OPS: PHOENIX, AZ/UAS INCIDENT/1806M/PHOENIX TRACON ADVISED , A320, PHX - RNO, REPORTED UAS AT 9 O'CLOCK POSITION AT 3,000 FEET WHILE W BOUND 6 WSW PHOENIX. NO EVASIVE ACTION TAKEN. PHOENIX ARPT PD NOTIFIED.",2,2022-02
2022-02-04,FLORIDA,VERO BEACH,"PRELIM INFO FROM FAA OPS: VERO BEACH, FL/UAS INCIDENT/1530E/MIAMI ARTCC ADVISED , LEARJET LJ60, BUF - BCT, REPORTED A UAS 500 FEET ABOVE ACFT WHILE S BOUND AT 16,000 FEET 5 E TREASURE ISLAND VORTAC. NO EVASIVE ACTION TAKEN. LEO NOTIFICATION NOT PROVIDED.",2,2022-02
2022-02-04,CALIFORNIA,CONCORD,"PRELIM INFO FROM FAA OPS: CONCORD, CA/UAS INCIDENT/1730P/CONCORD ATCT ADVISED , HELO, REPORTED A FIXED WING UAS AT SAME ALTITUDE AT THE 12 O'CLOCK POSITION WHILE ENE BOUND AT 300 FEET 1 NE CONCORD. NO EVASIVE ACTION REPORTED. COSTA COUNTY SHERIFF NOTIFIED.",2,2022-02
2022-02-04,OREGON,NORTH BEND,"PRELIM INFO FROM FAA OPS: NORTH BEND, OR/UAS INCIDENT/1758P/NORTH BEND ATCT ADVISED , EUROCOPTER H65, REPORTED A UAS AT 200 FEET WHILE SOUTHBOUND AT 350 FEET 1 N OF DEPARTURE END RUNWAY 31. NO EVASIVE ACTION REPORTED. COOS COUNTY SHERIFF NOTIFIED.",2,2022-02
2022-02-04,MARYLAND,CAMP SPRINGS,"PRELIM INFO FROM FAA OPS: CAMP SPRINGS, MD/UAS INCIDENT/2120E/ANDREWS AFB ATCT ADVISED OBSERVED BY ATCT. BASE DEFENSE OPERATIONS CENTER NOTIFIED.",2,2022-02
2022-02-05,NEW JERSEY,NEWARK,"PRELIM INFO FROM FAA OPS: NEWARK, NJ/UAS INCIDENT/1217E/NEW YORK TRACON ADVISED , BOMBARDIER CL35, BCT - TEB, OBSERVED A WHITE QUAD-COPTER UAS OFF THE RIGHT SIDE WHILE WSW BOUND AT 3,000 FEET 6 W NEWARK. NO EVASIVE ACTION TAKEN. NEW JERSEY DHS NOTIFIED.",2,2022-02
2022-02-05,FLORIDA,MIAMI,"PRELIM INFO FROM FAA OPS: MIAMI, FL/UAS INCIDENT/1320E/MIAMI ATCT ADVISED , A319, ACY - MIA, OBSERVED A SILVER QUARD-COPTER UAS AT THE 12 O'CLOCK POSITION WHILE WESTBOUND AT 8,000 FEET 10 ENE MIAMI. NO EVASIVE ACTION TAKEN. MIAMI DADE PD NOTIFIED.",2,2022-02
2022-02-05,NEW JERSEY,NEWARK,"PRELIM INFO FROM FAA OPS: NEWARK, NJ/UAS INCIDENT/1713E/NEW YORK TRACON ADVISED , FALCON FA50, OBSERVED A RED AND WHITE UAS AT THE 10 O'CLOCK POSITION WHILE ENE NEWARK. NO EVASIVE ACTION TAKEN. NEW JERSEY DHS NOTIFIED.",2,2022-02
2022-02-06,NEW JERSEY,TETERBORO,"PRELIM INFO FROM FAA OPS: TETERBORO, NJ/UAS INCIDENT/LATE REPORT-2/6 0853E/NEW YORK TRACON ADVISED , CRJ9, SYR - LGA, REPORTED A UAS FROM THE 3 O'CLOCK POSITION WHILE NNE BOUND AT 4,000 FEET 5 ESE TEB. NO EVASIVE ACTION TAKEN. DHS NOTIFIED.",2,2022-02
2022-02-06,NEW JERSEY,NEWARK,"PRELIM INFO FROM FAA OPS: NEWARK, NJ/UAS INCIDENT/LATE REPORT-1010E/NEWARK ATCT ADVISED , CRJ7, TORONTO, CANADA ( CYYZ) - EWR, OBSERVED A UAS WHILE SOUTH BOUND AT 3,000 FEET 10 N EWR. NO EVASIVE ACTION WAS TAKEN. NY/NJ PORT AUTHORITY PD NOTIFIED.",2,2022-02
2022-02-06,NEW JERSEY,NEWARK,"PRELIM INFO FROM FAA OPS: NEWARK, NJ/UAS INCIDENT/1010E/NEWARK ATCT ADVISED , CRJ7, TORONTO, CANADA (CYYZ) - EWR, REPORTED A UAS WHILE SW BOUND AT 3,000 FEET 10 N EWR. NO EVASIVE ACTION TAKEN. NEWARK PORT AUTHORITY NOTIFIED.",2,2022-02
2022-02-06,TEXAS,HILLSBORO,"PRELIM INFO FROM FAA OPS: HILLSBORO, TX/UAS INCIDENT/1414C/WACO ATCT ADVISED , CIRRUS SR20, REPORTED SILVER UAS AT THE 9 O'CLOCK POSITION WHILE N BOUND AT 11,000 FEET 8 N HILLSBORO. NO EVASIVE ACTION REPROTED. HILL COUNTY PD NOTIFIED.",2,2022-02
2022-02-06,DISTRICT OF COLUMBIA,WASHINGTON,"PRELIM INFO FROM FAA OPS: WASHINGTON, DC/UAS INCIDENT/1559E/POTOMAC TRACON ADVISED , CIRRUS SR22, REPORTED A BLACK QUAD-ROTOR UAS 500 FEET FROM THE 11 O'CLOCK POSITION WHILE WNW BOUND AT 2,000 FEET 16 NNE DCA. NO EVASIVE ACTION TAKEN. MONTGOMERY COUNTY SHERIFF NOTIFIED.",2,2022-02
2022-02-06,TENNESSEE,NASHVILLE,"PRELIM INFO FROM FAA OPS: NASHVILLE, TN/UAS INCIDENT/1515C/NASHVILLE ATCT ADVISED , GULFSTREAM GLF4, PHX - BNA, REPORTED A UAS FROM THE 12 O'CLOCK POSITION WHILE NNE BOUND AT 5,500 FEET 5 N BNA. NO EVASIVE ACTION REPORTED. MNAA ARPT PD NOTIFIED.",2,2022-02
2022-02-06,TENNESSEE,NASHVILLE,"PRELIM INFO FROM FAA OPS: NASHVILLE, TN/UAS INCIDENT/1516C/NASHVILLE ATCT ADVISED , CESSNA C82T, GYY - MDQ, REPORTED A UAS FROM THE 12 O'CLOCK POSITION WHILE NNE BOUND AT 5,500 FEET 5 N BNA. NO EVASIVE ACTION REPORTED. MNAA ARPT PD NOTIFIED.",2,2022-02
2022-02-06,TEXAS,FORT WORTH,"PRELIM INFO FROM FAA OPS: FORT WORTH, TX/UAS INCIDENT/1540C/MEACHAM ATCT ADVISED , CESSNA 560, ABI - FTW, REPORTED A BLACK UAS FROM AN UNKN POSITION WHILE SE BOUND AT 1,300 FEET 2 NNW MEACHAM. NO EVASIVE ACTION REPORTED. DFW DPS NOTIFIED.",2,2022-02
2022-02-06,VIRGINIA,PETERSBURG,"PRELIM INFO FROM FAA OPS: PETERSBURG, VA/UAS INCIDENT/1734E/POTOMAC TRACON ADVISED , CANADAIR CHALLENGER CL60, AIRCRAFT OBSERVED A UAS OFF THE RIGHT SIDE WHILE N BOUND AT 7000 FEET VICINITY OF PETERSBURG. NO EVASIVE ACTION WAS TAKEN. DINWIDDIE SHERIFF NOTIFIED.",2,2022-02
2022-02-06,TEXAS,HOUSTON,"PRELIM INFO FROM FAA OPS: HOUSTON, TX/UAS INCIDENT/1637C/HOUSTON APCH ADVISED , T45, UNKN - UNKN, REPORTED GREY UAS 300 FEET BELOW ACFT FROM THE RIGHT SIDE WHILE W BOUND AT 2,000 FEET 11 NNE HOU. NO EVASIVE ACTION REPORTED. HARRIS COUNTY SHERIFF NOTIFIED.",2,2022-02
2022-02-06,TENNESSEE,NASHVILLE,"PRELIM INFO FROM FAA OPS: NASHVILLE, TN/UAS INCIDENT/1700C/NASHVILLE ATCT ADVISED , HELICOPTER, OBSERVED A UAS FROM THE 11 O'CLOCK POSITION WHILE W BOUND AT 3,700 FEET 3 W BNA. NO EVASIVE ACTION TAKEN. AIRPORT PD NOTIFIED.",2,2022-02
2022-02-06,NEW YORK,NEW YORK,"PRELIM INFO FROM FAA OPS: NEW YORK, NY/UAS INCIDENT/2008E/JFK ATCT ADVISED , B77W, JFK - PARIS, FRANCE (LFPG), REPORTED UAS FROM THE RIGHT SIDE WHILE ESE BOUND AT 1,500 FEET 2 ESE JFK. ACFT TURNED LEFT TO AVOID UAS. PORT AUTHORITY PD DISPATCHING HELO, NOTIFIED.",2,2022-02
2022-02-06,CALIFORNIA,SANTA ROSA,"PRELIM INFO FROM FAA OPS: SANTA ROSA, CA/UAS INCIDENT/1832P/SANTA ROSA ATCT ADVISED , HELICOPTER, REPORTED A UAS OFF THE RIGHT SIDE WHILE NW BOUND AT 3,500 FEET 3 ENE SANTA ROSA. NO EVASIVE ACTION TAKEN. LAW ENFORCEMENT NOTIFICATION NOT REPORTED.",2,2022-02
2022-02-07,TEXAS,HOUSTON,"PRELIM INFO FROM FAA OPS: HOUSTON, TX/UAS INCIDENT/1707C/HOUSTON INTCL ATCT ADVISED , A320, LOS CABOS, MEXICO (MMSD) - IAH, REPORTED A UAS FROM BELOW ACFT WHILE W BOUND AT 1,700 FEET 10 E IAH. NO EVASIVE ACTION TAKEN. HOUSTON PD NOTIFIED.",2,2022-02
2022-02-08,OKLAHOMA,TULSA,"PRELIM INFO FROM FAA OPS: TULSA, OK/UAS INCIDENT/0219C/TULSA ATCT ADVISED AIRPORT OPS OBSERVED A SMALL UAS WITH RED AND GREEN BLINKING LIGHTS 100 FEET ABOVE THE AIRPORT TERMINAL. TULSA COUNTY SHERIFF NOTIFIED.",2,2022-02
2022-02-08,PENNSYLVANIA,PHILADELPHIA,"PRELIM INFO FROM FAA OPS: PHILADELPHIA, PA/UAS INCIDENT/1402E/PHILADELPHIA ATCT ADVISED , A321, PHX - PHL, REPORTED A UAS 1,000 FEET BELOW ACFT WHILE S BOUND AT 5,000 FEET 16 ENE PHILADELPHIA. NO EVASIVE ACTION TAKEN. PHILADELPHIA ARPT PD NOTIFIED.",2,2022-02
2022-02-09,FLORIDA,ORLANDO,"PRELIM INFO FROM FAA OPS: ORLANDO, FL/UAS INCIDENT/1130E/ORLANDO ATCT ADVISED , A319, MIA - MCO, REPORTED 2/UAS FROM THE 9 O'CLOCK POSITION WHILE N BOUND AT 1,900 FEET 13 S ORL. NO EVASIVE ACTION TAKEN. OSCEOLA COUNTY SHERIFF NOTIFIED. PHONE NUMBER NOT PROVIDED.",2,2022-02
2022-02-09,TEXAS,HOUSTON,"PRELIM INFO FROM FAA OPS: HOUSTON, TX/UAS INCIDENT/1038C/HOUSTON TRACON ADVISED , C30J, NFW - EFD, REPORTED A RED/GREEN UAS FROM THE 11 O'CLOCK POSITION WHILE ESE BOUND AT 3,000 FEET 15 WSW HOUSTON. NO EVASIVE ACTION TAKEN. LEO NOTIFICATION NOT REPORTED.",2,2022-02
2022-02-09,FLORIDA,PENSACOLA,"PRELIM INFO FROM FAA OPS: PENSACOLA, FL/UAS INCIDENT/1207C/PENSACOLA ATCT ADVISED , PIPER P28A, OBSERVED A RED UAS AT THE 3 O'CLOCK POSITION WHILE EASTBOUND AT 1,000 FEET 2 SSW PENSACOLA. NO EVASIVE ACTION TAKEN. PENSACOLA PD NOTIFIED.",2,2022-02
2022-02-09,CALIFORNIA,LOS ANGELES,"PRELIM INFO FROM FAA OPS: LOS ANGELES, CA/UAS INCIDENT/1052P/LOS ANGELES ATCT ADVISED , B744, OBSERVED A GRAY QUAD-COPTER UAS AT THE 3 O'CLOCK POSITION WHILE WSW BOUND AT 3,000 FEET 8 ENE LAX. NO EVASIVE ACTION TAKEN. LOS ANGELES WORLD AIRPORTS PD NOTIFIED.",2,2022-02
2022-02-09,CALIFORNIA,LOS ANGELES,"PRELIM INFO FROM FAA OPS: LOS ANGELES, CA/UAS INCIDENT/1055P/LOS ANGELES ATCT ADVISED , A320, DTW - LAX, OBSERVED A GRAY QUAD-COPTER UAS AT THE 3 O'CLOCK POSITION WHILE WSW BOUND AT 2,300 FEET 8 ENE LAX. NO EVASIVE ACTION TAKEN. LOS ANGELES WORLD AIRPORTS PD NOTIFIED.",2,2022-02
2022-02-09,CALIFORNIA,LOS ANGELES,"PRELIM INFO FROM FAA OPS: LOS ANGELES, CA/UAS INCIDENT/1058P/LOS ANGELES ATCT ADVISED , B753, ORD - LAX, OBSERVED A GRAY QUAD-COPTER UAS AT THE 3 O'CLOCK POSITION WHILE WSW BOUND AT 2,300 FEET 8 ENE LAX. NO EVASIVE ACTION TAKEN. LOS ANGELES WORLD AIRPORTS PD NOTIFIED.",2,2022-02
2022-02-09,NORTH CAROLINA,GREENSBORO,"PRELIM INFO FROM FAA OPS: GREENSBORO, NC/UAS INCIDENT/1556E/GREENSBORO ATCT ADVISED , CRJ2, ORD - GSO, OBSERVED UAS WHILE NORTHEAST BOUND AT 400 FEET 10 NNW GREENSBORO. NO EVASIVE ACTION TAKEN. NO LEO NOTIFICATION REPORTED.",2,2022-02
2022-02-09,NEW YORK,FARMINGDALE,"PRELIM INFO FROM FAA OPS: FARMINGDALE, NY/UAS INCIDENT/1620E/NEW YORK TRACON ADVISED UNIDENTIFIED ACFT REPORTED A RED UAS OPERATING AT 2,500 FEET 18 SE FARMINGDALE. NO EVASIVE ACTION REPORTED. SUFFOLK COUNTY SHERIFF AVIATION UNIT NOTIFIED.",2,2022-02
2022-02-09,ALABAMA,BIRMINGHAM,"PRELIM INFO FROM FAA OPS: BIRMINGHAM, AL/UAS INCIDENT/1555C/BIRMINGHAM APCH ADVISED , CESSNA C182, MGM - MGM, REPORTED A GREY V-SHAPED UAS AT THE 12 O'CLOCK POSITION WHILE N BOUND AT 6,500 FEET 5 E BHM. NO EVASIVE ACTION TAKEN. LEO NOTIFICATION NOT REPORTED.",2,2022-02
2022-02-09,MASSACHUSETTS,BOSTON,"PRELIM INFO FROM FAA OPS: BOSTON, MA/UAS INCIDENT/1735E/BOSTON TRACON ADVISED MASSACHUSETTS STATE PD REPORTED A UAS AT 200 FEET 1 MILE N BOS. AS PER LEO THE UAS HAS BEEN SECURED.",2,2022-02
2022-02-10,FLORIDA,MIAMI,"PRELIM INFO FROM FAA OPS: MIAMI, FL/UAS INCIDENT/0842E/MIAMI ATCT ADVISED , B772, MIA - SJU (SAN JUAN, PUERTO RICO), REPORTED A ORANGE AND WHITE QUADCOPTER UAS WHILE NE BOUND AT 2,000 FEET 4 W MIA. NO EVASIVE ACTION TAKEN. LEO NOTIFIED.",2,2022-02
2022-02-10,SOUTH CAROLINA,CAMDEN,"PRELIM INFO FROM FAA OPS: CAMDEN, SC/UAS INCIDENT/LATE REPORT 2-10 1315E/PIPER PA32, REPORTED A GRAY UAS AT 8,100 FEET 10 SW CDN. EVASIVE ACTION TAKEN. LAW ENFORCEMENT NOTIFICATION NOT REPORTED.",2,2022-02
2022-02-10,NEW JERSEY,WOODSTOWN,"PRELIM INFO FROM FAA OPS: WOODSTOWN, NJ/UAS INCIDENT/1445E/PHILADELPHIA TRACON ADVISED , CESSNA C177, ACY - GAI, REPORTED A UAS WHILE W BOUND AT 3,000 FEET 9 SSE WOODSTOWN VOR (OOD). NO EVASIVE ACTION TAKEN. LEO NOTIFICATION NOT REPORTED.",2,2022-02
2022-02-10,FLORIDA,FORT PIERCE,"PRELIM INFO FROM FAA OPS: FORT PIERCE, FL/UAS INCIDENT/1542E/PALM BEACH APCH ADVISED , CESSNA C172, SFB - SRQ, REPORTED A UAS OFF RIGHT SIDE WHILE NE BOUND AT 4,000 FEET N FPR. NO EVASIVE ACTION TAKEN. ST LUCIE PD NOTIFIED.",2,2022-02
2022-02-10,KANSAS,WICHITA,"PRELIM INFO FROM FAA OPS: WICHITA, KS/UAS INCIDENT/1610C/WICHITA APPROACH ADVISED WICHITA PD REPORTED A UAS AT 300 FEET 4.6 N WICHITA ARPT. THERE WAS A SHOOTING IN THE AREA WITH POLICE ACTIVE. NO ACFT INVOLVEMENT. WICHITA PD.",2,2022-02
2022-02-10,FLORIDA,JACKSONVILLE,"PRELIM INFO FROM FAA OPS: JACKSONVILLE, FL/UAS INCIDENT/1830E/NAS JACKSONVILLE ATCT ADVISED BASE SYSTEMS DETECTED UAS OPERATING AT 160 FEET 1 W NAS JACKSONVILLE. NO ACFT INVOLVED. NO IMPACT TO OPERATIONS. MAYPORT PD NOTIFIED.",2,2022-02
2022-02-10,NEW JERSEY,NEWARK,"PRELIM INFO FROM FAA OPS: NEWARK, NJ/UAS INCIDENT/1847E/NEWARK ATCT ADVISED , A319, PBI - EWR, REPORTED A UAS AT THE 12 O'CLOCK POSITION WHILE SW BOUND AT 1,400 FEET 3 N NEWARK. NO EVASIVE ACTION REPORTED. ARPT OPS NOTIFIED.",2,2022-02
2022-02-11,DISTRICT OF COLUMBIA,WASHINGTON,"PRELIM INFO FROM FAA OPS: WASHINGTON, DC/UAS INCIDENT/1200E/POTOMAC TRACON ADVISED , CRJ7, CHS - DCA, REPORTED A WHITE UAS FROM 1,000 FEET BELOW THE RIGHT SIDE WHILE E BOUND AT 3,000 FEET 5 W DCA. NO EVASIVE ACTION TAKEN. DC METROPOLITAN PD NOTIFIED.",2,2022-02
2022-02-11,ARIZONA,GLENDALE,"PRELIM INFO FROM FAA OPS: GLENDALE, AZ/UAS INCIDENT/1136M/LUKE AFB ADVISED , 2/F16, REPORTED A UAS WHILE NE BOUND AT 4,000 FEET 14 SW LUF. NO EVASIVE ACTION TAKEN. LUKE AFB SECURITY OPS NOTIFIED.",2,2022-02
2022-02-11,CALIFORNIA,PALO ALTO,"PRELIM INFO FROM FAA OPS: PALO ALTO, CA/UAS INCIDENT/1200P/PALO ALTO ATCT ADVISED , PIPER P28A, E45 - PAO, REPORTED A UAS FROM BELOW THE 12 O'CLOCK POSITION WHILE S BOUND AT 1,300 FEET 7 NE PAO. NO EVASIVE ACTION TAKEN. LEO NOTIFICATION NOT REPORTED.",2,2022-02
2022-02-11,TEXAS,HOUSTON,"PRELIM INFO FROM FAA OPS: HOUSTON, TX/UAS INCIDENT/1428C/DAVID WAYNE HOOKS ATCT ADVISED , CIRRUS SR22, BOGALUSA, LA - DWH, REPORTED A UAS 300 FEET BELOW THE 12 O'CLOCK POSITION WHILE S BOUND AT 1,300 FEET 3 N DWH. NO EVASIVE ACTION TAKEN. HARRIS COUNTY SHERIFFS OFFICE NOTIFIED.",2,2022-02
2022-02-11,TEXAS,GEORGETOWN,"PRELIM INFO FROM FAA OPS: GEORGETOWN, TX/UAS INCIDENT/1937C/GEORGETOWN ATCT ADVISED , GRUMMAN AMERICAN AA5, UNKN - UNKN, REPORTED UAS WHILE W BOUND AT 1,700 FEET 3.5 NNE GTU. NO EVASIVE ACTION TAKEN. GEORGETOWN DISPATCH NOTIFIED.",2,2022-02
2022-02-12,ILLINOIS,CHICAGO,"PRELIM INFO FROM FAA OPS: CHICAGO, IL/UAS INCIDENT/0859C/CHICAGO TRACON ADVISED , E75S, ORD - EWR, REPORTED RED QUAD COPTER 200 FEET BELOW ACFT WHILE E BOUND AT 3,500 FEET 3 N CHICAGO. NO EVASIVE ACTION TAKEN. LAW ENFORCEMENT NOTIFICATION NOT REPORTED.",2,2022-02
2022-02-12,ARIZONA,GLENDALE,"PRELIM INFO FROM FAA OPS: GLENDALE, AZ/UAS INCIDENT/1039M/GLENDALE ATCT ADVISED , CESSNA C172, UNKN - UNKN, REPORTED A UAS OF UNSPECIFIED SIZE AND COLOR AT 1200 FEET WHILE NE BOUND ON 2.5 M ILE FINAL RWY 1. NO EVASIVE MANEUVER REPORTED. GLENDALE PD NOTIFIED.",2,2022-02
2022-02-12,ARIZONA,GOODYEAR,"PRELIM INFO FROM FAA OPS: GOODYEAR, AZ/UAS INCIDENT/0956M/GOODYEAR FCT ADVISED , CESSNA T206, UNKN - GYR, REPORTED A UAS OF UNKN COLOR 50 FEET ABOVE THE 12 O'CLOCK POSITION WHILE N BOUND AT 2,000 FEET 3 NE GYR. NO EVASIVE ACTION REPORTED. GOODYEAR PD NOTIFIED.",2,2022-02
2022-02-12,TEXAS,GALVESTON,"PRELIM INFO FROM FAA OPS: GALVESTON, TX/UAS INCIDENT/1148C/HOUSTON TRACON ADVISED , BEECH BE9T, CWF - SGR, REPORTED A UAS OF UNKN COLOR AND SIZE WHILE WSW BOUND AT 4,000 FEET 18 NE GLS. PASSED UNDERNEATH THE UAS WHICH WAS LOCATED IN THE CLOUDS. CLOSEST PROXIMITY TO UAS NOT REPORTED. NO EVASIVE ACTION TAKEN. LOCAL FBI NOTIFIED.",2,2022-02
2022-02-12,NORTH CAROLINA,TARBORO,"PRELIM INFO FROM FAA OPS: TARBORO, NC/UAS INCIDENT/1321E/WASHINGTON ARTCC ADVISED , BEECH BE35, REPORTED BLACK QUAD COPTER UAS OFF LEFT WING WHILE W BOUND AT 7,500 FEET. NO EVASIVE ACTION REPORTED. TARBORO PD NOTIFIED.",2,2022-02
2022-02-12,NORTH CAROLINA,RALEIGH-DURHAM,"PRELIM INFO FROM FAA OPS: RALEIGH-DURHAM, NC/UAS INCIDENT/1320E/RALEIGH-DURHAM ATCT ADVISED , PIPER P28A, TDF - RDU, REPORTED A BLACK UAS FROM THE 2 O'CLOCK POSITION AT SAME ALTITUDE WHILE SE BOUND AT 2,200 FEET 7 NE RDU. NO EVASIVE ACTION TAKEN. DURHAM PD NOTIFIED.",2,2022-02
2022-02-12,CALIFORNIA,LOS ANGELES,"PRELIM INFO FROM FAA OPS: LOS ANGELES, CA/UAS INCIDENT/1031P/LOS ANGELES ATCT ADVISED , B739, CVG - LAX, REPORTED UAS OFF LEFT SIDE WHILE E BOUND AT 2,500 FEET 1 N LOS ANGELES. NO EVASIVE ACTION REPORTED. LA AIRPORT PD NOTIFIED.",2,2022-02
2022-02-12,CALIFORNIA,LOS ANGELES,"PRELIM INFO FROM FAA OPS: LOS ANGELES, CA/UAS INCIDENT/1114P/SOCAL TRACON ADVISED , GULFSTREAM GLF5, SJC - LAX, REPORTED A YELLOW UAS FROM UNKN POSITION AT SAME ALTITUDE WHILE ENE BOUND AT 4,500 FEET 8 NNE LAX. NO EVASIVE ACTION TAKEN. LAPD AIR DIVISION NOTIFIED.",2,2022-02
2022-02-12,GEORGIA,BLAIRSVILLE,"PRELIM INFO FROM FAA OPS: BLAIRSVILLE, GA/UAS INCIDENT/LATE REPORT 1714E/ATLANTA ARTCC ADVISED , BEECH B350, REPORTED A BLACK RECTANGULAR UAS AT THE 11 O'CLOCK POSITION 1,000 FEET BELOW WHILE SSE BOUND AT 16,000 FEET 16 SW HARRIS VORTAC. NO EVASIVE ACTION REPORTED. BLAIRSVILLE COUNTY PD NOTIFIED VIA 911.",2,2022-02
2022-02-12,KENTUCKY,COVINGTON,"PRELIM INFO FROM FAA OPS: COVINGTON, KY/UAS INCIDENT/2020E/CINCINNATI MUNICIPAL ATCT ADVISED , ROBINSON R44, REPORTED A UAS 200 FEET ABOVE ACFT WHILE E BOUND AT 1,100 FEET 10 NE CVG. NO EVASIVE ACTION TAKEN. LOCAL LEO NOTIFIED VIA 911.",2,2022-02
2022-02-12,CALIFORNIA,SAN DIEGO-EL CAJON,"PRELIM INFO FROM FAA OPS: SAN DIEGO-EL CAJON, CA/UAS INCIDENT/1922P/GILLEPSIE ATCT ADVISED , BELL B407, REPORTED A UAS AT THE 9 O'CLOCK POSITION WHILE NE BOUND AT 900 FEET 1 NW EL CAJON. NO EVASIVE ACTION REPORTED. ACFT FOLLOWED UAS UNTIL UAS LANDED UNDER A PICNIC TABLE. GROUND UNITS NOTIFIED ON FREQUENCY AND RESPONDING TO THE AREA.",2,2022-02
2022-02-13,TEXAS,HOUSTON,"PRELIM INFO FROM FAA OPS: HOUSTON, TX/UAS INCIDENT/1020C/HOUSTON TRACON ADVISED , A320, SAT - IAH, REPORTED UAS AT 6,200 FEET WHILE N BOUND 3 N HOUSTON EXECUTIVE AIRPORT. NO EVASIVE ACTION TAKEN. HOUSTON FBI NOTIFIED.",2,2022-02
2022-02-13,NORTH CAROLINA,JACKSONVILLE,"PRELIM INFO FROM FAA OPS: JACKSONVILLE, NC/UAS INCIDENT/1123E/JACKSONVILLE ATCT ADVISED , BEECH BE58, REPORTED BLACK UAS WHILE NE BOUND AT 2,000 FEET 6 NE JACKSONVILLE. NO EVASIVE ACTION TAKEN. LAW ENFORCEMENT NOTIFIED.",2,2022-02
2022-02-13,CALIFORNIA,LOS ANGELES,"PRELIM INFO FROM FAA OPS: LOS ANGELES, CA/UAS INCIDENT/1100P/LOS ANGELES ATCT ADVISED , A319, SAN SALVADOR, EL SALVADOR - LAX, REPORTED A SILVER UAS AT 12 O'CLOCK POSITION AT 2,000 FEET WHILE WSW BOUND 7 ENE LAX. NO EVASIVE ACTION TAKEN. LOS ANGELES ARPT POLICE NOTIFIED.",2,2022-02
2022-02-13,CALIFORNIA,VICTORVILLE,"PRELIM INFO FROM FAA OPS: VICTORVILLE, CA/UAS INCIDENT/1116P/JOSHUA CONTROL FACILITY ADVISED , ROCKWELL AC11, REPORTED UAS FROM THE 10 O'CLOCK POSITION WHILE E BOUND AT 9,500 FEET 11 N VICTORVILLE. NO EVASIVE ACTION TAKEN. SAN BERNARDINO COUNTY SHERIFF NOTIFIED.",2,2022-02
2022-02-13,CALIFORNIA,VAN NUYS,"PRELIM INFO FROM FAA OPS: VAN NUYS, CA/UAS INCIDENT/1215P/SOCAL TRACON ADVISED , CESSNA C310, REPORTED UAS AT 4,000 FEET WHILE SSE BOUND 7 NNW VAN NUYS. NO EVASIVE ACTION TAKEN. LEO NOTIFICATION NOT REPORTED.",2,2022-02
2022-02-13,CALIFORNIA,LOS ANGELES,"PRELIM INFO FROM FAA OPS: LOS ANGELES, CA/UAS INCIDENT/1247P/LOS ANGELES ATCT ADVISED , B739, BELIZE CITY, BELIZE (MZBZ) - LAX, REPORTED WHITE UAS FROM THE 9 O'CLOCK POSITION WHILE WSW AT 1,800 FEET 8 ENE LAX. NO EVASIVE ACTION TAKEN. LOS ANGELES WORLD AIRPORTS PD NOTIFIED.",2,2022-02
2022-02-13,CALIFORNIA,LOS ANGELES,"PRELIM INFO FROM FAA OPS: LOS ANGELES, CA/UAS INCIDENT/1253P/LOS ANGELES ATCT ADVISED , A321, TORONTO, CANADA (CYYZ) - LAX, REPORTED A RED UAS FROM THE 3 O'CLOCK POSITION WHILE WSW BOUND AT 2,300 FEET 6 ENE LAX. NO EVASIVE ACTION TAKEN. LAPD NOTIFIED.",2,2022-02
2022-02-13,CALIFORNIA,VAN NUYS,"PRELIM INFO FROM FAA OPS: VAN NUYS, CA/UAS INCIDENT/1334P/VAN NUYS ATCT ADVISED , CIRRUS S22T, REPORTED UAS AT 3 O'CLOCK POSITION AT 1,700 FEET WHILE E BOUND 2 N VAN NUYS. NO EVASIVE ACTION TAKEN. LAPD NOTIFIED.",2,2022-02
2022-02-13,TEXAS,HOUSTON,"PRELIM INFO FROM FAA OPS: HOUSTON, TX/UAS INCIDENT/1806C/HOUSTON TRACON ADVISED , CESSNA C700, HDN - HOU, REPORTED A UAS FROM THE 9 O'CLOCK POSITION WHILE SE BOUND AT 6,000 FEET 5 SSW HOU. NO EVASIVE ACTION TAKEN. PEARLAND PD NOTIFIED.",2,2022-02
2022-02-13,CALIFORNIA,LOS ANGELES,"PRELIM INFO FROM FAA OPS: LOS ANGELES, CA/UAS INCIDENT/1939P/SANTA MONICA ATCT ADVISED AN UAS WAS DETECTED WITH SANTA MONICA CLASS D AIRSPACE, WITHIN THE SUPER BOWL TFR AT 1,000 FEET 4 N LAX. NO ACFT WAS INVOLVED. LEO WAS NOT NOTIFIED DUE TO THE REPORT WAS ORIGINATED FROM AN AGENCY WORKING THE TFR AT THE SUPER BOWL.",2,2022-02
2022-02-14,CALIFORNIA,LOS ANGELES,"PRELIM INFO FROM FAA OPS: LOS ANGELES, CA/UAS INCIDENT/0731P/LOS ANGELES ATCT ADVISED , A320, ATL - LAX, REPORTED SILVER UAS FROM THE 9 O'CLOCK POSITION WHILE WSW BOUND AT 1,400 FEET 4 ENE LAX. NO EVASIVE ACTION TAKEN. LOS ANGELES ARPT PD NOTIFIED.",2,2022-02
2022-02-14,ALABAMA,MOBILE,"PRELIM INFO FROM FAA OPS: MOBILE, AL/UAS INCIDENT/1123C/MOBILE ATCT ADVISED , TEX2, REPORTED A SILVER UAS BETWEEN 500 FEET AND 1,000 FEET BELOW WHILE W BOUND AT 4,500 FEET 5 N MOBILE DOWNTOWN AIRPORT. NO EVASIVE ACTION TAKEN. LEO NOTIFICATION NOT REPORTED.",2,2022-02
2022-02-14,LOUISIANA,NEW ORLEANS,"PRELIM INFO FROM FAA OPS: NEW ORLEANS, LA/UAS INCIDENT/1132C/LAKEFRONT ATCT ADVISED , CESSNA C172, OBSERVED A UAS OFF THE LEFT SIDE WHILE N BOUND AT 1,600 FEET 2 S LAKEFRONT AIRPORT. NO EVASIVE ACTION TAKEN. PD NOTIFIED. NO PHONE NUMBER PROVIDED.",2,2022-02
2022-02-14,NEW YORK,NEW YORK,"PRELIM INFO FROM FAA OPS: NEW YORK, NY/UAS INCIDENT/1233E/NEW YORK TRACON ADVISED , CRJ9, JFK - RDU, AIRCRAFT OBSERVED A RED AND WHITE UAS WHILE SE BOUND AT 5,500 FEET 4 S JFK. NO EVASIVE ACTION TAKEN. NY/NJ PORT AUTHORITY POLICE AVIATION UNIT NOTIFIED.",2,2022-02
2022-02-14,CALIFORNIA,EL CAJON,"PRELIM INFO FROM FAA OPS: SAN DIEGO/EL CAJON, CA/UAS INCIDENT/1015P/SOCAL TRACON ADVISED , B738, MCI - SAN, REPORTED UAS AT 8,000 FEET WHILE SW BOUND 15 E GILLESPIE FIELD AIRPORT. NO EVASIVE ACTION TAKEN. SAN DIEGO COUNTY SHERIFF NOTIFIED.",2,2022-02
2022-02-14,TEXAS,DALLAS-FORT WORTH,"PRELIM INFO FROM FAA OPS: DALLAS-FORT WORTH, TX/UAS INCIDENT/1316C/DALLAS TRACON ADVISED , CRJ9, ECP - DFW, REPORTED UAS 400 FEET BELOW ACFT FROM THE 2 O'CLOCK POSITION WHILE S BOUND AT 5,200 FEET 5 S DFW. NO EVASIVE ACTION TAKEN. DFW DPS NOTIFIED.",2,2022-02
2022-02-14,TEXAS,HOUSTON,"PRELIM INFO FROM FAA OPS: HOUSTON, TX/UAS INCIDENT/1341C/HOUSTON TRACON ADVISED , E75L, IAH - MSP, REPORTED UAS 250 FEET ABOVE WHILE N BOUND AT 5,000 FEET 6 NW IAH. NO EVASIVE ACTION TAKEN. HARRIS COUNTY SHERIFF NOTIFIED.",2,2022-02
2022-02-14,VIRGINIA,CHANTILLY,"PRELIM INFO FROM FAA OPS: CHANTILLY, VA/UAS INCIDENT/1544E/WASHINGTON DULLES ATCT ADVISED , CESSNA C208, DUJ - IAD, OBSERVED A SILVER UAS AT 1,200 FEET WHILE ON A 3-MILE FINAL APPROACH TO RUNWAY 1L. NO EVASIVE ACTION TAKEN. METROPOLITAN WASHINGTON AIRPORTS AUTHORITY POLICE NOTIFIED. NO PHONE NUMBER PROVIDED.",2,2022-02
2022-02-14,MASSACHUSETTS,BOSTON,"PRELIM INFO FROM FAA OPS: BOSTON, MA/UAS INCIDENT/1700E/BOSTON TRACON ADVISED , BCS1, ORD - BOS, REPORTED A METALLIC UAS AT 9 O'CLOCK POSITION AT 7,000 FEET WHILE ESE BOUND 3 NNW BOSTON. EVASIVE ACTION NOT REPORTED. MASSACHUSETTS STATE POLICE NOTIFIED. PHONE NUMBER NOT PROVIDED.",2,2022-02
2022-02-14,CALIFORNIA,VAN NUYS,"PRELIM INFO FROM FAA OPS: VAN NUYS, CA/UAS INCIDENT/1400P/SOCAL TRACON ADVISED , B737, PHX - BUR, REPORTED A FLIGHT OF 3 UAS AT THE 3 O'CLOCK POSITION WHILE SSW BOUND AT 6,000 FEET 15 NW VNY. NO EVASIVE ACTION TAKEN. LAPD NOTIFIED.",2,2022-02
2022-02-14,FLORIDA,PENSACOLA,"PRELIM INFO FROM FAA OPS: PENSACOLA, FL/UAS INCIDENT/1722C/PENSACOLA TRACON ADVISED , CESSNA C182, REPORTED A BLACK/RED UAS FROM THE 12 O'CLOCK POSITION WHILE W BOUND AT 6,000 FEET 6 S PENSACOLA. NO EVASIVE ACTION TAKEN. ESCAMBIA COUNTY SHERIFF NOTIFIED.",2,2022-02
2022-02-14,TENNESSEE,NASHVILLE,"PRELIM INFO FROM FAA OPS: NASHVILLE, TN/UAS INCIDENT/1722C/MEMPHIS ARTCC ADVISED , EMBRAER E135, IND - BNA, REPORTED A LARGE ORANGE UAS OFF THE LEFT SIDE 150 FEET BELOW ACFT WHILE NE BOUND AT FL230 60 N BNA. NO EVASIVE ACTION TAKEN. LOGAN COUNTY PD NOTIFIED.",2,2022-02
2022-02-14,NEVADA,LAS VEGAS,"PRELIM INFO FROM FAA OPS: LAS VEGAS, NV/UAS INCIDENT/1950P/LAS VEGAS ATCT ADVISED , AIRBUS EC30, LAS - LAS, REPORTED A UAS AT THE 1 O'CLOCK POSITION WHILE N BOUND AT 3,000 FEET NEAR THE STRATOSPHERE 3 N LAS. NO EVASIVE ACTION TAKEN. LAS VEGAS METRO PD NOTIFIED.",2,2022-02
2022-02-15,TENNESSEE,WINCHESTER,"PRELIM INFO FROM FAA OPS: WINCHESTER, TN/UAS INCIDENT/1210C/MEMPHIS ARTCC ADVISED , BEECH BE58, REPORTED RUST COLORED UAS FROM THE 12 O'CLOCK POSITION WHILE SW BOUND AT 7,000 FEET 5 SSW WINCHESTER. NO EVASIVE ACTION TAKEN. WINCHESTER PD NOTIFIED.",2,2022-02
2022-02-15,PENNSYLVANIA,PITTSBURGH,"PRELIM INFO FROM FAA OPS: PITTSBURGH, PA/UAS INCIDENT/1420E/PITTSBURGH ATCT ADVISED , K35R, REPORTED MULTIPLE SPARKLING UAS FROM THE 2 O'CLOCK POSITION WHILE W BOUND AT 1,000 FEET 2 E PIT. NO EVASIVE ACTION TAKEN. MOON PD NOTIFIED.",2,2022-02
2022-02-15,NORTH CAROLINA,CHARLOTTE,"PRELIM INFO FROM FAA OPS: CHARLOTTE, NC/UAS INCIDENT/1532E/CHARLOTTE ATCT ADVISED, PIPER PA32, OBSERVED A UAS OFF THE RIGHT SIDE WHILE SW BOUND AT 4,000 FEET 30 NE CLT. NO EVASIVE ACTION TAKEN. LAW ENFORCEMENT WERE NOT NOTIFIED.",2,2022-02
2022-02-15,TEXAS,HOUSTON,"PRELIM INFO FROM FAA OPS: HOUSTON, TX/UAS INCIDENT/1508C/GEORGE BUSH INTERCONTINENTAL ATCT ADVISED , DASSAULT FA50, OBSERVED A UAS OFF THE RIGHT SIDE WHILE SW BOUND AT 2,200 FEET 5 E IAH. NO EVASIVE ACTION TAKEN. LOCAL LAW ENFORCEMENT NOTIFIED.",2,2022-02
2022-02-15,FLORIDA,ORLANDO,"PRELIM INFO FROM FAA OPS: ORLANDO, FL/UAS INCIDENT/1726E/KISSIMMEE ATCT ADVISED , CESSNA C172, DYB - ISM, REPORTED A WHITE UAS OFF THE LEFT WING WHILE SE BOUND AT 1,600 FEET 8 W ISM. NO EVASIVE ACTION TAKEN. OSCEOLA COUNTY SHERIFF NOTIFIED.",2,2022-02
2022-02-15,ALABAMA,BIRMINGHAM,"PRELIM INFO FROM FAA OPS: BIRMINGHAM, AL/UAS INCIDENT/1956C/BIRMINGHAM APCH ADVISED , CESSNA C172, REPORTED MULTIPLE UAS WHILE NE BOUND AT 600 FEET 3 NE BHM. NO EVASIVE ACTION TAKEN. JEFFERSON COUNTY SHERIFF NOTIFIED.",2,2022-02
2022-02-16,MISSOURI,ST. LOUIS,"CORRECTION (CALLSIGN,TYPE,RADIAL/DME) INFO FROM FAA OPS: ST LOUIS, MO/UAS INCIDENT/0820C/KANSAS CITY ARTCC ADVISED , DASSAULT F2TH, REPORTED UAS AT THE 12 O'CLOCK POSITION WHILE S BOUND AT 11,500 FEET 5 SW EFFINGHAM. NO EVASIVE ACTION REPORTED. EFFINGHAM COUNTY SHERIFF NOTIFIED.",2,2022-02
2022-02-16,CALIFORNIA,VAN NUYS,"PRELIM INFO FROM FAA OPS: VAN NUYS, CA/UAS INCIDENT/1003P/BURBANK ATCT ADVISED , ROBINSON R44, REPORTED A UAS FROM THE 12 O'CLOCK POSITION WHILE E BOUND AT 1,800 FEET 10 ESE VNY. NO EVASIVE ACTION TAKEN. LAPD AIR SUPPORT NOTIFIED.",2,2022-02
2022-02-16,NORTH CAROLINA,CHARLOTTE,"PRELIM INFO FROM FAA OPS: CHARLOTTE, NC/UAS INCIDENT/1750E/CHARLOTTE ATCT ADVISED , HELO, REPORTED A UAS 150 FEET FROM THE RIGHT SIDE OF ACFT WHILE SW BOUND AT 1,200 FEET 5 E CLT. NO EVASIVE ACTION TAKEN. CHARLOTTE MECKLENBURG PD NOTIFIED.",2,2022-02
2022-02-16,ARIZONA,YUMA,"PRELIM INFO FROM FAA OPS: YUMA, AZ/UAS INCIDENT/1630M/MCAS YUMA ATCT ADVISED , CESSNA C150, REPORTED UAS WHILE E BOUND AT 500 FEET 1 E YUMA MCAS. NO EVASIVE ACTION REPORTED. NO LAW ENFORCEMENT NOTIFICATION REPORTED.",2,2022-02
2022-02-17,FLORIDA,WEST PALM BEACH,"PRELIM INFO FROM FAA OPS: WEST PALM BEACH, FL/UAS INCIDENT/1115E/PALM BEACH ATCT ADVISED , GULFSTREAM AEROSPACE G280, YNG - PBI, REPORTED A UAS FROM THE 9 O'CLOCK POSITION WHILE E BOUND AT 500 FEET 2 W PBI. NO EVASIVE ACTION TAKEN. LOCAL PD NOTIFIED.",2,2022-02
2022-02-17,TEXAS,HOUSTON,"PRELIM INFO FROM FAA OPS: HOUSTON, TX/UAS INCIDENT/1318C/HOUSTON TRACON ADVISED , E145, HRL - IAH, REPORTED A RED UAS FROM THE 9 O'CLOCK POSITION WHILE E BOUND AT 5,800 FEET 25 SE IAH. NO EVASIVE ACTION TAKEN. FBI NOTIFIED.",2,2022-02
2022-02-17,CALIFORNIA,LOS ANGELES,"PRELIM INFO FROM FAA OPS: LOS ANGELES, CA/UAS INCIDENT/1233P/LOS ANGELES ATCT ADVISED , A321, MCO - LAX, REPORTED A BLACK AND WHITE UAS FROM THE 9 O'CLOCK POSITION BETWEEN 1,500 FEET AND 2,200 FEET WHILE ON 5 MILE FINAL FOR RUNWAY 24R. NO EVASIVE ACTION TAKEN. N950MP/JBU2273 ALSO REPORTED UAS ACTIVITY IN SAME VCNTY. LAX PD NOTIFIED.",2,2022-02
2022-02-17,CALIFORNIA,OAKLAND,"PRELIM INFO FROM FAA OPS: OAKLAND, CA/UAS INCIDENT/1445P/NORCAL TRACON ADVISED , CESSNA C172, SOL - STS, REPORTED A DARK GRAY UAS FROM THE 10 O'CLOCK POSITION AT 4,000 FEET WHILE SE BOUND AT 1,900 FEET 23 NW OAK. NO EVASIVE ACTION TAKEN. BELVEDERE PD NOTIFIED.",2,2022-02
2022-02-17,CALIFORNIA,LOS ANGELES,"PRELIM INFO FROM FAA OPS: LOS ANGELES, CA/UAS INCIDENT/1608P/LOS ANGELES ATCT ADVISED , A320, MMSD - LAX, REPORTED 2 UAS FROM THE 3 O'CLOCK POSITION WHILE WSW BOUND AT 1,000 FEET 3 ENE LAX. NO EVASIVE ACTION TAKEN. LOS ANGELES ARPT PD NOTIFIED.",2,2022-02
2022-02-17,CALIFORNIA,SACRAMENTO,"PRELIM INFO FROM FAA OPS: SACRAMENTO, CA/UAS INCIDENT/2045P/NORCAL TRACON ADVISED , CESSNA C150, MCC - MCC, REPORTED A UAS WITHIN 400 FEET OF ACFT WHILE N BOUND AT 900 FEET 1 WNW MCC. NO EVASIVE ACTION TAKEN. SACRAMENTO COUNTY SHERIFF NOTIFIED.",2,2022-02
2022-02-18,TENNESSEE,MEMPHIS,"PRELIM INFO FROM FAA OPS: MEMPHIS, TN/UAS INCIDENT/0958C/MEMPHIS ATCT ADVISED , CRJ7, ORD - MEM, REPORTED A SMALL SILVER UAS FROM THE 9 O'CLOCK POSITION WHILE N BOUND AT 2,000 FEET ON 5 MILE FINAL RUNWAY 36R. NO EVASIVE ACTION TAKEN. SOUTHAVEN PD NOTIFIED.",2,2022-02
2022-02-19,INDIANA,INDIANAPOLIS,"PRELIM INFO FROM FAA OPS: INDIANAPOLIS, IN/UAS INCIDENT/1056E/INDIANAPOLIS TRACON ADVISED , EUROCOPTER EC35, REPORTED UAS AT 3 O'CLOCK POSITION AT 2,500 FEET WHILE N BOUND 12 ENE INDIANAPOLIS. NO EVASIVE ACTION TAKEN. LOCAL LEO NOTIFIED.",2,2022-02
2022-02-19,NEVADA,LAS VEGAS,"PRELIM INFO FROM FAA OPS: LAS VEGAS, NV/UAS INCIDENT/1033P/LAS VEGAS TRACON ADVISED , FLIGHT DESIGN FDCT, REPORTED A BLACK UAS 100 FEET BELOW ACFT WHILE NNE BOUND AT 6,500 FEET 1 NE HENDERSON EXECUTIVE. NO EVASIVE ACTION TAKEN. LAW ENFORCEMENT NOT NOTIFIED.",2,2022-02
2022-02-19,CALIFORNIA,LOS ANGELES,"PRELIM INFO FROM FAA OPS: LOS ANGELES, CA/UAS INCIDENT/1136P/LOS ANGELES ATCT ADVISED , B753, ATL - LAX, REPORTED A SILVER UAS FROM THE 12 O'CLOCK POSITION WHILE W BOUND AT 1,600 FEET 6 ENE LAX. NO EVASIVE ACTION TAKEN. LOS ANGELES ARPT PD NOTIFIED.",2,2022-02
2022-02-19,CALIFORNIA,LOS ANGELES,"PRELIM INFO FROM FAA OPS: LOS ANGELES, CA/UAS INCIDENT/1136P/SOCAL TRACON ADVISED , E75L, SFO - LAX, REPORTED A SILVER UAS FROM THE 12 O'CLOCK POSITION WHILE W BOUND AT 1,500 FEET 6 ENE LAX. NO EVASIVE ACTION TAKEN. LOS ANGELES ARPT PD NOTIFIED.",2,2022-02
2022-02-19,CALIFORNIA,LOS ALAMITOS,"PRELIM INFO FROM FAA OPS: LOS ALAMITOS, CA/UAS INCIDENT/1110P/SOCAL TRACON ADVISED , CESSNA C172, REPORTED TWO UAS AT 1 O'CLOCK POSITION AT 2,000 FEET WHILE SSW BOUND 6 ENE LOS ALAMITOS. NO EVASIVE ACTION TAKEN. ORANGE COUNTY SHERIFF NOTIFIED.",2,2022-02
2022-02-19,MISSISSIPPI,OLIVE BRANCH,"PRELIM INFO FROM FAA OPS: OLIVE BRANCH, MS/UAS INCIDENT/1610C/OLIVE BRANCH ATCT ADVISED , CESSNA C172, OLV - OLV, REPORTED A UAS WHILE NW BOUND AT 1,200 FEET 2 NNW OLV. NO EVASIVE ACTION TAKEN. SHELBY COUNTY SHERIFF NOTIFIED.",2,2022-02
2022-02-19,SOUTH DAKOTA,SIOUX FALLS,"PRELIM INFO FROM FAA OPS: SIOUX FALLS, SD/UAS INCIDENT/1627C/SIOUX FALLS ATCT ADVISED , HELO, UNKN - 1SD9, REPORTED UAS WHILE N BOUND AT 2,000 FEET 7 S SIOUX FALLS. NO EVASIVE ACTION TAKEN. LOCAL LAW ENFORCEMENT NOTIFIED. NUMBER NOT PROVIDED.",2,2022-02
2022-02-19,CALIFORNIA,SAN DIEGO,"PRELIM INFO FROM FAA OPS: SAN DIEGO, CA/UAS INCIDENT/1448P/MONTGOMERY ATCT ADVISED , CESSNA C172, REPORTED A BLACK UAS AT 1,400 FEET WHILE E BOUND 1 S MONTGOMERY-GIBBS EXECUTIVE AIRPORT. NO EVASIVE ACTION TAKEN. LEO NOTIFIED.",2,2022-02
2022-02-19,GEORGIA,ATLANTA,"PRELIM INFO FROM FAA OPS: ATLANTA, GA/UAS INCIDENT/1835E/ATLANTA TRACON ADVISED , DASSAULT F900, MCO - PDK, REPORTED A LARGE 4 ROTOR UAS WHILE NW BOUND AT 3,000 FEET 7 SSE PDK. ACFT DESCENDED TO AVOID UAS. HENRY COUNTY PD NOTIFIED.",2,2022-02
2022-02-19,CALIFORNIA,SAN CARLOS,"PRELIM INFO FROM FAA OPS: SAN CARLOS, CA/UAS INCIDENT/1558P/SAN CARLOS FCT ADVISED , SOCATA TBM7, MER - SQL, REPORTED A BLACK UAS FROM THE 11 O'CLOCK POSITION WHILE ESE BOUND AT 1,000 FEET 1 N SAN CARLOS. NO EVASIVE ACTION TAKEN. LEO NOTIFICATION NOT REPORTED.",2,2022-02
2022-02-19,TEXAS,HOUSTON,"PRELIM INFO FROM FAA OPS: HOUSTON, TX/UAS INCIDENT/2035C/HOUSTON ATCT ADVISED , EUROCOPTER AS350, OBSERVED A UAS BELOW ACFT WHILE NORTHBOUND AT 900 FEET 6 SW IAH. NO EVASIVE ACTION TAKEN. LEO NOTIFICATION WAS FROM THE DPS102.",2,2022-02
2022-02-20,PUERTO RICO,SAN JUAN,"PRELIM INFO FROM FAA OPS: SAN JUAN, PUERTO RICO/UAS INCIDENT/1039L/SAN JUAN CERAP ADVISED , PILATUS PC12, ANGUILLA, BRITISH OVERSEAS TERRITORY (TQPF) - SAN JUAN, PUERTO RICO (SJU), REPORTED A SILVER UAS FROM THE 2 O'CLOCK POSITION WHILE WNW BOUND AT 2,400 FEET 3 SSE SAN JUAN. NO EVASIVE ACTION TAKEN. PUERTO RICO PD NOTIFIED. NUMBER NOT PROVIDED.",2,2022-02
2022-02-20,NEW YORK,SYRACUSE,"PRELIM INFO FROM FAA OPS: SYRACUSE, NY/UAS INCIDENT/1203E/NEW YORK ARTCC ADVISED , A320, SYR - PIE, REPORTED A GREEN AND BLACK UAS FROM THE 1 O'CLOCK POSITION WHILE S BOUND AT 11,000 FEET 30 SSW SYRACUSE. NO EVASIVE ACTION TAKEN. PENNSYLVANIA STATE PD NOTIFIED.",2,2022-02
2022-02-20,FLORIDA,ORLANDO,"PRELIM INFO FROM FAA OPS: ORLANDO, FL/UAS INCIDENT/1350E/ORLANDO ATCT ADVISED , B738, SAN JUAN, PUERTO RICO (TJSJ) - MCO, REPORTED A BLACK QUAD-COPTER UAS FROM THE LEFT SIDE WHILE N BOUND AT 1,500 FEET ON 3 MILE FINAL RUNWAY 35R. NO EVASIVE ACTION TAKEN. ORANGE COUNTY SHERIFF AVIATION NOTIFIED.",2,2022-02
2022-02-20,ARKANSAS,LITTLE ROCK,"PRELIM INFO FROM FAA OPS: LITTLE ROCK, AR/UAS INCIDENT/1300C/LITTLE ROCK ATCT ADVISED , EMBRAER E55P, REPORTED A UAS FROM THE 3 O'CLOCK POSITION WHILE N BOUND AT 4,500 FEET 10 WNW LITTLE ROCK. NO EVASIVE ACTION TAKEN. LOCAL LAW ENFORCEMENT NOTIFIED.",2,2022-02
2022-02-20,FLORIDA,ORLANDO,"PRELIM INFO FROM FAA OPS: ORLANDO, FL/UAS INCIDENT/1411E/ORLANDO ATCT ADVISED , A20N, BUF - MCO, OBSERVED A BLACK QUAD-COPTER UAS OFF THE LEFT SIDE WHILE N BOUND AT 1,500 FEET ON 2 MILE FINAL RUNWAY 35R. NO EVASIVE ACTION TAKEN. ORANGE COUNTY POLICE NOTIFIED.",2,2022-02
2022-02-20,FLORIDA,TALLAHASSEE,"PRELIM INFO FROM FAA OPS: TALLAHASSEE, FL/UAS INCIDENT/1520E/TALAHASSEE APPROACH ADVISED , ROBINSON R44, TLH - TLH, OBSERVED A UAS WHILE NORTHEASTBOUND AT 700 FEET, 5 NE TLH (OVER FLORIDA STATE UNIV). NO EVASIVE ACTION REPORTED. FSU PD NOTIFIED.",2,2022-02
2022-02-20,CALIFORNIA,BURBANK,"PRELIM INFO FROM FAA OPS: BURBANK, CA/UAS INCIDENT/1620P/BURBANK ATCT ADVISED , B737, SFO - BUR, REPORTED A UAS OFF RIGHT SIDE WHILE E BOUND AT 700 FEET 1 W BUR. NO EVASIVE ACTION TAKEN. LAPD AIR SUPPORT DIVISION NOTIFIED.",2,2022-02
2022-02-20,NEW YORK,NEW YORK,"PRELIM INFO FROM FAA OPS: NEW YORK, NY/UAS INCIDENT/1954E/LONG ISLAND MAC ARTHUR ATCT, OBSERVED A UAS NORTH OF RUNWAY 24 MOVING EASTBOUND AT APPROXIMATELY 2,000 FEET. POLICE HELO NOTIFIED ON FREQUENCY.",2,2022-02
2022-02-20,FLORIDA,DAYTONA BEACH,"PRELIM INFO FROM FAA OPS: DAYTONA BEACH, FL/UAS INCIDENT/LATE REPORT - 1459E/DAYTONA BEACH ATCT ADVISED , F16, OBSERVED A UAS IN THE VCNYT OF THE DAYTONA 500 RACE AT OR BELOW 2,000 FEET WHILE THE ACFT (FLIGHT OF 6), WAS ON FINAL FOR RUNWAY 25R PREPARING TO PERFORM A CARRIER BREAK OVER THE SPEEDWAY. AIRPORT OPS ADVISED THE LOCAL CONTROLLER THAT VOLUSIA COUNTY SHERIFF DISPATCH ADVISED THEM THE UAS WAS OPERATED BY FOX NEWS AND WERE AWARE OF THE UAS. THERE WAS NO LOSS OR INTERACTION WITH THE UAS AND ANY AIRCRAFT AND THE UAS HAD NO IMPACT ON ANY ARPT OPERATIONS.",2,2022-02
2022-02-21,TEXAS,HOUSTON,"PRELIM INFO FROM FAA OPS: HOUSTON, TX/UAS INCIDENT/1112C/GEORGE BUSH INTERCONTINENTAL ATCT ADVISED , EMBRAER E75L, AIRCRAFT OBSERVED A BLACK UAS OFF THE 12 O'CLOCK POSITION WHILE W BOUND AT 1,600 FEET 6 ENE IAH. NO EVASIVE ACTION TAKEN. IAH AIRPORT PD NOTIFIED.",2,2022-02
2022-02-21,CALIFORNIA,OAKLAND,"PRELIM INFO FROM FAA OPS: OAKLAND, CA/UAS INCIDENT/1724P/OAKLAND ATCT ADVISED , DASSAULT F900, OBSERVED A BLACK UAS AT THE 10 O'CLOCK POSITION WHILE WESTBOUND AT 3,000 FEET 13 E OAKLAND. NO EVASIVE ACTION TAKEN. LEO NOTIFICATION NOT REPORTED.",2,2022-02
2022-02-21,ARIZONA,TUCSON,"PRELIM INFO FROM FAA OPS: TUCSON, AZ/UAS INCIDENT/1945M/TUCSON ATCT ADVISED , LEARJET LJ45, OBSERVED A UAS OVERFLY ACFT WHILE ESE BOUND AT 200 FEET ON SHORT FINAL RUNWAY 11L TUCSON. NO EVASIVE ACTION TAKEN. TUCSON ARPT PD NOTIFIED.",2,2022-02
2022-02-22,ARIZONA,GLENDALE,"PRELIM INFO FROM FAA OPS: GLENDALE, AZ/UAS INCIDENT/1205M/ALBUQUERQUE ARTCC ADVISED , F35, LUF - LUF, REPORTED POSSIBLE UAS AT SAME ALTITUDE WHILE N BOUND AT FL190 49 WNW LUKE AFB. NO EVASIVE ACTION REPORTED. MARICOPA COUNTY SHERIFF NOTIFIED.",2,2022-02
2022-02-22,CALIFORNIA,SAN JOSE,"PRELIM INFO FROM FAA OPS: SAN JOSE, CA/UAS INCIDENT/1211P/SAN JOSE ATCT ADVISED , B737, LGB - SJC, REPORTED 2 WHITE UAS FROM THE RIGHT SIDE WHILE WNW BOUND AT 1,000 FEET ON 7 MILE FINAL RUNWAY 30L. NO EVASIVE ACTION TAKEN. LEO NOTIFICATION NOT REPORTED.",2,2022-02
2022-02-22,CALIFORNIA,LOS ANGELES,"PRELIM INFO FROM FAA OPS: LOS ANGELES, CA/UAS INCIDENT/1305P/LOS ANGELES ATCT ADVISED , A21N, DFW - LAX, REPORTED A BLACK UAS FROM THE 12 O'CLOCK POSITION AT 1,500 FEET WHILE WSW BOUND AT SAME ALTITUDE ON 3 MILE FINAL RUNWAY 24R. NO EVASIVE ACTION TAKEN. POLICE HELO NOTIFIED ON FREQUENCY.",2,2022-02
2022-02-22,TEXAS,WICHITA FALLS,"PRELIM INFO FROM FAA OPS: WICHITA FALLS, TX/UAS INCIDENT/1548C/SHEPPARD AFB ATCT ADVISED , P38, REPORTED UAS OPERATING NEAR DEPARTURE END OF RUNWAY 33L AT 200 FEET. DEPARTING TRAFFIC STOPPED. BASE SECURITY RESPONDING TO AREA.",2,2022-02
2022-02-22,ARIZONA,GLENDALE,"PRELIM INFO FROM FAA OPS: GLENDALE, AZ/UAS INCIDENT/1915M/ALBUQUERQUE ARTCC ADVISED , 2/F35, REPORTED A UAS WHILE NE BOUND AT FL190 61 WNW LUF. NO EVASIVE ACTION TAKEN. YAVAPAI COUNTY SHERIFF NOTIFIED.",2,2022-02
2022-02-22,NEVADA,LAS VEGAS,"PRELIM INFO FROM FAA OPS: LAS VEGAS, NV/UAS INCIDENT/2105P/LAS VEGAS ATCT ADVISED , B737, PDX - LAS, REPORTED A UAS FROM THE 3 O'CLOCK POSITION WHILE S BOUND AT 2,900 FEET ON 2 MILE FINAL RUNWAY 19R. NO EVASIVE ACTION TAKEN. LAS VEGAS METRO PD NOTIFIED.",2,2022-02
2022-02-23,FLORIDA,BROOKSVILLE,"PRELIM INFO FROM FAA OPS: BROOKSVILLE, FL/UAS INCIDENT/1040E/TAMPA APCH ADVISED , BEECH BE9L, PIE - BKV, REPORTED A BLACK/WHITE QUAD-ROTOR UAS FROM THE RIGHT SIDE WHILE N BOUND AT 3,000 FEET 10 WSW BROOKSVILLE. NO EVASIVE ACTION TAKEN. HERNANDO COUNTY SHERIFF NOTIFIED.",2,2022-02
2022-02-23,FLORIDA,FORT MYERS,"CORRECTION INFO (CALLSIGN) FROM FAA OPS: FORT MYERS, FL/UAS INCIDENT/1235E/MIAMI ARTCC ADVISED , MOONEY M20T, REPORTED A BLACK UAS 500-1,000 FEET BELOW ACFT FROM THE 12 O'CLOCK POSITION WHILE NE BOUND AT 13,000 FEET 35 NW RSW. NO EVASIVE ACTION TAKEN. LEE COUNTY SHERIFF NOTIFIED.",2,2022-02
2022-02-23,CALIFORNIA,SAN JOSE,"PRELIM INFO FROM FAA OPS: SAN JOSE, CA/UAS INCIDENT/1323P/SAN JOSE ATCT ADVISED , E75L, LAX - SJC, REPORTED ORANGE AND WHITE UAS AT THE 4 O'CLOCK POSITION WHILE ON 3 MILE FINAL RUNWAY 30L AT 1,100 FEET. NO EVASIVE ACTION REPORTED. LEOS NOT NOTIFIED.",2,2022-02
2022-02-23,ARIZONA,GILA BEND,"PRELIM INFO FROM FAA OPS: GILA BEND, AZ/UAS INCIDENT/1920M/ALBUQUERQUE ARTCC ADVISED , 2/F35, REPORTED A UAS WHILE E BOUND AT FL250 20 S GILA BEND. NO EVASIVE ACTION REPORTED. TOHONO O'ODHAM RESERVATION PD NOTIFIED.",2,2022-02
2022-02-24,SOUTH CAROLINA,COLUMBIA,"PRELIM INFO FROM FAA OPS: COLUMBIA, SC/UAS INCIDENT/1115E/COLUMBIA ATCT ADVISED , VULCANAIR P68, REPORTED A WHITE UAS WHILE SE BOUND AT 1,500 FEET 3 SE CAE. NO EVASIVE ACTION TAKEN. NO LEO NOTIFICATION REPORTED.",2,2022-02
2022-02-24,CALIFORNIA,LOS ANGELES,"PRELIM INFO FROM FAA OPS: LOS ANGELES, CA/UAS INCIDENT/1336P/LOS ANGELES ATCT ADVISED , A35K, DOHA, QATAR (OTHH) - LAX, REPORTED A YELLOW AND ORANGE QUAD-ROTOR UAS FROM THE 3 O'CLOCK POSITION AT 3,000 FEET 8 ENE LAX. NO EVASIVE ACTION TAKEN. LAWA ARPT OPERATIONS NOTIFIED ON FREQUENCY.",2,2022-02
2022-02-24,WASHINGTON,SEATTLE,"PRELIM INFO FROM FAA OPS: SEATTLE, WA/UAS INCIDENT/1700P/SEATTLE TRACON ADVISED , MD11, SDF - BFI, REPORTED A 4 ROTOR UAS 500 FEET ABOVE ACFT WHILE W BOUND AT 2,500 FEET 5 E SEATTLE. NO EVASIVE ACTION TAKEN. PORT OF SEATTLE VIA 911.",2,2022-02
2022-02-24,CALIFORNIA,OAKLAND,"PRELIM INFO FROM FAA OPS: OAKLAND, CA/UAS INCIDENT/2351P/NORCAL TRACON ADVISED , B763, OAK - IND, REPORTED UAS 1,000 FEET ABOVE WHILE W BOUND AT 4,000 FEET 4 W OAKLAND. NO EVASIVE ACTION REPORTED. LAW ENFORCEMENT NOTIFICATION NOT REPORTED.",2,2022-02
2022-02-25,MISSOURI,KANSAS CITY,"PRELIM INFO FROM FAA OPS: KANSAS CITY, MO/UAS INCIDENT/1116C/KANSAS CITY DOWNTOWN ATCT ADVISED , CESSNA C172, MKC - MKC, REPORTED A RED UAS/BALLOON FROM THE 10 O'CLOCK POSITION WHILE W BOUND AT 2,800 FEET 4 ENE MKC. NO EVASIVE ACTION TAKEN. KANSAS CITY PD AVIATION UNIT NOTIFIED.",2,2022-02
2022-02-25,FLORIDA,TAYLOR,"PRELIM INFO FROM FAA OPS: TAYLOR, FL/UAS INCIDENT/1315E/JACKSONVILLE ARTCC ADVISED , PIPER P32R, 
AIRCRAFT OBSERVED A SILVER UAS OFF THE REAR SIDE WHILE S BOUND AT 7,000 FEET 10 S TAYLOR VORTAC. NO EVASIVE ACTION TAKEN. COLUMBIA COUNTY SHERIFF NOTIFIED.",2,2022-02
2022-02-25,CALIFORNIA,LINDEN,"PRELIM INFO FROM FAA OPS: LINDEN, CA/UAS INCIDENT/1120P/STOCKTON ATCT ADVISED , PIPER PA28, OBSERVED A UAS WHILE EASTBOUND AT 1,000 FEET VCNTY LINDEN. NO EVASIVE ACTION REPORTED. NO LEO INFORMATION PROVIDED.",2,2022-02
2022-02-25,ALABAMA,BIRMINGHAM,"PRELIM INFO FROM FAA OPS: BIRMINGHAM, AL/UAS INCIDENT/1429C/BIRMINGHAM ATCT ADVISED , PIPER P28A, REPORTED A WHITE QUAD-ROTOR UAS FROM THE 3 O'CLOCK POSITION WHILE ENE BOUND AT 1,600 FEET VCNTY BHM. NO EVASIVE ACTION TAKEN. NO LEO NOTIFICATION REPORTED.",2,2022-02
2022-02-25,CALIFORNIA,LOS ANGELES,"PRELIM INFO FROM FAA OPS: LOS ANGELES, CA/UAS INCIDENT/1515P/LOS ANGELES ATCT ADVISED , A321, ATL - LAX, REPORTED A WHITE UAS OPERATING AT 500 FEET WHILE ON 3 MILE FINAL FOR RWY 24R. NO EVASIVE ACTION TAKEN. LOS ANGELES WORLD ARPT PD NOTIFIED.",2,2022-02
2022-02-25,CALIFORNIA,SANTA ANA,"PRELIM INFO FROM FAA OPS: SANTA ANA, CA/UAS INCIDENT/1628P/JOHN WAYNE ATCT ADVISED , GULFSTREAM GALX, REPORTED UAS WHILE S BOUND AT 2,300 FEET 7 N SANTA ANA. NO EVASIVE ACTION REPORTED. JOHN WAYNE ARPT PD NOTIFIED.",2,2022-02
2022-02-26,IOWA,DAVENPORT,"PRELIM INFO FROM FAA OPS: DAVENPORT, IA/UAS INCIDENT/1038C/QUAD CITIES ATCT ADVISED , EUROCOPTER EC-135, REPORTED A UAS FROM THE 8 O'CLOCK POSITION WHILE NW BOUND AT 1,300 FEET 20 S DAVENPORT VORTAC. NO EVASIVE ACTION TAKEN. BETTENDORF PD NOTIFIED.",2,2022-02
2022-02-26,FLORIDA,BOCA RATON,"PRELIM INFO FROM FAA OPS: BOCA RATON, FL/UAS INCIDENT/1404E/PALM BEACH ATCT ADVISED , DASSAULT F2TH, BED - BCT, OBSERVED A UAS WHILE ON FINAL TO BCT AT 2,00 FEET 5 NW BCT. NO EVASIVE ACTION TAKEN. LOCAL PD NOTIFIED.",2,2022-02
2022-02-26,NEW JERSEY,SEA ISLE CITY,"PRELIM INFO FROM FAA OPS: SEA ISLE CITY, NJ/UAS INCIDENT/1616E/NEW YORK ARTCC ADVISED , E190, JFK - MCO, REPORTED STRUCK AN UNKNOWN OBJECT, POSSIBLY A BALLOON, WHILE SOUTHBOUND AT FL340 VCNTY SEA ISLE VORTAC. NO EVASIVE ACTION REPORTED. NO LEO NOTIFICATION.",2,2022-02
2022-02-26,CALIFORNIA,DANA POINT,"PRELIM INFO FROM FAA OPS: DANA POINT, CA/UAS INCIDENT/1335P/SANTA ANA ATCT ADVISED , BEECH BE35, REPORTED A JET PAC 1 NW DANA POINT. NO EVASIVE ACTION TAKEN. NO LEO NOTIFICATION PROVIDED.",2,2022-02
2022-02-26,NEVADA,LAS VEGAS,"PRELIM INFO FROM FAA OPS: LAS VEGAS, NV/UAS INCIDENT/1400P/LAS VEGAS ATCT ADVISED , HELICOPTER, REPORTED A BLACK UAS WHILE S BOUND AT 3,000 FEET 2 NNW LAS VEGAS. NO EVASIVE ACTION TAKEN. LAS METRO PD NOTIFIED.",2,2022-02
2022-02-27,MASSACHUSETTS,BOSTON,"PRELIM INFO FROM FAA OPS: BOSTON, MA/UAS INCIDENT/0940E/BOSTON ATCT ADVISED , B39M, BOS - DEN, REPORTED A FIX-WING TYPE UAS 100 FEET OVER THE APPROACH END OF RUNWAY 22L. NO EVASIVE ACTION TAKEN. ARPT RUNWAY OPERATIONS CHANGED TO RUNWAY 27 TO DECONFLICT WITH UAS. MASSACHUSETTS STATE POLICE NOTIFIED.",2,2022-02
2022-02-27,MASSACHUSETTS,BOSTON,"PRELIM INFO FROM FAA OPS: BOSTON, MA/UAS INCIDENT/0940E/BOSTON ATCT ADVISED , BCS3, RSW - BOS, REPORTED A FIX-WING TYPE UAS 100 FEET OVER THE APPROACH END OF RUNWAY 22L. NO EVASIVE ACTION TAKEN. ARPT RUNWAY OPERATIONS CHANGED TO RUNWAY 27 TO DECONFLICT WITH UAS. MASSACHUSETTS STATE POLICE NOTIFIED.",2,2022-02
2022-02-27,FLORIDA,STUART,"PRELIM INFO FROM FAA OPS: STUART, FL/UAS INCIDENT/1100E/WITHAM FIELD FCT ADVISED , CESSNA C68A, PVD - SUA, REPORTED A WHITE QUAD-COPTER UAS OFF THE RIGHT SIDE WHILE ESE BOUND AT 500 FEET SHORT FINAL RUNWAY 12. NO EVASIVE ACTION TAKEN. AIRPORT OPERATIONS NOTIFIED.",2,2022-02
2022-02-27,FLORIDA,FORT LAUDERDALE,"PRELIM INFO FROM FAA OPS: FORT LAUDERDALE, FL/UAS INCIDENT/1106E/FORT LAUDERDALE ATCT ADVISED , A321, DFW - FLL, REPORTED A BLACK UAS WHILE SE BOUND AT 1,500 FEET 6 W FLL. NO EVASIVE ACTION TAKEN. BROWARD COUNTY SHERIFF OFFICE NOTIFIED.",2,2022-02
2022-02-27,FLORIDA,MIAMI,"PRELIM INFO FROM FAA OPS: MIAMI, FL/UAS INCIDENT/1257E/MIAMI TRACON ADVISED , E145, DAL - MIA, REPORTED A WHITE UAS WHILE E BOUND AT 2,100 FEET 9 W MIA. NO EVASIVE ACTION TAKEN. MIAMI-DADE PD NOTIFIED.",2,2022-02
2022-02-27,LOUISIANA,WINNFIELD,"PRELIM INFO FROM FAA OPS: WINNFIELD, LA/UAS INCIDENT/1340C/FORT WORTH ARTCC ADVISED , TEX2, REPORTED A SMALL BLACK UAS OFF 500 FEET BELOW AND OFFF THE RIGHT OF ACFT WHILE WSW BOUND AT 17,500 FEET 20 WNW SAWMILL VOR. NO EVASIVE ACTION TAKEN. PARISH SHERIFF NOTIFIED.",2,2022-02
2022-02-27,ARIZONA,PHOENIX,"PRELIM INFO FROM FAA OPS: PHOENIX, AZ/UAS INCIDENT/1411M/PHOENIX-MESA ATCT ADVISED , CESSNA C172, NYL - IWA, REPORTED A WHITE UAS AT THE 9 O'CLOCK POSITION WHILE NW BOUND AT 1,900 FEET 2 S IWA. NO EVASIVE ACTION TAKEN. MARICOPA COUNTY SHERIFF NOTIFIED.",2,2022-02
2022-02-27,CALIFORNIA,BURBANK,"PRELIM INFO FROM FAA OPS: BURBANK, CA/UAS INCIDENT/1514P/BURBANK ATCT ADVISED , A320, PHX - BUR, REPORTED UAS AT THE 12 O'CLOCK POSITION 400 FEET BELOW ACFT WHILE E BOUND AT 3,000 FEET 5 W BURBANK. NO EVASIVE ACTION REPORTED. LEO NOT NOTIFIED.",2,2022-02
2022-02-28,TENNESSEE,MEMPHIS,"PRELIM INFO FROM FAA OPS: MEMPHIS, TN/UAS INCIDENT/1051C/MEMPHIS TRACON ADVISED , BEECH BE58, UCY - MEM, REPORTED A WHITE UAS AT THE 12 O'CLOCK POSITION WHILE W BOUND AT 1,500 FEET 1 W MEM. NO EVASIVE ACTION TAKEN. MEMPHIS ARPT PD NOTIFIED.",2,2022-02
2022-02-28,MISSISSIPPI,OLIVE BRANCH,"PRELIM INFO FROM FAA OPS: OLIVE BRANCH, MS/UAS INCIDENT/1754C/MEMPHIS TRACON ADVISED , CESSNA C182, REPORTED A WHITE UAS AT 1,700 FEET WHILE NNE BOUND 3 N OLIVE BRANCH. NO EVASIVE ACTION TAKEN. SHELBY COUNTY SHERIFF NOTIFIED.",2,2022-02
2022-02-28,TEXAS,HOUSTON,"PRELIM INFO FROM FAA OPS: HOUSTON, TX/UAS INCIDENT/1759C/HOUSTON ATCT ADVISED , E75L, MSP - IAH, REPORTED LARGE SILVER UAS 300 FEET BELOW ACFT WHILE ON 5 MILE FINAL RUNWAY 8L AT 1,800 FEET. NO EVASIVE ACTION REPORTED. HOUSTON PD NOTIFIED.",2,2022-02
2022-03-01,MINNESOTA,MINNEAPOLIS,"PRELIM INFO FROM FAA OPS: MINNEAPOLIS, MN/UAS INCIDENT/0111C/C-ROC ADVISED CITIZEN REPORTED UAS OPERATING AT APPROXIMATELY 1,100 FEET 3.4 ESE MSP. NO ACFT INVOLVED. LEO NOTIFICATION NOT REPORTED. MSP TRACON NOTIFIED. NO IMPACT TO OPERATIONS.",3,2022-03
2022-03-01,FLORIDA,ORLANDO,"PRELIM INFO FROM FAA OPS: ORLANDO, FL/UAS INCIDENT/1223E/CENTRAL FLORIDA TRACON ADVISED , A321, CLT - MCO, REPORTED A UAS FROM THE 9 O'CLOCK POSITION 700 FEET BELOW ACFT WHILE N BOUND AT 3,500 FEET 15 S MCO. NO EVASIVE ACTION TAKEN. OSCEOLA COUNTY SHERIFF NOTIFIED.",3,2022-03
2022-03-01,ARIZONA,GLENDALE,"PRELIM INFO FROM FAA OPS: GLENDALE, AZ/UAS INCIDENT/1115M/ALBUQUERQUE ARTCC ADVISED , 2/F35, OBSERVED A BLUE/GREEN UAS WHILE SOUTHBOUND AT FL360 6 SSW GLENDALE. NO EVASIVE ACTION TAKEN. MARICOPA COUNTY SHERIFF NOTIFIED.",3,2022-03
2022-03-01,TEXAS,HOUSTON,"PRELIM INFO FROM FAA OPS: HOUSTON, TX/UAS INCIDENT/1344C/HOUSTON APCH ADVISED , B789, LONDON, UNITED KINGDOM (EGLL) - IAH, REPORTED A BLACK UAS OFF THE LEFT SIDE WHILE W BOUND AT 1,100 FEET 4 E IAH. NO EVASIVE ACTION TAKEN. LEO NOT NOTIFIED.",3,2022-03
2022-03-01,NEW YORK,NEW YORK,"PRELIM INFO FROM FAA OPS: NEW YORK, NY/UAS INCIDENT/1628E/NEW YORK TRACON ADVISED , B737, MCO - LGA, REPORTED BLACK UAS WHILE NE BOUND AT 3,500 FEET 2 SW LGA. NO EVASIVE ACTION REPORTED. NYPD AVIATION UNIT NOTIFIED.",3,2022-03
2022-03-01,ILLINOIS,CHICAGO,"PRELIM INFO FROM FAA OPS: /UAS INCIDENT/1548E/CHICAGO TRACON ADVISED , CRJ7, ASE - ORD, OBSERVED A WHITE UAS AT THE 11 O'CLOCK POSITION WHILE EASTBOUND AT 3,000 FEET 7 W ORD. NO EVASIVE ACTION TAKEN. SCHAUMBURG PD NOTIFIED.",3,2022-03
2022-03-01,NEVADA,LAS VEGAS,"PRELIM INFO FROM FAA OPS: LAS VEGAS, NV/UAS INCIDENT/1415P/LAS VEGAS TRACON ADVISED , A319, BUR - LAS, REPORTED A BLACK UAS OFF THE RIGHT SIDE WHILE E BOUND AT 11,000 FEET 5 SW LAS. NO EVASIVE ACTION TAKEN. LEO NOTIFICATION NOT REPORTED.",3,2022-03
2022-03-01,ARIZONA,MESA,"PRELIM INFO FROM FAA OPS: MESA, AZ/UAS INCIDENT/1745M/MESA ATCT ADVISED , CESSNA C172, REPORTED A RED UAS FROM THE 3 O'CLOCK POSITION WHILE W BOUND AT 2,600 FEET 6 E FALCON FIELD. NO EVASIVE ACTION TAKEN. MESA PD HELO NOTIFIED ON FREQUENCY.",3,2022-03
2022-03-01,ARIZONA,PHOENIX,"PRELIM INFO FROM FAA OPS: PHOENIX, AZ/UAS INCIDENT/1828M/PHOENIX TRACON ADVISED , CESSNA C172, REPORTED A DARK COLORED UAS 100 FEET BELOW ACFT FROM THE 9 O'CLOCK POSITION WHILE N BOUND AT 5,000 FEET 1 SE PHOENIX. NO EVASIVE ACTION TAKEN. PHOENIX ARPT PD NOTIFIED.",3,2022-03
2022-03-02,NORTH CAROLINA,DURHAM,"PRELIM INFO FROM FAA OPS: RALEIGH/DURHAM, NC/UAS INCIDENT/1634E/RALEIGH-DURHAM ATCT ADVISED , CESSNA C560, RDU - RDU, REPORTED A UAS 500 FEET BELOW THE 3 O'CLOCK POSITION WHILE SW BOUND AT 2,000 FEET 9 NE RDU. NO EVASIVE ACTION TAKEN. WAKE COUNTY SHERIFF NOTIFIED.",3,2022-03
2022-03-02,FLORIDA,MIAMI,"PRELIM INFO FROM FAA OPS: MIAMI, FL/UAS INCIDENT/1632E/OPA LOCKA FCT ADVISED , HAWKER H25B, OPF - NASSAU, BAHAMAS (MYNN), REPORTED A UAS WHILE E BOUND 1,600 FEET 4.5 N OPF. NO EVASIVE ACTION TAKEN. MIAMI DADE AVIATION UNIT TO BE NOTIFIED.",3,2022-03
2022-03-02,LOUISIANA,SHREVEPORT,"PRELIM INFO FROM FAA OPS: SHREVEPORT, LA/UAS INCIDENT/1435C/SHREVEPORT ATCT ADVISED , SOCATA TBM7, SAT - DTN, REPORTED A UAS 500 FEET BELOW THE 4 O'CLOCK POSITION WHILE NE BOUND AT 2,500 FEET 4 NW DTN. NO EVASIVE ACTION TAKEN. SHREVEPORT PD NOTIFIED.",3,2022-03
2022-03-02,NEVADA,RENO,"PRELIM INFO FROM FAA OPS: RENO, NV/UAS INCIDENT/1549P/RENO ATCT ADVISED , C130, OBSERVED A WHITE-COLOR UAS WHILE SOUTHWEST BOUND AT 7,000 FEET, 2 SSW RENO. UAS CAME WITHIN 100 FEET OF ACFT. NO EVASIVE ACTION REPORTED. NO LEO NOTIFICATION PROVIDED.",3,2022-03
2022-03-02,WASHINGTON,SEATTLE,"PRELIM INFO FROM FAA OPS: SEATTLE, WA/UAS INCIDENT/1550P/SEATTLE TRACON ADVISED , B737, KETCHIKAN, ALASKA (PAKT) - SEA, REPORTED A RED & WHITE UAS 200 FEET BELOW ACFT FROM THE 9 O'CLOCK POSITION WHILE SSE BOUND AT 4,800 FEET 14 NNW SEATTLE. NO EVASIVE ACTION TAKEN. KING COUNTY SHERIFF NOTIFIED.",3,2022-03
2022-03-02,MISSOURI,JEFFERSON CITY,"PRELIM INFO FROM FAA OPS: JEFFERSON CITY, MO/LASER INCIDENT/1900C/JEFFERSON CITY (JEF) ATCT ADVISED , CESSNA C177, OBSERVED A QUAD-COPTER UAS 200 FEET BELO WHILE SOUTHEAST BOUND AT 1,000 FEET, 1.25 W JEF. NO EVASIVE ACTION REPORTED. NO LEO NOTIFICATION PROVIDED.",3,2022-03
2022-03-02,MASSACHUSETTS,WORCESTER,"PRELIM INFO FROM FAA OPS: WORCESTER, MA/UAS INCIDENT/2152E/WORCESTER FCT ADVISED A UAS WAS OBSERVED OPERATING VCNTY RWY29 APPROACH END. BRADLEY TRACON (Y90) COULD NOT OBSERVED ANYTHING ON RADAR. UAS SUBSEQUENTLY FLEW PAST THE TOWER. NO IMPACT TO OPS. NO LEO REPORT PROVIDED.",3,2022-03
2022-03-03,PUERTO RICO,SAN JUAN,"PRELIM INFO FROM FAA OPS: SAN JUAN, PUERTO RICO/UAS INCIDENT/0930L/SAN JUAN ATCT ADVISED , A320, MCO - SAN JUAN, PUERTO RICO (SJU), REPORTED A WHITE UAS 100 FEET FROM THE 3 O'CLOCK POSITION WHILE N BOUND AT 500 FEET 1 W SJU. NO EVASIVE ACTION TAKEN. SAN JUAN ARPT PD NOTIFIED.",3,2022-03
2022-03-03,TEXAS,SAN ANTONIO,"PRELIM INFO FROM FAA OPS: SAN ANTONIO, TX/UAS INCIDENT/1130C/SAN ANTONIO ATCT ADVISED , DOUGLAS DC3T, REPORTED A RED DRONE FROM12 O'CLOCK WHILE NW BOUND AT 12,000 FEET 18 S SAT AT 12,000 FEET. NO EVASIVE ACTION REPORTED. SAN ANTONIO PD NOTIFIED.",3,2022-03
2022-03-03,CALIFORNIA,BURBANK,"PRELIM INFO FROM FAA OPS: BURBANK, CA/UAS INCIDENT/1003P/BURBANK ATCT ADVISED , ROBINSON R44, REPORTED UAS WITHIN 10 FEET OF ACFT WHILE E BOUND AT 1,800 FEET. NO EVASIVE ACTION TAKEN. UAS VACATED AREA AFTER SIGHTING.",3,2022-03
2022-03-04,WEST VIRGINIA,HUNTINGTON,"PRELIM INFO FROM FAA OPS: HUNTINGTON, WV/UAS INCIDENT/0730E/HUNTINGTON ATCT ADVISED , PIPER PA32, FOSTORIA, OH - CDK, REPORTED A UAS FROM THE 3 O'CLOCK POSITION WHILE S BOUND AT 8,000 FEET 23 SSW HTS. NO EVASIVE ACTION TAKEN. GREENUP COUNTY EMERGENCY SERVICES NOTIFIED.",3,2022-03
2022-03-04,NEW HAMPSHIRE,MANCHESTER,"PRELIM INFO FROM FAA OPS: MANCHESTER, NH/UAS INCIDENT/1025E/BOSTON APCH ADVISED , H60, REPORTED A ORANGE UAS 500 FEET BELOW ACFT WHILE ENE BOUND AT 3,500 FEET 6 NE MHT. NO EVASIVE ACTION TAKEN. NO LEO NOTIFICATION.",3,2022-03
2022-03-04,FLORIDA,ORLANDO,"PRELIM INFO FROM FAA OPS: ORLANDO, FL/UAS INCIDENT/1135E/ORLANDO ATCT ADVISED , B738, AUS - MCO, REPORTED A BLACK UAS 600 FEET BELOW RIGHT SIDE WHILE N BOUND AT 1,000 FEET 5 S MCO. NO EVASIVE ACTION TAKEN. ORANGE COUNTY SHERIFF NOTIFIED.",3,2022-03
2022-03-04,FLORIDA,ORLANDO,"PRELIM INFO FROM FAA OPS: ORLANDO, FL/UAS INCIDENT/1147E/ORLANDO ATCT ADVISED , A320, PONCE, PUERTO RICO (TJPS) - MCO, REPORTED A BLACK UAS 600 FEET BELOW RIGHT SIDE WHILE N BOUND AT 1,000 FEET 5 S MCO. NO EVASIVE ACTION TAKEN. ORANGE COUNTY SHERIFF NOTIFIED.",3,2022-03
2022-03-04,TEXAS,LONGVIEW,"PRELIM INFO FROM FAA OPS: LONGVIEW, TX/UAS INCIDENT/1120C/C-ROC ADVISED , BEECH BE40, REPORTED A UAS 200 FEET BELOW ACFT WHILE MANEUVERING AT 2,200 FEET 3.5 NW LONGVIEW. NO EVASIVE ACTION TAKEN. GREGG COUNTY SHERIFF NOTIFIED.",3,2022-03
2022-03-04,FLORIDA,NAPLES,"PRELIM INFO FROM FAA OPS: NAPLES, FL/UAS INCIDENT/1555E/FORT MYERS ATCT ADVISED , EMBRAER E550, ILG - APF, REPORTED A BLACK UAS FROM THE 2 O'CLOCK POSITION WHILE SW BOUND AT 4,000 FEET 9 E CYPRESS VOR. NO EVASIVE ACTION TAKEN. COLLIER COUNTY SHERIFF NOTIFIED.",3,2022-03
2022-03-05,OHIO,WARREN,"PRELIM INFO FROM FAA OPS: YOUNGSTOWN/WARREN, OH/UAS INCIDENT/0940E/YOUNGSTOWN ATCT ADVISED , CESSNA C208, YNG - NQA, REPORTED A BLACK/RED UAS WHILE W BOUND AT 2,500 FEET 3 W YNG. NO EVASIVE ACTION TAKEN. YOUNGSTOWN AIR RESERVE SECURITY NOTIFIED.",3,2022-03
2022-03-05,GEORGIA,MACON,"PRELIM INFO FROM FAA OPS: MACON, GA/UAS INCIDENT/1532E/MCN ATCT ADVISED , CESSNA C172, REPORTED UAS QUADCOPTER HOOVERING APPROXIMATELY 200 FEET BELOW WHILE ON FINAL APPROACH TO RWY14 . NO EVASIVE ACTIONS TAKEN. BIBB COUNTY SHERIFF OFFICE NOTIFIED..",3,2022-03
2022-03-05,MISSOURI,ST. LOUIS,"PRELIM INFO FROM FAA OPS: ST. LOUIS, MO/UAS INCIDENT/1555C/ST LOUIS GATEWAY TRACON ADVISED , 2/F15 REPORTED A BLACK UAS WITH RED AND BLUE FLASHING LIGHTS 1OO FEET DIRECTLY ABOVE 7 ENE CARDINAL DME, WHILE WSW BOUND. NO EVASIVE ACTION TAKEN. BETHALTO PD AND ST LOUIS COUNTY POLICE COMMAND CENTER WERE NOTIFIED.",3,2022-03
2022-03-05,NORTH CAROLINA,CHARLOTTE,"PRELIM INFO FROM FAA OPS: CHARLOTTE, NC/UAS INCIDENT/1650E/CHARLOTTE TRACON ADVISED , B738, CLT - RIC, REPORTED A RED UAS WHILE SE BOUND AT 2,000 FEET 5 SSE CLT. NO EVASIVE ACTION TAKEN. DRONE COORDINATION CENTER NOTIFIED.",3,2022-03
2022-03-05,MAINE,AUGUSTA,"PRELIM INFO FROM FAA OPS: AUGUSTA, ME/UAS INCIDENT/1833E/PORTLAND ATCT ADVISED , H60, REPORTED UAS AT THE 3 O'CLOCK POSITION WHILE WSW BOUND AT 2,500 FEET 19 E AUGUSTA. NO EVASIVE ACTION REPORTED. LEO NOT NOTIFIED.",3,2022-03
2022-03-05,CALIFORNIA,LOS ANGELES,"PRELIM INFO FROM FAA OPS: LOS ANGELES, CA/UAS INCIDENT/1546P/LAX ATCT ADVISED , B77W, PARIS, FRANCE (LFPG) - LAX, REPORTED A BLUE UAS AT THE 3 O'CLOCK POSITION WHILE ON 1.5 MILE FINAL RUNWAY 24R AT 1,100 FEET. NO EVASIVE ACTION REPORTED. LAWA PD NOTIFIED.",3,2022-03
2022-03-06,FLORIDA,MIAMI,"PRELIM INFO FROM FAA OPS: MIAMI, FL/UAS INCIDENT/1432E/MIAMI-OPA LOCKA ATCT ADVISED , SOCATA TBM7, CONROE NORTH HOUSTON REGIONAL ARPT, TX (CXO) - MIAMI-OPA LOCKA EXECUTIVE ARPT, FL (OPF), REPORTED A RED UAS AT THE 10 O'CLOCK POSITION WHILE E BOUND AT 1,500 FEET 5 W OPF. NO EVASIVE ACTION TAKEN. MIAMI-DADE PD NOTIFIED.",3,2022-03
2022-03-06,ARIZONA,GOODYEAR,"PRELIM INFO FROM FAA OPS: GOODYEAR, AZ/UAS INCIDENT/1820M/PHOENIX TRACON ADVISED , PIPER P28A, BUR - CHD, REPORTED SMALL WHITE UAS AT THE 9 O'CLOCK POSITION WHILE ESE BOUND 4,500 FEET 2 SW GOODYEAR. NO EVASIVE ACTION REPORTED. PHX ARPT PD NOTIFIED.",3,2022-03
2022-03-06,NEVADA,LAS VEGAS,"PRELIM INFO FROM FAA OPS: LAS VEGAS, NV/UAS INCIDENT/1710P/LAS VEGAS ATCT ADVISED , HELO, REPORTED A UAS WHILE N BOUND AT 2,500 FEET 1 E LAS VEGAS. NO EVASIVE ACTION TAKEN. METRO 5 NOTIFIED GROUND UNITS ON FREQUENCY AND WAS ABLE TO APPREHEND THE OPERATOR.",3,2022-03
2022-03-06,ILLINOIS,CHICAGO,"PRELIM INFO FROM FAA OPS: CHICAGO, IL/UAS INCIDENT/1944C/CHICAGO TRACON ADVISED , CESSNA C172, JOT - JOT, REPORTED A UAS WHILE S BOUND AT 2,000 FEET 8 NE MDW. NO EVASIVE ACTION TAKEN. LEO NOTIFICATION NOT REPORTED.",3,2022-03
2022-03-06,CALIFORNIA,MODESTO,"PRELIM INFO FROM FAA OPS: MODESTO, CA/UAS INCIDENT/1822P/MODESTO FCT ADVISED , EXPERIMENTAL VAN'S RV4, WHILE ON TWY, REPORTED FIXED WING UAS OPERATING AT 300 FEET 1 E MODESTO. NO IMPACT TO OPERATION. MODESTO PD NOTIFIED.",3,2022-03
2022-03-07,TEXAS,FORT WORTH,"PRELIM INFO FROM FAA OPS: FORT WORTH, TX/UAS INCIDENT/1701C/FORT WORTH SPINKS ATCT ADVISED , PIPER PA46, REPORTED A UAS 100 FEET ABOVE ACFT WHILE N BOUND AT 200 FEET 1 S FWS. NO EVASIVE ACTION TAKEN. BURLESON PD NOTIFIED.",3,2022-03
2022-03-08,PENNSYLVANIA,PHILADELPHIA,"PRELIM INFO FROM FAA OPS: PHILADELPHIA, PA/UAS INCIDENT/1352E/E-ROC ADVISED UAS LOST CONNECTIVITY WITH OPERATOR AT 200 FEET RESULTING IN ACCIDENT. UAS CRASHED ONTO FRONT HOOD OF UNOCCUPIED VEHICLE IN VACANT PARKING LOT. NO INJURIES REPORTED.",3,2022-03
2022-03-08,TEXAS,SAN ANTONIO,"CORRECTION INFO FROM FAA OPS: SAN ANTONIO, TX/UAS INCIDENT/1716C/SAN ANTONIO ATCT ADVISED , BOMBARDIER CL35, REPORTED A UAS FROM THE 12 O'CLOCK POSITION WHILE NE BOUND AT 3,500 FEET 13 SSW SAT. NO EVASIVE ACTION TAKEN. SAN ANTONIO PD NOTIFIED.",3,2022-03
2022-03-08,CALIFORNIA,LOS ANGELES,"PRELIM INFO FROM FAA OPS: LOS ANGELES, CA/UAS INCIDENT/1555P/LOS ANGELES ATCT ADVISED , A359, STOCKHOLM, SWEDEN (ESSA) - LAX, REPORTED A SILVER UAS FROM THE RIGHT SIDE WHILE WSW BOUND AT 2,500 FEET 8 WNW LAX. NO EVASIVE ACTION TAKEN. LAWA NOTIFIED.",3,2022-03
2022-03-09,MISSOURI,SPRINGFIELD,"PRELIM INFO FROM FAA OPS: SPRINGFIELD, MO/UAS INCIDENT/LATE REPORT - 0920C/SPRINGFIELD ATCT ADVISED , BE58, REPORTED SPOTTING A DJI PHANTOM TYPE UAS BETWEEN 3,400 AND 3,800 FEET. NO EVASIVE ACTION TAKEN. BOONE COUNTY SHERIFF NOTIFIED.",3,2022-03
2022-03-09,NORTH CAROLINA,WILMINGTON,"PRELIM INFO FROM FAA OPS: WILMINGTON, NC/UAS INCIDENT/1153E/WILMINGTON ATCT ADVISED , E2, REPORTED GREY QUAD COPTER UAS AT SAME ALTITUDE WHILE W BOUND AT 800 FEET 2 E WILMINGTON. NO EVASIVE ACTION REPORTED. 911 NOTIFIED.",3,2022-03
2022-03-09,FLORIDA,WEST PALM BEACH,"PRELIM INFO FROM FAA OPS: WEST PALM BEACH, FL/UAS INCIDENT/1425E/PALM BEACH ATCT ADVISED , BOMBARDIER CL35, TPA - PBI, REPORTED A UAS WHILE E BOUND ON 3 MILE FINAL FOR RUNWAY 10L. NO EVASIVE ACTION TAKEN. PALM BEACH SHERIFF OFFICE NOTIFIED.",3,2022-03
2022-03-09,VIRGINIA,LYNCHBURG,"PRELIM INFO FROM FAA OPS: LYNCHBURG, VA/UAS INCIDENT/1939E/WASHINGTON ARTCC ADVISED , RAYTHEON H25, TEB - PDK, OBSERVED A UAS WHILE SOUTHBOUND AT FL400 10 N LYNCHBURG. ACFT DESCRIBED UAS AS A ""UFO WITH A LINE OF STATIONARY STROBE LIGHTS ABOVE"". NO EVASIVE ACTION REPORTED. NO LEO NOTIFICATION PROVIDED.",3,2022-03
2022-03-10,OKLAHOMA,TULSA,"PRELIM INFO FROM FAA OPS: TULSA, OK/UAS INCIDENT/1210C/TULSA ATCT ADVISED , GULFSTREAM G280, PWK - TUL, REPORTED UAS AT THE 1 O'CLOCK POSITION 700 FEET BELOW ACFT WHILE N BOUND AT 1,100 FEET 4 W TULSA. NO EVASIVE ACTION REPORTED. NO LAW ENFORCEMENT NOTIFIED.",3,2022-03
2022-03-10,MASSACHUSETTS,BOSTON,"PRELIM INFO FROM FAA OPS: BOSTON, MA/UAS INCIDENT/1935E/BOSTON TRACON ADVISED , E75S, BOS - BNA, REPORTED UAS AT 11 O'CLOCK POSITION 500 FEET ABOVE WHILE E BOUND AT 3,000 FEET 5 SE BOSTON. NO EVASIVE ACTION TAKEN. MASSACHUSETTS STATE POLICE NOTIFIED.",3,2022-03
2022-03-11,NEW YORK,NEW YORK,"PRELIM INFO FROM FAA OPS: NEW YORK, NY/UAS INCIDENT/1746E/NEW YORK TRACON ADVISED , A320, ATL - LGA, REPORTED A BLACK UAS WHILE NE BOUND AT 4,000 FEET 6 WSW LGA. NO EVASIVE ACTION TAKEN. NYPD AVIATION UNIT NOTIFIED.",3,2022-03
2022-03-11,NEW JERSEY,TETERBORO,"PRELIM INFO FROM FAA OPS: TETERBORO, NJ/UAS INCIDENT/1707E/NEW YORK TRACON ADVISED , CRJ7, TORONTO, CANADA (CYYZ) - EWR, REPORTED A RED AND BLACK UAS WHILE SE BOUND AT 5,000 FEET 8 N TEB. NO EVASIVE ACTION TAKEN. NJ HOMELAND SECURITY NOTIFED.",3,2022-03
2022-03-11,CALIFORNIA,OAKLAND,"CORRECTION INFO (EVENT TYPE) FROM FAA OPS: OAKLAND, CA/UAS INCIDENT/1540P/NORCAL TRACON ADVISED , CIRRUS SR22, REPORTED UAS AT 12 O'CLOCK POSITION AT 3,500 FEET WHILE E BOUND 19 ESE OAKLAND. NO EVASIVE ACTION TAKEN. ALAMEDA COUNTY SHERIFF NOTIFIED.",3,2022-03
2022-03-11,ARIZONA,PRESCOTT,"PRELIM INFO FROM FAA OPS: PRESCOTT, AZ/UAS INCIDENT/1705M/PRESCOTT ATCT ADVISED , DIAMOND DA42, REPORTED UAS AT 5,600 FEET WHILE NNE BOUND 1-2 SW PRESCOTT. NO EVASIVE ACTION TAKEN. LEO NOTIFICATION NOT REPORTED.",3,2022-03
2022-03-12,GEORGIA,ATLANTA,"PRELIM INFO FROM FAA OPS: ATLANTA, GA/UAS INCIDENT/1342E/ATLANTA TRACON ADVISED , B712, CLT - ATL, REPORTED A UAS AT THE 9 O'CLOCK POSITION WHILE W BOUND AT 2,800 FEET 7 E ATL. NO EVASIVE ACTION TAKEN. CLAYTON COUNTY PD NOTIFIED.",3,2022-03
2022-03-12,NEW YORK,NEW YORK,"PRELIM INFO FROM FAA OPS: NEW YORK, NY/UAS INCIDENT/1451E/JFK ATCT ADVISED , E190, EYW - JFK, REPORTED A UAS 100 FEET BELOW ACFT WHILE NW BOUND AT 2,200 FEET 6 MILE FINAL RUNWAY 31L. NO EVASIVE ACTION TAKEN. NEW YORK PORT AUTHORITY NOTIFIED.",3,2022-03
2022-03-12,FLORIDA,ORLANDO,"PRELIM INFO FROM FAA OPS: ORLANDO, FL/UAS INCIDENT/1558E/CENTRAL FLORIDA TRACON ADVISED , CESSNA C551, OBSERVED A UAS WHILE SOUTHEAST BOUND AT 2,000 FEET 10 NNW ORLANDO. NO EVASIVE ACTION TAKEN. SEMINOLE COUNTY SHERIFF NOTIFIED.",3,2022-03
2022-03-12,CALIFORNIA,SANTA ANA,"PRELIM INFO FROM FAA OPS: SANTA ANA, CA/UAS INCIDENT/1327P/SOCAL TRACON ADVISED , A20N, OAK - SNA, REPORTED A UAS AT THE 3 O'CLOCK POSITION WHILE SSW BOUND AT 3,000 FEET 10 E SNA. NO EVASIVE ACTION TAKEN. ORANGE COUNTY SHERIFF NOTIFIED.",3,2022-03
2022-03-12,IDAHO,BOISE,"PRELIM INFO FROM FAA OPS: BOISE, ID/UAS INCIDENT/1712M/BOISE ATCT ADVISED , CESSNA C172, BOI - BOI, REPORTED UAS WHILE NE BOUND AT 5,000 FEET 10 SW BOI. NO EVASIVE ACTION REPORTED. LEWIS COUNTY SHERIFF NOTIFIED.",3,2022-03
2022-03-12,FLORIDA,FORT LAUDERDALE,"PRELIM INFO FROM FAA OPS: FORT LAUDERDALE, FL/UAS INCIDENT/1750E/MIAMI ARTCC ADVISED , BEECH BE9L, REPORTED A YELLOW UAS FROM 12 O'CLOCK POSITION AT 13,000 FEET WHILE SE BOUND 5 E FORT LAUDERDALE. NO EVASIVE ACTION TAKEN. MIAMI FBI NOTIFIED (NUMBER NOT PROVIDED).",3,2022-03
2022-03-12,NEVADA,LAS VEGAS,"PRELIM INFO FROM FAA OPS: LAS VEGAS, NV/UAS INCIDENT/1827P/HENDERSON EXECUTIVE ATCT ADVISED , HELICOPTER, REPORTED A UAS FROM THE 12 O'CLOCK POSITION WHILE ESE BOUND AT 600 FEET VCNTY HENDERSON EXECUTIVE AIRPORT. NO EVASIVE ACTION TAKEN. LAS VEGAS METROPOLITAN PD NOTIFIED.",3,2022-03
2022-03-13,CONNECTICUT,BRIDGEPORT,"PRELIM INFO FROM FAA OPS: BRIDGEPORT, CT/UAS INCIDENT/1010E/NEW YORK TRACON ADVISED , A320, FLL - HPN, REPORTED A UAS FROM THE 9 O'CLOCK POSITION WHILE W BOUND AT 5,000 FEET 5 S BRIDGEPORT. NO EVASIVE ACTION TAKEN. BRIDGEPORT POLICE NOTIFIED.",3,2022-03
2022-03-13,FLORIDA,ORLANDO,"PRELIM INFO FROM FAA OPS: ORLANDO, FL/UAS INCIDENT/1237E/ORLANDO INTL ATCT ADVISED , DASSAULT FA7X, JKA - MCO, REPORTED A UAS FROM THE RIGHT SIDE WHILE E BOUND AT 800 FEET ON 3.5 MILE FINAL RUNWAY 36L. NO EVASIVE ACTION TAKEN. OCEOLA COUNTY SHERIFF NOTIFIED.",3,2022-03
2022-03-13,ARIZONA,PHOENIX,"PRELIM INFO FROM FAA OPS: PHOENIX, AZ/UAS INCIDENT/1045M/PHOENIX TRACON ADVISED , B739, ATL - DEN, REPORTED A UAS FROM THE 3 O'CLOCK POSITION WHILE W BOUND AT 7,000 FEET 8 NW PHOENIX VORTAC. NO EVASIVE ACTION TAKEN. PHX ARPT PD NOTIFIED.",3,2022-03
2022-03-13,ILLINOIS,CHICAGO,"PRELIM INFO FROM FAA OPS: CHICAGO, IL/UAS INCIDENT/1345C/CHICAGO TRACON ADVISED , E145, ALB - ORD, REPORTED GREEN UAS AT THE 11 O'CLOCK POSITION 300 FEET BELOW ACFT WHILE W BOUND DESCENDING FROM 3,800 FEET 11 E ORD. NO EVASIVE ACTION REPORTED. FBI NOTIFIED.",3,2022-03
2022-03-13,ILLINOIS,CHICAGO,"PRELIM INFO FROM FAA OPS: CHICAGO, IL/UAS INCIDENT/1400C/CHICAGO TRACON ADVISED , B748, FRANKFURT, GERMANY (EDDF) - ORD, REPORTED GREEN UAS AT THE 11 O'CLOCK POSITION 300 FEET BELOW ACFT WHILE W BOUND DESCENDING FROM 3,800 FEET 11 E ORD. NO EVASIVE ACTION REPORTED. FBI NOTIFIED.",3,2022-03
2022-03-13,FLORIDA,JACKSONVILLE,"PRELIM INFO FROM FAA OPS: JACKSONVILLE, FL/UAS INCIDENT/1435E/JACKSONVILLE EXECUTIVE ATCT ADVISED , CIRRUS S22T, LHZ - CRG, REPORTED A BLACK QUADCOPTER WHILE SW BOUND AT 2,000 FEET 4 NE JACKSONVILLE. NO EVASIVE ACTION TAKEN. JACKSONVILLE SHERIFF NOTIFIED.",3,2022-03
2022-03-14,CALIFORNIA,FRESNO,"PRELIM INFO FROM FAA OPS: FRESNO, CA/UAS INCIDENT/0935P/FRESNO ATCT ADVISED , CESSNA C172, REPORTED UAS AT 12 O'CLOCK POSITION 100 FEET ABOVE WHILE NW BOUND AT 6,500 FEET 6 SW FRESNO. NO EVASIVE ACTION TAKEN. CALIFORNIA HIGHWAY PATROL NOTIFIED.",3,2022-03
2022-03-14,FLORIDA,ORMOND BEACH,"PRELIM INFO FROM FAA OPS: ORMOND BEACH, FL/UAS INCIDENT/1240E/DAYTONA BEACH ATCT ADVISED , CESSNA C206, REPORTED A WHITE UAS 800 FEET BELOW ACFT WHILE SSE BOUND AT 3,300 FEET 2 SSE ORMOND BEACH. NO EVASIVE ACTION TAKEN. VOLUSIA COUNTY SHERIFF NOTIFIED.",3,2022-03
2022-03-14,DISTRICT OF COLUMBIA,WASHINGTON,"PRELIM INFO FROM FAA OPS: WASHINGTON, DC/UAS INCIDENT/1335E/WASHINGTON DULLES INTL ATCT ADVISED , BEECH BE58, REPORTED A SILVER UAS AND A BLACK UAS BOTH 1,000 FEET BELOW ACFT WHILE NE BOUND AT 3,000 FEET 5 SE ARMEL VOR. NO EVASIVE ACTION TAKEN.",3,2022-03
2022-03-14,FLORIDA,ORLANDO,"PRELIM INFO FROM FAA OPS: ORLANDO, FL/UAS INCIDENT/1344E/ORLANDO SANFORD INTL ATCT ADVISED , CESSNA C172, CRG - SFB, REPORTED A RED AND PINK UAS FROM THE 12 O'CLOCK POSITION WHILE N BOUND AT 1,000 FEET 3 S ORLANDO SANFORD INTL. NO EVASIVE ACTION TAKEN. SEMINOLE COUNTY SHERIFF NOTIFIED ON FREQUENCY.",3,2022-03
2022-03-14,COLORADO,DENVER,"PRELIM INFO FROM FAA OPS: DENVER, CO/UAS INCIDENT/1220M/DENVER ATCT ADVISED , E75L, OKC - DEN, REPORTED A BLACK UAS AT 9 O'CLOCK POSITION AT 6,600 FEET WHILE N BOUND 4 S DENVER. NO EVASIVE ACTION TAKEN. DENVER ARPT PD NOTIFIED.",3,2022-03
2022-03-14,OHIO,COLUMBUS,"PRELIM INFO FROM FAA OPS: COLUMBUS, OH/UAS INCIDENT/1523E/COLUMBUS ATCT ADVISED , E75L, IAH - CMH, REPORTED A BLACK UAS FROM THE 3 O'CLOCK POSITION WHILE S BOUND AT 5,200 FEET 10 SE CMH. NO EVASIVE ACTION TAKEN. OHIO HIGHWAY STATE PATROL NOTIFIED.",3,2022-03
2022-03-14,CALIFORNIA,SALINAS,"PRELIM INFO FROM FAA OPS: SALINAS, CA/UAS INCIDENT/2130P/NORCAL TRACON ADVISED , CIRRUS S22T, CMA - HWD, REPORTED A WHITE/BLUE/GREEN UAS 100 FEET FROM THE LEFT SIDE WHILE NW BOUND AT 6,500 FEET 27 E SNS. NO EVASIVE ACTION TAKEN. NO LEO NOTIFICATION REPORTED.",3,2022-03
2022-03-15,GEORGIA,ATLANTA,"PRELIM INFO FROM FAA OPS: ATLANTA, GA/UAS INCIDENT/LATE REPORT-0745E/ATLANTA ARTCC ADVISED , A321, ATL - DTW, REPORTED A RED UAS FROM THE 12 O'CLOCK POSITION 50 FEET ABOVE WHILE NNW BOUND AT 1,600 FEET 35 N ATL. NO EVASIVE ACTION TAKEN. CHEROKEE COUNTY SHERIFF NOTIFIED.",3,2022-03
2022-03-15,DISTRICT OF COLUMBIA,WASHINGTON,"PRELIM INFO FROM FAA OPS: WASHINGTON, DC/UAS INCIDENT/0802E/REAGAN WASHINGTON NATIONAL ATCT ADVISED NCRCC REPORTED A UAS LOW LEVEL 2 N DCA. NO EVASIVE ACTION TAKEN. SECRET SERVICE CONFISCATED UAS.",3,2022-03
2022-03-15,DISTRICT OF COLUMBIA,WASHINGTON,"PRELIM INFO FROM FAA OPS: WASHINGTON, DC/UAS INCIDENT/0846E/POTOMAC TRACON ADVISED , B38M, DCA - MCO, REPORTED A QUAD COPTER UAS FROM THE LEFT SIDE WHILE S BOUND AT 1,500 FEET 1.5 S DCA. NO EVASIVE ACTION TAKEN. DC PARK PD NOTIFIED.",3,2022-03
2022-03-15,DISTRICT OF COLUMBIA,WASHINGTON,"PRELIM INFO FROM FAA OPS: WASHINGTON, DC/UAS INCIDENT/1304E/REAGAN WASHINGTON NATIONAL ATCT ADVISED , E75L, PIT - DCA, REPORTED A BLACK UAS FROM THE 11 O'CLOCK POSITION WHILE S BOUND AT 1,700 FEET 6 NW DCA. NO EVASIVE ACTION TAKEN. ARLINGTON COUNTY PD NOTIFIED.",3,2022-03
2022-03-15,PENNSYLVANIA,PHILADELPHIA,"PRELIM INFO FROM FAA OPS: PHILADELPHIA, PA/UAS INCIDENT/1712E/PHILADELPHIA ATCT ADVISED , A21N, CANCUN, MEXICO (MMUN) - PHL, REPORTED A UAS FROM THE 9 O'CLOCK POSITION WHILE N BOUND AT 3,500 FEET 9 ESE PHL. NO EVASIVE ACTION TAKEN. PHILADELPHIA AIRPORT PD NOTIFIED.",3,2022-03
2022-03-16,UTAH,SALT LAKE CITY,"PRELIM INFO FROM FAA OPS: SALT LAKE CITY, UT/UAS INCIDENT/1220M/SALT LAKE CITY TRACON ADVISED , CRJ2, SGU - SLC, REPORTED A BLACK QUADCOPTER UAS FROM 12 O'CLOCK POSITION AT 9,500 FEET WHILE N BOUND 15 S SALT LAKE CITY. NO EVASIVE ACTION TAKEN. SALT LAKE CITY ARPT PD NOTIFIED.",3,2022-03
2022-03-16,VIRGINIA,CHANTILLY,"PRELIM INFO FROM FAA OPS: CHANTILLY, VA/UAS INCIDENT/1532E/POTOMAC TRACON ADVISED , E170, EYW - IAD, REPORTED A UAS FROM THE 12 O'CLOCK POSITION WHILE N BOUND AT 2,000 FEET 7 NE DULLES. NO EVASIVE ACTION TAKEN. LAW ENFORCEMENT NOT NOTIFIED.",3,2022-03
2022-03-16,ARIZONA,PHOENIX,"PRELIM INFO FROM FAA OPS: PHOENIX, AZ/UAS INCIDENT/1252M/PHOENIX ATCT ADVISED , B739, PHX - IAH, REPORTED UAS FROM THE 9 O'CLOCK POSITION WHILE HOLDING SHORT FOR RUNWAY 25R. NO EVASIVE ACTION TAKEN. PHOENIX ARPT PD NOTIFIED. NO IMPACT TO OPERATIONS.",3,2022-03
2022-03-16,MICHIGAN,TRAVERSE CITY,"PRELIM INFO FROM FAA OPS: TRAVERSE CITY, MI/UAS INCIDENT/2212E/MINNEAPOLIS ARTCC ADVISED , HELO, REPORTED LARGE QUADCOPTER UAS OF UNSPECIFIED COLOR WITH A GREEN LIGHT AT 2,000 FEET WHILE NORTHBOUND 40 N TVC (4422.5N/08609.5W). THE UAS LANDED IN A FIELD APPROX 7 N MBL. NO EVASIVE ACTION REPORTED. THE MANISTEE COUNTY SHERIFF'S DEPARTMENT WAS NOTIFIED. LEO PHONE NUMBER WAS NOT PROVIDED.",3,2022-03
2022-03-16,NEW YORK,NEW YORK,"PRELIM INFO FROM FAA OPS: NEW YORK, NY/UAS INCIDENT/2201E/LAGUARDIA ATCT ADVISED , B738, DEN - LGA, REPORTED A UAS 800 FEET FROM THE 3 O'CLOCK POSITION WHILE SW BOUND AT 8,000 FEET 2 SW LGA. NO EVASIVE ACTION TAKEN. NYPD AVIATION UNIT NOTIFIED.",3,2022-03
2022-03-16,NEW YORK,NEW YORK,"PRELIM INFO FROM FAA OPS: NEW YORK, NY/UAS INCIDENT/2148E/LAGUARDIA ATCT ADVISED , A319, DEN - LGA, REPORTED A UAS FROM THE 3 O'CLOCK POSITION AT SAME ALTITUDE WHILE SW BOUND AT 800 FEET 2 SW LGA. NO EVASIVE ACTION TAKEN. NYPD AVIATION UNIT NOTIFIED.",3,2022-03
2022-03-17,FLORIDA,ORLANDO,"PRELIM INFO FROM FAA OPS: ORLANDO, FL/UAS INCIDENT/1118E/CENTRAL FLORIDA TRACON ADVISED , A320, MCO - SJU, REPORTED A WHITE UAS FROM THE 2 O'CLOCK POSITION WHILE N BOUND AT 2,500 FEET 2 N MCO. NO EVASIVE ACTION TAKEN. ORANGE COUNTY PD NOTIFIED.",3,2022-03
2022-03-17,GEORGIA,ATLANTA,"PRELIM INFO FROM FAA OPS: ATLANTA, GA/UAS INCIDENT/1157E/ATLANTA TRACON ADVISED , B712, HSV - ATL, REPORTED A UAS FROM THE 2 O'CLOCK POSITION WHILE N BOUND AT 3,800 FEET 8 E ATL. NO EVASIVE ACTION TAKEN. LAW ENFORCEMENT NOTIFIED.",3,2022-03
2022-03-17,FLORIDA,ST PETERSBURG-CLEARWATER,"PRELIM INFO FROM FAA OPS: ST PETERSBURG-CLEARWATER, FL/UAS INCIDENT/1255E/ST PETERSBURG-CLEARWATER ATCT ADVISED , SOCATA TBM9, REPORTED UAS OFF RIGHT WING WHILE SOUTHBOUND AT 900 FEET, 4 N PIE. MANEUVERED AROUND THE UAS. NO LEO NOTIFICATION INFORMATION PROVIDED.",3,2022-03
2022-03-17,SOUTH CAROLINA,GREER,"PRELIM INFO FROM FAA OPS: GREER, SC/UAS INCIDENT/1345E/GREER APCH ADVISED , BEECH BE90, GSP - RYY, REPORTED A BLACK UAS WHILE NE BOUND AT 4,000 FEET, 3 NM W OF GSP. NO EVASIVE ACTION WAS TAKEN. LEO NOTIFIED.",3,2022-03
2022-03-17,OHIO,COLUMBUS,"PRELIM INFO FROM FAA OPS: COLUMBUS, OH/UAS INCIDENT/1320E/RICKENBACKER ATCT ADVISED , EUROCOPTER EC45, REPORTED A WHITE QUADCOPTER UAS AT 1,500 FEET WHILE N BOUND 3 NW COLUMBUS. NO EVASIVE ACTION TAKEN. LAW ENFORCEMENT NOTIFICATION NOT REPORTED.",3,2022-03
2022-03-17,GEORGIA,ATHENS,"PRELIM INFO FROM FAA OPS: ATHENS, GA/UAS INCIDENT/1415E/ATLANTA TRACON ADVISED , CIRRUS SR22, OBSERVED A UAS WHILE SOUTHWEST BOUND AT 9,000 FEET, 2 W ATHENS. NO EVASIVE ACTION REPORTED. CLARK COUNTY SHERIFF NOTIFIED (NO PHONE PROVIDED).",3,2022-03
2022-03-17,MISSISSIPPI,JACKSON,"PRELIM INFO FROM FAA OPS: JACKSON, MS/UAS INCIDENT/1355C/JACKSON ATCT ADVISED , C130, REPORTED AN ORANGE QUADCOPTER UAS AT 1,300 FEET WHILE SSE BOUND 3 NNW JACKSON. NO EVASIVE ACTION TAKEN. FLOWOOD PD NOTIFIED.",3,2022-03
2022-03-17,CALIFORNIA,LOS ANGELES,"PRELIM INFO FROM FAA OPS: LOS ANGELES, CA/UAS INCIDENT/1533P/LAX ATCT ADVISED , A321, JFK - LAX, REPORTED A WHITE ROTORCRAFT UAS OFF THE RIGHT SIDE WHILE W BOUND AT 800 FEET 4 ENE LAX. NO EVASIVE ACTION TAKEN. UAS WAS OVER SOFI STADIUM. LAWA PD NOTIFIED.",3,2022-03
2022-03-17,FLORIDA,PENSACOLA,"PRELIM INFO FROM FAA OPS: PENSACOLA, FL/UAS INCIDENT/2030C/PENSACOLA ATCT ADVISED , CESSNA C172, PNS - PNS, REPORTED A UAS WITH A YELLOW LIGHT PASS 1/2 MILE OFF THE LEFT WING WHILE SE BOUND AT 600 FEET 1 NNW PNS. NO EVASIVE ACTION TAKEN. PENSACOLA PD NOTIFIED.",3,2022-03
2022-03-18,COLORADO,DENVER,"PRELIM INFO FROM FAA OPS: DENVER, CO/UAS INCIDENT/0705M/DENVER TRACON ADVISED , SWEARINGEN SW4, DEN - GJT, REPORTED A GREY QUADCOPTER UAS WHILE WSW BOUND AT 10,500 FEET 8 WSW DENVER. NO EVASIVE ACTION TAKEN. LEO NOTIFICATION NOT REPORTED.",3,2022-03
2022-03-18,NORTH CAROLINA,GREENSBORO,"PRELIM INFO FROM FAA OPS: GREENSBORO, NC/UAS INCIDENT/1110E/GREENSBORO ATCT ADVISED , PIPER P32T, OBSERVED A WHITE UAS AT THE 3 O'CLOCK POSITION WHILE WESTBOUND AT 8,000 FEET 40 WSW GREENSBORO. NO EVASIVE ACTION TAKEN. DAVIDSON COUNTY SHERIFF NOTIFIED.",3,2022-03
2022-03-18,NEW JERSEY,TETERBORO,"CORRECTION (CALLSIGN) INFO FROM FAA OPS: TETERBORO, NJ/UAS INCIDENT/1229E/TETERBORO ATCT ADVISED , BOMBARDIER CL60, [DEPARTURE] - [ARRIVAL], REPORTED A UAS WHILE S BOUND AT 700 FEET 3 N TETERBORO. NO EVASIVE ACTION TAKEN. NEW YORK/NEW JERSEY PORT AUTHORITY PD NOTIFIED.",3,2022-03
2022-03-18,CALIFORNIA,LA VERNE,"PRELIM INFO FROM FAA OPS: LA VERNE, CA/UAS INCIDENT/1606P/BRACKETT ATCT ADVISED , PIPER P28A, POC - POC, REPORTED A UAS OFF THE LEFT SIDE WHILE W BOUND AT 2,000 FEET 2 W POC. NO EVASIVE ACTION TAKEN. LA COUNTY SHERIFF NOTIFIED.",3,2022-03
2022-03-18,CALIFORNIA,EL MONTE,"PRELIM INFO FROM FAA OPS: EL MONTE, CA/UAS INCIDENT/1645P/EL MONTE ATCT ADVISED , PIPER P28A, EMT - EMT, REPORTED A BLACK UAS WHILE WNW BOUND AT 800 FEET 2 SE EMT. NO EVASIVE ACTION TAKEN. EL MONTE PD NOTIFIED.",3,2022-03
2022-03-18,TEXAS,DALLAS-FORT WORTH,"PRELIM INFO FROM FAA OPS: DALLAS-FORT WORTH, TX/UAS INCIDENT/1843C/FORT WORTH TRACON ADVISED , A321, PSP - DFW, REPORTED A WHITE UAS OFF LEFT SIDE 200 FEET BELOW ACFT WHILE N BOUND AT 1400 FEET 2 S DFW. NO EVASIVE ACTION. DFW DPS NOTIFIED.",3,2022-03
2022-03-18,FLORIDA,NAPLES,"PRELIM INFO FROM FAA OPS: NAPLES, FL/UAS INCIDENT/2002E/NAPLES ATCT ADVISED , HELO, REPORTED A UAS WHILE S BOUND AT 500 FEET 4 N APF. NO EVASIVE ACTION TAKEN. LEO NOTIFICATION NOT REPORTED.",3,2022-03
2022-03-18,CALIFORNIA,SANTA MONICA,"PRELIM INFO FROM FAA OPS: SANTA MONICA, CA/UAS INCIDENT/1729P/SOCAL TRACON ADVISED , CRJ2, EUG - LAX, REPORTED A BLACK UAS 25 FEET OFF THE RIGHT SIDE WHILE ENE BOUND AT 6,000 FEET 4 ENE SMO. NO EVASIVE ACTION TAKEN. LOS ANGELES COUNTY SHERIFF NOTIFIED.",3,2022-03
2022-03-19,PENNSYLVANIA,PHILADELPHIA,"PRELIM INFO FROM FAA OPS: PHILADELPHIA, PA/UAS INCIDENT/1030E/PHILADELPHIA ATCT ADVISED , LEARJET LJ60, TTN - APF, REPORTED LARGE BLACK QUAD COPTER UAS AT 6,900 FEET 7 E NORTHEAST PHILADELPHIA ARPT. NO EVASIVE ACTION REPORTED. PHILADELPHIA ARPT PD NOTIFIED.",3,2022-03
2022-03-19,FLORIDA,ORLANDO,"PRELIM INFO FROM FAA OPS: ORLANDO, FL/UAS INCIDENT/1151E/ORLANDO EXECUTIVE ATCT ADVISED , CESSA C172, REPORTED UAS AT SAME ALTITUDE WHILE ENE BOUND AT 1,100 FEET VCNTY EXECUTIVE ARPT. NO EVASIVE ACTION REPORTED. ORANGE COUNTY SHERIFF NOTIFIED.",3,2022-03
2022-03-19,ARIZONA,FLAGSTAFF,"PRELIM INFO FROM FAA OPS: FLAGSTAFF, AZ/UAS INCIDENT/0903M/FLAGSTAFF ATCT ADVISED , CESSNA C206, REPORTED A WHITE UAS WHILE NNW BOUND AT 8,000 FEET 11 S FLAGSTAFF. NO EVASIVE ACTION TAKEN. LEO NOTIFIED NOT REPORTED.",3,2022-03
2022-03-19,FLORIDA,WEST PALM BEACH,"PRELIM INFO FROM FAA OPS: WEST PALM BEACH, FL/UAS INCIDENT/1236E/PALM BEACH ATCT ADVISED , A321, ATL - PBI, REPORTED A UAS ON RIGHT SIDE WHILE E BOUND AT 1,200 FEET 3 W PALM BEACH. NO EVASIVE ACTION TAKEN. PALM BEACH COUNTY SHERIFF NOTIFIED.",3,2022-03
2022-03-19,TEXAS,HOUSTON,"PRELIM INFO FROM FAA OPS: HOUSTON, TX/UAS INCIDENT/1209C/HOUSTON TRACON ADVISED , PIPER P28A, REPORTED A UAS FROM THE 10 O'CLOCK POSITION WHILE N BOUND AT 2,900 FEET 6 E HOUSTON (EFD). NO EVASIVE ACTION TAKEN. FBI NOTIFIED.",3,2022-03
2022-03-19,TENNESSEE,MEMPHIS,"PRELIM INFO FROM FAA OPS: MEMPHIS, TN/UAS INCIDENT/1639C/MEMPHIS TRACON ADVISED , A320, ATL - MEM, REPORTED A GREY/BLACK UAS AT 9 O'CLOCK POSITION AT 2,000 FEET WHILE N BOUND 11 S MEMPHIS. NO EVASIVE ACTION TAKEN. SOUTHHAVEN PD NOTIFIED.",3,2022-03
2022-03-19,FLORIDA,ORLANDO,"PRELIM INFO FROM FAA OPS: ORLANDO, FL/UAS INCIDENT/1748E/ORLANDO EXECUTIVE ATCT ADVISED , CESSNA C172, REPORTED RED UAS AT THE 12 O'CLOCK POSITION WHILE ENE BOUND AT 1,000 FEET 3 WNW EXECUTIVE ARPT. NO EVASIVE ACTION REPORTED. PILOT STATED UAS WAS NEAR CAMPING WORLD STADIUM. ORLANDO PD NOTIFIED.",3,2022-03
2022-03-19,MISSOURI,MOSCOW MILLS,"PRELIM INFO FROM FAA OPS: MOSCOW MILLS, MO/UAS INCIDENT/1715C/ST LOUIS TRACON ADVISED , CESSNA C172, SUS - SUS, REPORTED A WHITE UAS 20 FEET FROM THE 12 O'CLOCK POSITION WHILE S BOUND AT 1,500 FEET. NO EVASIVE ACTION TAKEN. ST LOUIS PD NOTIFIED.",3,2022-03
2022-03-19,DISTRICT OF COLUMBIA,WASHINGTON,"PRELIM INFO FROM FAA OPS: WASHINGTON, DC/UAS INCIDENT/1912E/POTOMAC TRACON ADVISED , KC52, REPORTED A BLUE AND WHITE UAS FROM THE LEFT SIDE AT SAME ALTITUDE WHILE S BOUND AT 4,200 FEET 16 NE DCA. NO EVASIVE ACTION TAKEN. MARYLAND STATE PD NOTIFIED.",3,2022-03
2022-03-19,HAWAII,KAHULUI,"PRELIM INFO FROM FAA OPS: KAHULUI, HI/UAS INCIDENT/1320L/MAUI ATCT ADVISED , B738, SFO - KAHULUI, HI (PHOG), REPORTED A UAS FROM THE RIGHT SIDE WHILE TAXIING S BOUND ON THE SOUTH CARGO RAMP. NO EVASIVE ACTION TAKEN. MAUI PD NOTIFIED.",3,2022-03
2022-03-19,CALIFORNIA,VAN NUYS,"PRELIM INFO FROM FAA OPS: VAN NUYS, CA/UAS INCIDENT/2034P/BURBANK ATCT ADVISED , AGUSTA A139, WAS LANDING AT HELIPAD NEAR VENTURA FREEWAY AND REPORTED A UAS WHILE N BOUND AT 1,700 FEET. NO EVASIVE ACTION REPORTED. LAPD NOTIFIED.",3,2022-03
2022-03-20,FLORIDA,VERO BEACH,"PRELIM INFO FROM FAA OPS: VERO BEACH, FL/UAS INCIDENT/0816E/VERO BEACH ATCT ADVISED PILOT ON THE RAMP, REPORTED A UAS FLYING OVER BOEING ACFT PARKED ON THE RAMP VERO BEACH. NO IMPACT TO OPERATIONS. VERO BEACH PD NOTIFIED.",3,2022-03
2022-03-20,FLORIDA,MIAMI,"PRELIM INFO FROM FAA OPS: MIAMI, FL/UAS INCIDENT/0908E/MIAMI INTL ATCT ADVISED , A21N, MIA - PHX, REPORTED A UAS FROM THE 10 O'CLOCK POSITION WHILE E BOUND AT 1,000 FEET 1 E MIA. NO EVASIVE ACTION TAKEN. METRO DADE PD NOTIFIED.",3,2022-03
2022-03-20,FLORIDA,MIAMI,"PRELIM INFO FROM FAA OPS: MIAMI, FL/UAS INCIDENT/0910E/MIAMI INTL ATCT ADVISED , E75L, IND - MIA, REPORTED A UAS FROM THE 10 O'CLOCK POSITION WHILE E BOUND AT 1,000 FEET 1 E MIA. NO EVASIVE ACTION TAKEN. METRO DADE PD NOTIFIED.",3,2022-03
2022-03-20,FLORIDA,MIAMI,"PRELIM INFO FROM FAA OPS: MIAMI, FL/UAS INCIDENT/1002E/MIAMI ATCT ADVISED , B738, PHL - MIA, REPORTED A BLACK AND GRAY UAS FROM THE RIGHT SIDE WHILE W BOUND AT 4,000 FEET 4 N MIA. NO EVASIVE ACTION TAKEN. METRO DADE PD NOTIFIED.",3,2022-03
2022-03-20,CALIFORNIA,LOS ANGELES,"PRELIM INFO FROM FAA OPS: LOS ANGELES, CA/UAS INCIDENT/0810P/SOCAL TRACON ADVISED , A320, ATL - LAX, REPORTED A UAS FROM THE 9 O'CLOCK POSITION WHILE WSW BOUND AT 5,000 FEET 15 ENE LAX. NO EVASIVE ACTION TAKEN. LAPD NOTIFIED.",3,2022-03
2022-03-20,TENNESSEE,NASHVILLE,"PRELIM INFO FROM FAA OPS: NASHVILLE, TN/UAS INCIDENT/1220C/NASHVILLE ATCT ADVISED TWO ACFT REPORTED SHINY UAS AT 5,000 FEET 6 SE NASHVILLE. NO EVASIVE ACTION REPORTED. BNA ARPT AUTHORITY NOTIFIED.",3,2022-03
2022-03-20,GEORGIA,ATLANTA,"PRELIM INFO FROM FAA OPS: ATLANTA, GA/UAS INCIDENT/1432E/ATLANTA TRACON ADVISED , B712, ICT - ATL, REPORTED A GREY UAS FROM THE 9 O'CLOCK POSITION WHILE N BOUND AT 3,000 FEET 10 E ATL. NO EVASIVE ACTION REPORTED. FULTON COUNTY PD NOTIFIED.",3,2022-03
2022-03-20,FLORIDA,CAPE CANAVERAL,"PRELIM INFO FROM FAA OPS: CAPE CANAVERAL, FL/UAS INCIDENT/LATE REPORT 3-20 1547E/NASA PROTECTION SERVICES ADVISED AND ADVISED HIM NO LONGER OPERATE UAS WITHIN THE AREA.",3,2022-03
2022-03-20,DISTRICT OF COLUMBIA,WASHINGTON,"PRELIM INFO FROM FAA OPS: WASHINGTON, DC/UAS INCIDENT/1605E/DCA ATCT ADVISED , A21N, SFO - DCA, REPORTED GRAY QUAD COPTER UAS 300 FEET BELOW ACFT FROM THE LEFT SIDE WHILE N BOUND AT 2,500 FEET 3 S DCA. NO EVASIVE ACTION TAKEN. VA STATE PD NOTIFIED.",3,2022-03
2022-03-20,LOUISIANA,THIBODAUX,"PRELIM INFO FROM FAA OPS: THIBODAUX, LA/UAS INCIDENT/1633C/NEW ORLEANS APCH ADVISED , MOONEY M20P, REPORTED SHINY RED QUADCOPTER UAS OFF RIGHT SIDE AT SAME ALTITUDE WHILE W BOUND AT 5,000 FEET 37 WNW TIBBY VOR. NO EVASIVE ACTION REPORTED. PILOT REPORTED UAS WAS NEAR GRAND LAKE AREA. ST MARTIN PARISH NOTIFIED.",3,2022-03
2022-03-20,FLORIDA,WEST PALM BEACH,"PRELIM INFO FROM FAA OPS: WEST PALM BEACH, FL/UAS INCIDENT/1746E/PALM BEACH ATCT ADVISED , E55P, CLT - PBI, REPORTED A UAS OPERATING AT 30 FEET WHILE E BOUND AT 1,400 FEET 4 W PBI. NO EVASIVE ACTION TAKEN. PALM BEACH SHERIFFS OFFICE NOTIFIED.",3,2022-03
2022-03-20,OHIO,COLUMBIA STATION,"PRELIM INFO FROM FAA OPS: COLUMBIA STATION, OH/UAS INCIDENT/1750E/COLUMBIA STATION ATCT ADVISED, PA27, OBSERVED A UAS 8 S OF COLUMBIA STATION APPROX 1,000 FEET BELOW ACFT WHILE E BOUND AT 7,500 FEET. NO EVASIVE ACTION TAKEN. NO LEO INFO PROVIDED.",3,2022-03
2022-03-20,OHIO,AKRON,"PRELIM INFO FROM FAA OPS: AKRON, OH/UAS INCIDENT/1750E/AKRON-CANTON ATCT ADVISED , CESSNA C172, WADSWORTH, OH (15G) - WADSWORTH, OH (15G), OBSERVED A UAS 20 FEET FROM ACFT WHILE E BOUND AT 3,700 FEET 5 NW CAK. NO EVASIVE ACTION TAKEN. LEO NOTIFICATION NOT PROVIDED.",3,2022-03
2022-03-20,TEXAS,HOUSTON,"PRELIM INFO FROM FAA OPS: HOUSTON, TX/UAS INCIDENT/1838C/HOUSTON TRACON ADVISED , CRJ2, BHM - IAH, REPORTED A UAS 700 FEET ABOVE ACFT WHILE E BOUND AT 3,000 FEET 14 W HOUSTON. NO EVASIVE ACTION REPORTED. NO LEO INFO PROVIDED.",3,2022-03
2022-03-21,CALIFORNIA,SAN JOSE,"PRELIM INFO FROM FAA OPS: SAN JOSE, CA/UAS INCIDENT/1342P/NORCAL TRACON ADVISED , E75L, PHX - SFO, REPORTED A YELLOW UAS 150 FEET BELOW ACFT WHILE NW BOUND AT 12,000 FEET 20 S SJC. NO EVASIVE ACTION TAKEN. SANTA CRUZ PD NOTIFIED.",3,2022-03
2022-03-21,KENTUCKY,LOUISVILLE,"PRELIM INFO FROM FAA OPS: LOUISVILLE, KY/UAS INCIDENT/1745E/BOWMAN ATCT ADVISED , BEECH BE36, BRY - LOU, REPORTED A BLACK AND BLUE UAS 100 FEET FROM ACFT WHILE N BOUND AT 1,500 FEET 3.5 SSE LOU. NO EVASIVE ACTION TAKEN. LEO NOTIFICATION NOT PROVIDED.",3,2022-03
2022-03-21,CALIFORNIA,OAKLAND,"PRELIM INFO FROM FAA OPS: OAKLAND, CA/UAS INCIDENT/1850P/OAKLAND ATCT ADVISED , EMBRAER E135, LAS - OAK, REPORTED A BLACK UAS WHILE W BOUND AT 1,600 FEET 3 E OAK. NO EVASIVE ACTION TAKEN. OAKLAND PD NOTIFIED ON FREQUENCY.",3,2022-03
2022-03-22,FLORIDA,ORLANDO,"PRELIM INFO FROM FAA OPS: ORLANDO, FL/UAS INCIDENT/1151E/ORLANDO EXECUTIVE ATCT ADVISED , PIPER P28A, REPORTED UAS AT SAME ALTITUDE WHILE ENE BOUND AT 1,100 FEET VCNTY EXECUTIVE ARPT. NO EVASIVE ACTION REPORTED. ORANGE COUNTY SHERIFF NOTIFIED.",3,2022-03
2022-03-22,FLORIDA,ORLANDO,"PRELIM INFO FROM FAA OPS: ORLANDO, FL/UAS INCIDENT/1405E/SANFORD ATCT ADVISED , PIPER P28A, OBSERVED A BLACK UAS WHILE EASTBOUND AT 600 FEET ON 1.5 MILE FINAL FOR RUNWAY 09L SANFORD INTL ARPT. NO EVASIVE ACTION TAKEN. SANFORD ARPT PD NOTIFIED.",3,2022-03
2022-03-23,TEXAS,WACO,"PRELIM INFO FROM FAA OPS: WACO, TX/UAS INCIDENT/1225C/WACO ATCT ADVISED , CESSNA C182, REPORTED A BLACK UAS WHILE NNE BOUND AT 3,000 FEET 4 W WACO. NO EVASIVE ACTION TAKEN. WACO PD NOTIFIED.",3,2022-03
2022-03-23,TEXAS,WACO,"PRELIM INFO FROM FAA OPS: WACO, TX/UAS INCIDENT/1317C/WACO ATCT ADVISED , TECNAM TWEN, REPORTED A BLACK UAS AT 3,500 FEET WHILE NNE BOUND 4 N MC GREGOR EXECUTIVE AIRPORT. NO EVASIVE ACTION TAKEN. WACO PD NOTIFIED.",3,2022-03
2022-03-25,FLORIDA,JACKSONVILLE,"PRELIM INFO FROM FAA OPS: JACKSONVILLE, FL/UAS INCIDENT/1339E/JACKSONVILLE EXECUTIVE ATCT ADVISED , CESSNA C172, REPORTED SMALL RED AND BLACK UAS OPERATING AT 600 FEET 2 SE JACKSONVILLE EXECUTIVE ARPT. NO EVASIVE ACTION REPORTED. LEO NOTIFICATION NOT PROVIDED.",3,2022-03
2022-03-25,FLORIDA,ORLANDO,"PRELIM INFO FROM FAA OPS: ORLANDO, FL/UAS INCIDENT/1527E/ORLANDO ATCT ADVISED , B752, MCO - ATL, REPORTED A WHITE UAS AT 1,600 FEET WHILE N BOUND 3 N ORLANDO. NO EVASIVE ACTION TAKEN. ORANGE COUNTY SHERIFF NOTIFIED.",3,2022-03
2022-03-25,TEXAS,HOUSTON,"PRELIM INFO FROM FAA OPS: HOUSTON, TX/UAS INCIDENT/1535C/HOUSTON TRACON ADVISED , HAWK, REPORTED A BLACK QUADCOPTER UAS FROM THE 3 O'CLOCK POSITION WHILE N BOUND AT 500 FEET 1.5 S EFD. NO INJURIES REPORTED. FBI NOTIFIED.",3,2022-03
2022-03-25,CONNECTICUT,BRIDGEPORT,"PRELIM INFO FROM FAA OPS: BRIDGEPORT, CT/UAS INCIDENT/1705E/NEW YORK TRACON ADVISED UNIDENTIFIED VFR ACFT REPORTED UAS AT SAME ALTITUDE WHILE E BOUND AT 3,500 FEET 10 N BRIDGEPORT. NO EVASIVE ACTION REPORTED. CT STATE PD NOTIFIED.",3,2022-03
2022-03-25,GEORGIA,ATLANTA,"PRELIM INFO FROM FAA OPS: ATLANTA, GA/UAS INCIDENT/1909E/DEKALB-PEACHTREE ATCT ADVISED , CESSNA C550, REPORTED A UAS 200 FEET BELOW ACFT FROM THE 5 O'CLOCK POSITION WHILE W BOUND 2,000 FEET 4 S PDK. NO EVASIVE ACTION TAKEN. CHAMBLEE PD NOTIFIED.",3,2022-03
2022-03-25,ARIZONA,SCOTTSDALE,"PRELIM INFO FROM FAA OPS: SCOTTSDALE, AZ/UAS INCIDENT/1845M/SCOTTSDALE ATCT ADVISED , BEECH BE23, LGB - SDL, REPORTED 3 UAS BELOW ACFT WHILE NNE BOUND AT 3,800 FEET 6 WSW SDL. NO EVASIVE ACTION TAKEN. CITY OF SCOTTSDALE PD NOTIFIED.",3,2022-03
2022-03-25,HAWAII,HILO,"PRELIM INFO FROM FAA OPS: HILO, HI/UAS INCIDENT/2054L/HILO ATCT ADVISED , B38M, HNL - HTO, REPORTED A UAS AT THE 2 O'CLOCK POSITION WHILE W BOUND AT 1,800 FEET 10 E HILO. NO EVASIVE ACTION TAKEN. HILO ARPT PD NOTIFIED (PHONE NUMBER NOT PROVIDED).",3,2022-03
2022-03-26,FLORIDA,ORLANDO,"PRELIM INFO FROM FAA OPS: ORLANDO, FL/UAS INCIDENT/1213E/EXECUTIVE ATCT ADVISED , CESSNA C172, REPORTED A BLACK UAS WHILE ENE BOUND AT 1,200 FEET 1 N EXECUTIVE ARPT. NO EVASIVE ACTION REPORTED. ORANGE COUNTY SHERIFF NOTIFIED.",3,2022-03
2022-03-26,GEORGIA,ATLANTA,"PRELIM INFO FROM FAA OPS: ATLANTA, GA/UAS INCIDENT/1240E/ATLANTA TRACON ADVISED , CRJ9, GPT - ATL, REPORTED A UAS FROM THE 11 O'CLOCK POSITION WHILE E BOUND AT 5,800 FEET 11 SE ATL. NO EVASIVE ACTION TAKEN. HENRY COUNTY POLICE NOTIFIED.",3,2022-03
2022-03-26,TEXAS,DALLAS-FORT WORTH,"PRELIM INFO FROM FAA OPS: DALLAS-FORT WORTH, TX/UAS INCIDENT/1252C/DALLAS-FT WORTH ATCT ADVISED , E190, MEXICO CITY, MEXICO (MMMX) - DFW, REPORTED 2 SILVER UAS FROM THE 12 O'CLOCK POSITION WHILE S BOUND AT 2,500 FEET 5 N MAVERICK VOR. NO EVASIVE ACTION TAKEN. DPS NOTIFIED.",3,2022-03
2022-03-26,CALIFORNIA,SAN JOSE,"PRELIM INFO FROM FAA OPS: SAN JOSE, CA/UAS INCIDENT/1205P/SAN JOSE ATCT ADVISED , B737, SNA - SJC, REPORTED SILVER UAS ABOVE ACFT WHILE ON 6 MILE FINAL RUNWAY 30L AT 2,100 FEET. NO EVASIVE ACTION REPORTED. LEOS NOT NOTIFIED.",3,2022-03
2022-03-26,CALIFORNIA,SACRAMENTO,"PRELIM INFO FROM FAA OPS: SACRAMENTO, CA/UAS INCIDENT/1241P/NORCAL TRACON ADVISED , BEECH BE30, REPORTED A UAS 500 FEET BELOW FROM THE 12 O'CLOCK POSITION WHILE WSW BOUND AT 5,000 FEET 15 S SAC. NO EVASIVE ACTION TAKEN. SACRAMENTO PD NOTIFIED.",3,2022-03
2022-03-26,NORTH CAROLINA,CHARLOTTE,"PRELIM INFO FROM FAA OPS: CHARLOTTE, NC/UAS INCIDENT/1623E/CHARLOTTE ATCT ADVISED , E145, CLT - MDT, REPORTED A BLACK UAS WHILE N BOUND AT 4,600 FEET 5 N CLT. NO EVASIVE ACTION TAKEN. CHARLOTTE METRO PD NOTIFIED.",3,2022-03
2022-03-26,CALIFORNIA,SAN BERNARDINO,"PRELIM INFO FROM FAA OPS: SAN BERNARDINO, CA/UAS INCIDENT/1438P/SAN BERNARDINO ATCT ADVISED , HELO, REPORTED A LARGE UAS WHILE ORBITING AT 1,000 FEET 1 N SBD. NO EVASIVE ACTION TAKEN. SAN BERNARDINO COUNTY SHERIFF GROUND UNITS NOTIFIED.",3,2022-03
2022-03-26,FLORIDA,ORLANDO,"PRELIM INFO FROM FAA OPS: ORLANDO, FL/UAS INCIDENT/1927E/CENTRAL FLORIDA TRACON ADVISED , A321, TORONTO, CANADA (CYYZ) - MCO, REPORTED A WHITE QUAD-COPTER UAS 1,000 FEET ABOVE ACFT WHILE S BOUND AT 11,000 FEET 12.8 NE ORL. NO EVASIVE ACTION TAKEN. ORANGE COUNTY SHERIFF NOTIFIED.",3,2022-03
2022-03-26,FLORIDA,MIAMI,"PRELIM INFO FROM FAA OPS: MIAMI, FL/UAS INCIDENT/1928E/MIAMI APPROACH ADVISED , CANADAIR CVLT, LA PAZ, EL SALVADOR (MSLP) - MIA, OBSERVED A WHITE UAS WHILE EASTBOUND AT 5,000 FEET 10 NE MIA. NO EVASIVE ACTION TAKEN. MIAMI DADE PD NOTIFIED.",3,2022-03
2022-03-26,CALIFORNIA,LOS ANGELES,"PRELIM INFO FROM FAA OPS: LOS ANGELES, CA/UAS INCIDENT/1706P/SOCAL TRACON ADVISED , A346, SHENZHEN, CHINA (ZGSZ) - LAX, REPORTED A UAS AT THE 3 O'CLOCK POSITION WHILE SSE BOUND AT 3,500 FEET 13 ENE LAX. NO EVASIVE ACTION TAKEN. LOS ANGELES COUNTY SHERIFF AIR DIVISION NOTIFIED.",3,2022-03
2022-03-26,TEXAS,AUSTIN,"PRELIM INFO FROM FAA OPS: AUSTIN, TX/UAS INCIDENT/1940C/AUSTIN PD ADVISED , HELO, REPORTED UAS DETECTION DEVICE ON BOARD ACFT DETECTED A UAS AT 150 FEET OFF END OF RUNWAY 18R AUSTIN ARPT. PIC OF AIR1 DID NOT ACTUALLY SEE THE UAS.",3,2022-03
2022-03-26,CALIFORNIA,LOS ANGELES,"PRELIM INFO FROM FAA OPS: LOS ANGELES, CA/UAS INCIDENT/1834P/SOCAL TRACON ADVISED , E75S, PDX - LAX, REPORTED A UAS AT THE 12 O'CLOCK POSITION WHILE ENE BOUND AT 4,000 FEET 7 NNE LAX. NO EVASIVE ACTION TAKEN. LOS ANGELES COUNTY SHERIFF AVIATION DIVISION NOTIFIED.",3,2022-03
2022-03-27,NORTH CAROLINA,CHARLOTTE,"PRELIM INFO FROM FAA OPS: CHARLOTTE, NC/UAS INCIDENT/0938E/CHARLOTTE ATCT ADVISED , A319, TORONTO, CANADA (CYYZ) - CLT, REPORTED A UAS FROM THE 12 O'CLOCK POSITION WHILE S BOUND AT 6,000 FEET 9 SSW CLT. INCIDENT OCCURRED VCNTY CATAWBA NUCLEAR STATION. NO EVASIVE ACTION TAKEN. YORK COUNTY SHERIFF NOTIFIED.",3,2022-03
2022-03-27,FLORIDA,MIAMI,"PRELIM INFO FROM FAA OPS: MIAMI, FL/UAS INCIDENT/1002E/MIAMI TRACON ADVISED , B738, IAH - MIA, REPORTED A BLUE QUAD-ROTOR UAS FROM THE RIGHT SIDE WHILE ESE BOUND AT 4,000 FEET 10 SE MIA. NO EVASIVE ACTION TAKEN. DADE COUNTY SHERIFF NOTIFIED.",3,2022-03
2022-03-27,CALIFORNIA,LOS ANGELES,"LOS ANGELES, CA (LAX)$ PILOT @ DRONE 3NM EAST OF LAX AIRPORT. NO ACTION WAS TAKEN BY THE PILOT. NO OTHER REPORTS SINCE. 03/27/2022 1648Z",3,2022-03
2022-03-27,TEXAS,ARLINGTON,"PRELIM INFO FROM FAA OPS: ARLINGTON, TX/UAS INCIDENT/1500C/ARLINGTON FCT ADVISED , DIAMOND DA40, GDJ - GKY, REPORTED A RED UAS 100 FEET FROM THE 3 O'CLOCK POSITION WHILE E BOUND AT 1,500 FEET 2.5 NW GKY. NO EVASIVE ACTION TAKEN. ARLINGTON PD NOTIFIED AT 911.",3,2022-03
2022-03-27,NEW YORK,WHITE PLAINS,"PRELIM INFO FROM FAA OPS: WHITE PLAINS, NY/UAS INCIDENT/1613E/WESTCHESTER ATCT ADVISED , CESSNA C680, EGE - HPN, REPORTED A UAS FROM THE RIGHT SIDE WHILE NNW BOUND AT 1,000 FEET 3 S HPN. NO EVASIVE ACTION TAKEN. WESTCHESTER COUNTY SHERIFF NOTIFIED.",3,2022-03
2022-03-27,FLORIDA,MIAMI,"PRELIM INFO FROM FAA OPS: MIAMI, FL/UAS INCIDENT/1605E/MIAMI TRACON ADVISED , E170, MIA - ORF, REPORTED UAS AT 1,500 FEET OFF LEFT SIDE WHILE W BOUND AT SAME ALTITUDE 3 W MIAMI. NO EVASIVE ACTION REPORTED. MIAMI-DADE SHERIFF NOTIFIED.",3,2022-03
2022-03-27,ARKANSAS,HARRISON,"PRELIM INFO FROM FAA OPS: HARRISON, AR/UAS INCIDENT/1522C/MEMPHIS ARTCC ADVISED , CESSNA C208, MEM - HRO, REPORTED A UAS WHILE N BOUND AT 4,000 FEET 3 S HRO. NO EVASIVE ACTION TAKEN. HARRISON PD NOTIFIED.",3,2022-03
2022-03-27,TEXAS,HOUSTON,"PRELIM INFO FROM FAA OPS: HOUSTON, TX/UAS INCIDENT/1735C/HOUSTON TRACON ADVISED , BEECH BE55, REPORTED A SILVER UAS AT 9 O'CLOCK POSITION AT 1,500 FEET WHILE S BOUND 16 NW IAH. NO EVASIVE ACTION TAKEN. FBI NOTIFIED (NUMBER NOT PROVIDED).",3,2022-03
2022-03-27,ALABAMA,BIRMINGHAM,"PRELIM INFO FROM FAA OPS: BIRMINGHAM, AL/UAS INCIDENT/LATE REPORT-1820C/BIRMINGHAM ATCT ADVISED , CESSNA C206, REPORTED A UAS FROM THE RIGHT SIDE WHILE W BOUND AT 6,000 FEET 10 SE BHM. NO EVASIVE ACTION WAS TAKEN. NOTIFICATION TO LAW ENFORCEMENT WAS NOT REPORTED.",3,2022-03
2022-03-27,OREGON,PORTLAND,"PRELIM INFO FROM FAA OPS: PORTLAND, OR/UAS INCIDENT/1628P/HILLSBORO ATCT ADVISED , CESSNA C152, REPORTED UAS AT 1,100 FEET WHILE W BOUND 1.5 WNW HILLSBORO. NO EVASIVE ACTION TAKEN. WASHINGTON COUNTY SHERIFF NOTIFIED.",3,2022-03
2022-03-29,TEXAS,HOUSTON,"PRELIM INFO FROM FAA OPS: HOUSTON, TX/UAS INCIDENT/1356C/IAH ATCT ADVISED , E145, OKC - IAH, REPORTED A BLACK AND YELLOW QUAD-COPTER UAS WHILE E BOUND AT 1,400 FEET 4 MILE FINAL RUNWAY 8L. NO EVASIVE ACTION TAKEN. IAH AIRPORT PD NOTIFIED.",3,2022-03
2022-03-29,FLORIDA,FORT LAUDERDALE,"PRELIM INFO FROM FAA OPS: FORT LAUDERDALE, FL/UAS INCIDENT/1523E/FORT LAUDERDALE ATCT ADVISED , CESSNA C680, ON 3 MILE FINAL RWY 10R REPORTED WHITE UAS OFF RIGHT SIDE WHILE E BOUND AT 1,000 FEET 3 W FORT LAUDERDALE. NO EVASIVE ACTION WAS TAKEN. BROWARD COUNTY SHERIFF NOTIFIED.",3,2022-03
2022-03-29,FLORIDA,ORLANDO,"PRELIM INFO FROM FAA OPS: ORLANDO, FL/UAS INCIDENT/1654E/CENTRAL FLORIDA TRACON ADVISED , B752, MCO - MSP, REPORTED WHITE UAS 500 FEET OFF THE LEFT SIDE WHILE E BOUND AT 3,000 FEET 11 S MCO. NO EVASIVE ACTION TAKEN. OSCEOLA COUNTY SHERIFF AVIATION UNIT NOTIFIED.",3,2022-03
2022-03-29,WEST VIRGINIA,CHARLESTON,"PRELIM INFO FROM FAA OPS: CHARLESTON, WV/UAS INCIDENT/1744E/CHARLESTON ATCT ADVISED , CESSNA C182, REPORTED A UAS AT 9 O'CLOCK POSITION AT 3,500 FEET WHILE E BOUND 19 W CHARLESTON. NO EVASIVE ACTION TAKEN. CHARLESTON ARPT PD NOTIFIED.",3,2022-03
2022-03-29,FLORIDA,ORLANDO,"PRELIM INFO FROM FAA OPS: ORLANDO, FL/UAS INCIDENT/1854E/CENTRAL FLORIDA TRACON ADVISED , B752, MSP - MCO, REPORTED A WHITE UAS AT 9 O'CLOCK POSITION AT 3,000 FEET WHILE E BOUND 11 S ORLANDO. NO EVASIVE ACTION TAKEN. OSCEOLA COUNTY SHERIFF NOTIFIED.",3,2022-03
2022-03-30,TEXAS,SAN ANTONIO,"PRELIM INFO FROM FAA OPS: SAN ANTONIO, TX/UAS INCIDENT/0740C/SAN ANTONIO TRACON ADVISED , CIRRUS SR22, EDC - UVA, REPORTED A WHITE UAS WHILE SW BOUND AT 8,000 FEET 19 NE SAT. NO EVASIVE ACTION TAKEN. LEO NOTIFICATION NOT REPORTED.",3,2022-03
2022-03-30,TEXAS,NEW BRAUNFELS,"PRELIM INFO FROM FAA OPS: NEW BRAUNFELS, TX/UAS INCIDENT/1411C/NEW BRAUNFELS ATCT ADVISED , PIPER P28A, REPORTED A WHITE UAS OFF THE RIGHT SIDE WHILE N BOUND AT 1,700 FEET 1 E BAZ. NO EVASIVE ACTION TAKEN. NEW BRAUNFELS PD NOTIFIED.",3,2022-03
2022-03-30,NEW YORK,NEW YORK,"PRELIM INFO FROM FAA OPS: NEW YORK, NY/UAS INCIDENT/1815E/JFK ATCT ADVISED , B77W, PARIS, FRANCE (LFPG) - JFK, REPORTED A UAS WHILE SW BOUND AT 700 FEET 3 NE JFK. NO EVASIVE ACTION REPORTED. NYPD NOTIFIED.",3,2022-03
2022-03-30,PENNSYLVANIA,PITTSBURGH,"PRELIM INFO FROM FAA OPS: PITTSBURGH, PA/UAS INCIDENT/1828E/PITTSBURGH ATCT ADVISED , CESSNA C208, BFD - PIT, REPORTED A BLACK AND WHITE UAS WHILE SW BOUND AT 7,000 FEET 4 NW PITTSBURGH NORTHEAST ARPT. NO EVASIVE ACTION TAKEN. ALLEGHENY COUNTY SHERIFF NOTIFIED.",3,2022-03
2022-03-30,WASHINGTON,SEATTLE,"PRELIM INFO FROM FAA OPS: SEATTLE, WA/UAS INCIDENT/1655P/SEATTLE TRACON ADVISED , DE HAVILLAND DH8D, GTF - SEA, REPORTED A BLUE UAS FROM THE 3 O'CLOCK POSITION WHILE W BOUND AT 5,000 FEET 15 SSE SEA. NO EVASIVE ACTION REPORTED. SUMNER POLICE NOTIFIED.",3,2022-03
2022-03-31,ARIZONA,PHOENIX,"PRELIM INFO FROM FAA OPS: PHOENIX, AZ/UAS INCIDENT/1031M/PHOENIX TRACON ADVISED , B737, MDW - PHX, REPORTED A WHITE UAS FROM THE LEFT SIDE AT SAME ALTITUDE WHILE S BOUND AT 5,000 FEET 9 NW PHX. NO EVASIVE ACTION TAKEN. PHOENIX ARPT PD NOTIFIED.",3,2022-03
2022-03-31,CALIFORNIA,LINDEN,"PRELIM INFO FROM FAA OPS: LINDEN, CA/UAS INCIDENT/1600P/NORCAL TRACON ADVISED , CESSNA C172, REPORTED UAS AT THE 12 O'CLOCK POSITION WHILE E BOUND AT 3,500 FEET 10 NNE LINDEN VOR. NO EVASIVE ACTION REPORTED. CALAVERAS COUNTY SHERIFF NOTIFIED.",3,2022-03
2022-03-31,CALIFORNIA,SALINAS,"PRELIM INFO FROM FAA OPS: SALINAS, CA/UAS INCIDENT/1739P/NORCAL TRACON ADVISED , CESSNA C210, REPORTED A UAS FROM THE 11 O'CLOCK POSITION WHILE W BOUND AT 6,500 FEET 4 S SALINAS. NO EVASIVE ACTION TAKEN. FRESNO COUNTY SHERIFF NOTIFIED.",3,2022-03
2022-03-31,ARIZONA,TUCSON,"PRELIM INFO FROM FAA OPS: TUCSON, AZ/UAS INCIDENT/1904M/TUCSON TRACON ADVISED , EUROCOPTER AS50, UNKN - UNKN, REPORTED UAS FROM THE 1 O'CLOCK POSITION WHILE N BOUND AT 4,000 FEET 8 N TUCSON. NO EVASIVE ACTION REPORTED. LAW ENFORCEMENT NOTIFICATION NOT REPORTED.",3,2022-03
2022-07-01,MARYLAND,PATUXENT RIVER,"PRELIM INFO FROM FAA OPS: PATUXENT RIVER, MD/UAS SIGHTING/1120E/WASHINGTON ARTCC ADVISED, PIPER P46T, SAV - ABE, REPORTED A LARGE WHITE UAS 1,000 FEET BELOW ACFT WHILE N BOUND AT FL210 5 S PATUXENT RIVER. NO EVASIVE ACTION TAKEN. ATTEMPTED TO CONTACT PATUXENT RIVER PD AT, WITH NO RESPONSE.",7,2022-07
2022-07-01,ARKANSAS,LITTLE ROCK,"PRELIM INFO FROM FAA OPS: LITTLE ROCK, AR/UAS SIGHTING/1200C/LITTLE ROCK TRACON ADVISED, PIPER PA46, ASG - LIT, REPORTED A SILVER UAS 20 FEET OFF THE RIGHT SIDE WHILE E BOUND AT 5,000 FEET 15 NNW LIT. NO EVASIVE ACTION TAKEN. PULASKI COUNTY SHERIFF NOTIFIED.",7,2022-07
2022-07-01,FLORIDA,TAMPA,"PRELIM INFO FROM FAA OPS: TAMPA, FL/UAS SIGHTING/1549E/JACKSONVILLE ARTCC ADVISED, BCS3, TPA - RIC, REPORTED A BLACK UAS FROM THE 9 O'CLOCK POSITION WHILE N BOUND AT 12,000 FEET 8 NNW TPA. NO EVASIVE ACTION TAKEN. LEO NOTIFICATION NOT REPORTED.",7,2022-07
2022-07-01,CALIFORNIA,MODESTO,"PRELIM INFO FROM FAA OPS: MODESTO, CA/UAS SIGHTING/1250P/NORCAL TRACON ADVISED, BEECH BE33, LOS BANOS, CA (LSN) - OROVILLE, CA (OVE), REPORTED A UAS PASSED 200 FEET OFF THE LEFT SIDE WHILE NNW BOUND AT 4,000 FEET 26 NE MODESTO. NO EVASIVE ACTION TAKEN. SAN JOAQUIN COUNTY SHERIFF NOTIFIED.",7,2022-07
2022-07-02,MARYLAND,ANNAPOLIS,"PRELIM INFO FROM FAA OPS: ANNAPOLIS, MD/UAS SIGHTING/1620E/BWI ATCT ADVISED, EXPERIMENTAL VAN'S RV7, REPORTED A SMALL BLUE UAS WHILE NW BOUND AT 300 FEET 1 ESE ANP. NO EVASIVE ACTION TAKEN. ANNE ARUNDEL COUNTY SHERIFF NOTIFIED.",7,2022-07
2022-07-02,CALIFORNIA,SACRAMENTO,"PRELIM INFO FROM FAA OPS: SACRAMENTO, CA/UAS SIGHTING/1125P/SACRAMENTO ATCT ADVISED, B763, SBD - SMF, REPORTED UAS FROM LEFT SIDE WHILE S BOUND AT 400 FEET .5 N SACRAMENTO. NO EVASIVE ACTION TAKEN. SACRAMENTO COUNTY SHERIFF NOTIFIED.",7,2022-07
2022-07-02,COLORADO,DENVER,"PRELIM INFO FROM FAA OPS: DENVER, CO/UAS SIGHTING/1232M/CENTENNIAL ATCT ADVISED, PIPER P28A, REPORTED A SILVER UAS FROM THE 10 O'CLOCK POSITION WHILE N BOUND AT 6,800 FEET 4 NW APA. NO EVASIVE ACTION TAKEN. ARAPAHOE COUNTY SHERIFF NOTIFIED.",7,2022-07
2022-07-02,NEW YORK,NEW YORK,"PRELIM INFO FROM FAA OPS: NEW YORK, NY/UAS SIGHTING/1745E/JFK ATCT ADVISED, A319, BOS - DCA, REPORTED A BLUE UAS 500 FEET BELOW ACFT WHILE SW BOUND AT 2,000 FEET 5 MILE FINAL RUNAWAY 22L. NO EVASIVE ACTION TAKEN. NEW YORK PORT AUTHORITY NOTIFIED.",7,2022-07
2022-07-03,NEW YORK,SYRACUSE,"PRELIM INFO FROM FAA OPS: SYRACUSE, NY/UAS SIGHTING/1020E/SYRACUSE TRACON ADVISED, CIRRUS SR22, SYR - COX, REPORTED A UAS FROM 9 O'CLOCK POSITION WHILE E BOUND AT 3,500 FEET 11 SSE SYR. NO EVASIVE ACTION TAKEN. ONOONDAGA COUNTY SHERIFF NOTIFIED.",7,2022-07
2022-07-03,COLORADO,DENVER,"PRELIM INFO FROM FAA OPS: DENVER, CO/UAS SIGHTING/0955M/DENVER TRACON ADVISED, B738, LAX - DEN, REPORTED A WHITE UAS FROM THE 9 O'CLOCK POSITION WHILE N BOUND AT 8,000 FEET 15 S DEN. NO EVASIVE ACTION TAKEN. DOUGLAS COUNTY DISPATCH NOTIFIED.",7,2022-07
2022-07-03,UTAH,PROVO,"PRELIM INFO FROM FAA OPS: PROVO, UT/UAS SIGHTING/1005M/PROVO FCT ADVISED, A320, AUS - PVU, REPORTED A UAS FROM THE 3 O'CLOCK POSITION WHILE ENE BOUND AT 8,000 FEET 10 NW PVU. NO EVASIVE ACTION TAKEN. LAW ENFORCEMENT NOTIFICATION NOT REPORTED.",7,2022-07
2022-07-03,TEXAS,HOUSTON,"PRELIM INFO FROM FAA OPS: HOUSTON, TX/UAS SIGHTING/1131C/IAH ATCT ADVISED , E75L, MIA - IAH, REPORTED RED QUADCOPTER UAS FROM THE 12 O'CLOCK POSITION WHILE ON 2 MILE FINAL RUNWAY 27 AT 1,800 FEET. NO EVASIVE ACTION REPORTED. HOUSTON PD AVIATION NOTIFIED.",7,2022-07
2022-07-03,KENTUCKY,LEXINGTON,"PRELIM INFO FROM FAA OPS: LEXINGTON, KY/UAS SIGHTING/1228E/LEXINGTON ATCT ADVISED, DIAMOND DA40, LEX - CHA, REPORTED A WHITE UAS FROM THE 3 O'CLOCK POSITION WHILE E BOUND AT 1,700 FEET 1 E LEX. NO EVASIVE ACTION TAKEN. ARPT PD NOTIFIED.",7,2022-07
2022-07-03,FLORIDA,FORT LAUDERDALE,"PRELIM INFO FROM FAA OPS: FORT LAUDERDALE, FL/UAS SIGHTING/1404E/FORT LAUDERDALE ATCT ADVISED, A320, CAP HAITIEN, HAITI (MTCH) - FLL, REPORTED A BLACK AND WHITE UAS FROM THE 3 O'CLOCK POSITION WHILE W BOUND AT 1,700 FEET 7 W FLL. NO EVASIVE ACTION TAKEN. BROWARD COUNTY SHERIFF NOTIFIED.",7,2022-07
2022-07-03,DISTRICT OF COLUMBIA,WASHINGTON D.C.,"PRELIM INFO FROM FAA OPS: WASHINGTON, D.C./UAS INCIDENT/LATE REPORT 7-3 1525E/GAO SECURITY ADVISED DC METRO POLICE RESPONDED TO REPORT OF UAS OPERATING OVER GAO BUILDING LOCATED AT 441 G ST NW. UAS CRASHED ON ROOF OF BUILDING. UAS OPERATOR IDENTIFIED. UAS RETRIEVED FROM ROOF AND CONFISCATED BY DC METRO PD.",7,2022-07
2022-07-03,NEW YORK,NEW YORK,"PRELIM INFO FROM FAA OPS: NEW YORK, NY/UAS SIGHTING/1606E/JFK ATCT ADVISED, E190, BOS - JFK, REPORTED UAS OFF RIGHT SIDE WHILE ON 2 MILE FINAL RUNWAY 22L AT 700 FEET. NO EVASIVE ACTION REPORTED. JFK ARPT OPS NOTIFIED.",7,2022-07
2022-07-03,CONNECTICUT,GROTON (NEW LONDON),"PRELIM INFO FROM FAA OPS: GROTON, CT/UAS SIGHTING/1640E/PROVIDENCE ATCT ADVISED, CESSNA C172, REPORTED WHITE UAS 1,500 FEET BELOW ACFT WHILE E BOUND AT 7,500 FEET 9 W GROTON. NO EVASIVE ACTION REPORTED. CROTON CITY PD NOTIFIED.",7,2022-07
2022-07-03,MARYLAND,CAMP SPRINGS,"PRELIM INFO FROM FAA OPS: CAMP SPRINGS, MD/UAS SIGHTING/1647E/POTOMAC TRACON ADVISED, A319, LGA - DCA, REPORTED UAS WHILE S BOUND AT 5,000 FEET 4 W ANDREWS AFB. NO EVASIVE ACTION REPORTED. MD SYSCOM NOTIFIED.",7,2022-07
2022-07-03,NEW YORK,NEW YORK,"PRELIM INFO FROM FAA OPS: NEW YORK, NY/UAS SIGHTING/1650E/NEW YORK TRACON ADVISED SEVERAL LGA DEPARTURES REPORTED A MULTI-COLORED UAS AT 1,000 FEET IN DEPARTURE PATH RUNWAY 4. NO EVASIVE ACTION OR IMPACT TO OPERATIONS REPORTED. NYPD AVIATION NOTIFIED.",7,2022-07
2022-07-03,NEW YORK,NEW YORK,"PRELIM INFO FROM FAA OPS: NEW YORK, NY/UAS SIGHTING/1740E/NEW YORK TRACON ADVISED SEVERAL LGA DEPARTURES REPORTED A BLACK UAS AT 4,000 FEET IN DEPARTURE CORRIDOR RUNWAY 4. NO EVASIVE ACTION OR IMPACT TO OPERATIONS REPORTED. NYPD AVIATION NOTIFIED.",7,2022-07
2022-07-03,CALIFORNIA,EL MONTE,"PRELIM INFO FROM FAA OPS: EL MONTE, CA/UAS SIGHTING/1443P/EL MONTE ATCT ADVISED, DIAMOND DA40, REPORTED SMALL UAS WHILE W BOUND AT 900 FEET 1 SW EL MONTE. NO EVASIVE ACTION REPORTED. LEOS NOT NOTIFIED.",7,2022-07
2022-07-04,ARKANSAS,LITTLE ROCK,"PRELIM INFO FROM FAA OPS: LITTLE ROCK, AR/UAS SIGHTING/0230E/LITTLE ROCK ATCT ADVISED MEDEVAC , BELL B407, REPORTED A UAS FROM THE 3 O'CLOCK POSITION WHILE ESE BOUND AT 2,000 FEET 6 WNW LIT. NO EVASIVE ACTION TAKEN. ARKANSAS STATE POLICE NOTIFIED.",7,2022-07
2022-07-04,FLORIDA,FORT LAUDERDALE,"PRELIM INFO FROM FAA OPS: FORT LAUDERDALE, FL/UAS SIGHTING/2125E/FORT LAUDERDALE ATCT ADVISED, A320, BWI - FLL, REPORTED UAS WHILE E BOUND AT 1,000 FEET 3 W FLL. NO EVASIVE ACTION TAKEN. LAW ENFORCEMENT NOTIFICATION NOT REPORTED.",7,2022-07
2022-07-04,FLORIDA,SARASOTA-BRADENTON,"PRELIM INFO FROM FAA OPS: SARASOTA-BRADENTON, FL/UAS SIGHTING/2124E/SARASOTA ATCT ADVISED, DIAMOND DA40, REPORTED BLACK UAS FROM THE 9 O'CLOCK POSITION WHILE W BOUND AT 1,000 FEET 6 S SRQ. NO EVASIVE ACTION TAKEN. SARASOTA COUNTY SHERIFF NOTIFIED.",7,2022-07
2022-07-04,INDIANA,SOUTH BEND,"PRELIM INFO FROM FAA OPS: SOUTH BEND, IN/UAS SIGHTING/2245E/SOUTH BEND ATCT REPORTED A UAS AT 200 FEET EAST OF FIELD FILMING FIREWORKS HEADING NE BOUND. NO IMPACT TO OPERATIONS. ST JOSEPHS COUNTY PD NOTIFIED.",7,2022-07
2022-07-04,INDIANA,SOUTH BEND,"PRELIM INFO FROM FAA OPS: SOUTH BEND, IN/LASER INCIDENT/2315E/SOUTHBEND ATCT REPORTED GENERAL DESCRIPTION OF UAS SOUTHEAST OF FIELD TRAVELING NORTHEAST BTWN 200 AND 500 FEET, PRESUMABLY FILMING FIREWORKS. A/C IN THE VICINITY WERE INFORMED. NO IMPACT TO OPERATIONS. LEO WAS NOTIFIED.",7,2022-07
2022-07-04,INDIANA,SOUTH BEND,"PRELIM INFO FROM FAA OPS: SOUTH BEND, IN/UAS SIGHTING/2338E/SOUTHBEND ATCT ADVISED, HELO, REPORTED UAS AT 1,900 FEET AT 6 O'CLOCK POSITION WHILE ON SEARCH ACTIVITY WHILE E BOUND  5 N GSM VOR. NO EVASIVE ACTION REPORTED. GROUND UNITS NOTIFIED. PHONE NUMBER NOT PROVIDED.",7,2022-07
2022-07-04,CALIFORNIA,SAN JOSE,"PRELIM INFO FROM FAA OPS: SAN JOSE, CA/UAS SIGHTING/2249P/SAN JOSE ATCT ADVISED, B737, BUR - SJC, REPORTED A UAS FROM THE 3 O'CLOCK POSITION WHILE WNW BOUND AT 1,500 FEET 5 ESE SJC. NO EVASIVE ACTION TAKEN. SAN JOSE PD NOTIFIED.",7,2022-07
2022-07-05,MINNESOTA,MINNEAPOLIS,"PRELIM INFO FROM FAA OPS: MINNEAPOLIS, MN/UAS SIGHTING/1450C/FLYING CLOUD ATCT ADVISED, CESSNA C172, FCM - FCM, REPORTED A UAS WHILE SW BOUND AT 2,300 FEET 3 S FCM. NO EVASIVE ACTION TAKEN. SCOTT COUNTY SHERIFF NOTIFIED.",7,2022-07
2022-07-05,TEXAS,HOUSTON,"PRELIM INFO FROM FAA OPS: HOUSTON, TX/UAS SIGHTING/1755C/HOUSTON TRACON, E45X, OKC - IAH, REPORTED A UAS FROM THE LEFT SIDE WHILE SE BOUND AT 4,000 FEET 25 W IAH. NO EVASIVE ACTION. FBI TO BE NOTIFIED.",7,2022-07
2022-07-05,TEXAS,HOUSTON,"PRELIM INFO FROM FAA OPS: HOUSTON, TX/UAS SIGHTING/1800C/HOUSTON TRACON ADVISED, E145, OKC - IAH, REPORTED GREY QUAD COPTER UAS FROM THE 11 O'CLOCK POSITION WHILE SSE BOUND AT 4,000 FEET 5 W IAH. NO EVASIVE ACTION REPORTED. FBI NOTIFIED.",7,2022-07
2022-07-05,NEW YORK,WHITE PLAINS,"PRELIM INFO FROM FAA OPS: WHITE PLAINS, NY/UAS SIGHTING/1453E/NEW YORK TRACON ADVISED, BOMBARDIER GLEX, REPORTED AN ORANGE UAS FROM THE 3 O'CLOCK POSITION WHILE SW BOUND AT 5,000 FEET 10 NE HPN. NO EVASIVE ACTION TAKEN. NYS POLICE NOTIFIED.",7,2022-07
2022-07-06,KENTUCKY,LOUISVILLE,"PRELIM INFO FROM FAA OPS: LOUISVILLE, KY/UAS SIGHTING/1030E/LOUISVILLE ATCT ADVISED, EMBRAER E314, REPORTED A BLACK UAS WHILE W BOUND AT 2,000 FEET 6 ENE SDF. PILOT MADE A 360 DEGREE TURN AFTER SEEING THE UAS. LEO NOTIFICATION NOT REPORTED.",7,2022-07
2022-07-06,NEW YORK,NEW YORK,"PRELIM INFO FROM FAA OPS: NEW YORK, NY/UAS SIGHTING/1133E/JFK ATCT ADVISED, A21N, HEALTHROW LONDON (LHR) - JFK, REPORTED UAS AT THE 2 O'CLOCK POSITION WHILE NW BOUND AT 1,000 FEET 3 SE JFK. NO EVASIVE ACTION TAKEN. PORT AUTHORITY AOC NOTIFIED.",7,2022-07
2022-07-06,NEW JERSEY,CALDWELL,"PRELIM INFO FROM FAA OPS: CALDWELL, NJ/UAS SIGHTING/1336E, CESSNA C172, REPORTED A UAS WHILE AT 2,000 FEET OVER THE AIRPORT. NO EVASIVE ACTION REPORTED.  LOCAL LAW ENFORCEMENT WAS NOTIFIED.",7,2022-07
2022-07-06,CALIFORNIA,LOS ANGELES,"PRELIM INFO FROM FAA OPS: LOS ANGELES, CA/UAS SIGHTING/1249P/SOCAL TRACON ADVISED, A350, EGLL - LAX, OBSERVED A UAS WHILE WESTBOUND AT 6,500 FEET, 22 E LAX. NO EVASIVE ACTION REPORTED. NO LEO NOTIFICATION PROVIDED.",7,2022-07
2022-07-06,IDAHO,BOISE,"PRELIM INFO FROM FAA OPS: BOISE, ID/UAS SIGHTING/1453M/BOISE APPROACH ADVISED, B737, DEN  - BOI, OBSERVED A SILVER & WHITE UAS ON LEFT SIDE WHILE NORTHBOUND AT 15,500 FEET, 39 E BOISE. NO EVASIVE ACTION TAKEN. NO LEO NOTIFICATION.",7,2022-07
2022-07-07,GEORGIA,ATLANTA,"PRELIM INFO FROM FAA OPS: ATLANTA, GA/UAS SIGHTING/1015E/ATLANTA ATCT ADVISED, B752, CHS - ATL, REPORTED A BLACK UAS FROM THE 9 O'CLOCK POSITION WHILE W BOUND AT 2,000 FEET 3 E ATLANTA, GA. NO EVASIVE ACTION TAKEN. LOCAL LAW ENFORCEMENT NOTIFIED.",7,2022-07
2022-07-07,WYOMING,JACKSON,"PRELIM INFO FROM FAA OPS: JACKSON, WY/UAS SIGHTING/1342M/JACKSON HOLE ATCT ADVISED, GULFSTREAM G280, REPORTED TWO SILVER UAS  WHILE S BOUND AT 10,500 FEET 14 N JACKSON. NO EVASIVE ACTION TAKEN. GRAND TETON NATIONAL PARK RANGERS DISPATCHED NOTIFIED.",7,2022-07
2022-07-08,TENNESSEE,CHATTANOOGA,"PRELIM INFO FROM FAA OPS: CHATTANOOGA, TN/UAS SIGHTING/1355E/CHATTANOOGA ATCT ADVISED, TEX2, REPORTED QUAD COPTER UAS WHILE S BOUND TO RUNWAY 20 AT 400 FEET 3 S CHATTANOOGA ARPT. NO EVASIVE ACTION REPORTED. ARPT PD NOTIFIED.",7,2022-07
2022-07-08,NEVADA,LAS VEGAS,"PRELIM INFO FROM FAA OPS: LAS VEGAS, NV/UAS SIGHTING/2028P/LAS VEGAS ATCT ADVISED, ROBINSON R44, REPORTED A UAS 2,500 FEET BELOW HELO WHILE S BOUND AT 3,000 FEET 1 W LAS. NO EVASIVE ACTION TAKEN. UAS WAS SOUTH OF THE RIO CASINO. LAS VEGAS PD NOTIFIED.",7,2022-07
2022-07-09,FLORIDA,TAMPA,"PRELIM INFO FROM FAA OPS: TAMPA, FL/UAS SIGHTING/1045E/TAMPA ATCT ADVISED, A321, PHL - TPA, REPORTED AN UAS 1,000 FEET BELOW ACFT WHILE S BOUND AT 2,000 FEET 5 N TPA. NO EVASIVE ACTION TAKEN. HILLSBORO PD NOTIFIED.",7,2022-07
2022-07-09,CALIFORNIA,SACRAMENTO,"PRELIM INFO FROM FAA OPS: SACRAMENTO, CA/UAS SIGHTING/1235P/SACRAMENTO ATCT ADVISED, B739, MSP - SMF, REPORTED A GREEN UAS AT SAME ALTITUDE WHILE N BOUND AT 1,100 FEET ON 4 MILE FINAL FOR RUNWAY 17L. NO EVASIVE ACTION TAKEN. SACRAMENTO COUNTY SHERIFF NOTIFIED.",7,2022-07
2022-07-10,INDIANA,EVANSVILLE,"PRELIM INFO FROM FAA OPS: EVANSVILLE, IN/UAS SIGHTING/0910C/EVANSVILLE ATCT ADVISED, ROCKWELL AC11, OWB - OWB, REPORTED A RED UAS FROM THE LEFT SIDE WHILE NE BOUND AT 1,600 FEET 4 SW EVV. NO EVASIVE ACTION TAKEN. EVANSVILLE PD NOTIFIED.",7,2022-07
2022-07-10,FLORIDA,ORLANDO,"PRELIM INFO FROM FAA OPS: ORLANDO, FL/UAS SIGHTING/1050E/ORLANDO EXECUTIVE ATCT ADVISED , PIPER P28R, ORL - ORL, REPORTED A WHITE UAS WHILE WNW BOUND AT 1,200 FEET 3 WNW ORL. NO EVASIVE ACTION TAKEN. ORLANDO SHERIFF AIR UNIT NOTIFIED.",7,2022-07
2022-07-10,MAINE,PORTLAND,"PRELIM INFO FROM FAA OPS: PORTLAND, ME/UAS SIGHTING/1150E/PORTLAND ATCT ADVISED, MAULE M7, PWM - PWM, REPORTED A WHITE QUAD-ROTOR UAS FROM 500 FEET BELOW THE RIGHT SIDE WHILE E BOUND AT AT 1,300 FEET 2 S PWM. NO EVASIVE ACTION TAKEN. SOUTH PORTLAND PD NOTIFIED.",7,2022-07
2022-07-10,NEW YORK,ROME,"PRELIM INFO FROM FAA OPS: ROME, NY/UAS SIGHTING/1208E/ROME ATCT ADVISED, PIPER P28A, REPORTED UAS OFF RIGHT SIDE WHILE W BOUND AT 1,500 FEET 1 NW ROME. NO EVASIVE ACTION REPORTED. PILOT STATED POSSIBLE NMAC. ROME PD NOTIFIED.",7,2022-07
2022-07-10,NEW YORK,NEW YORK,"PRELIM INFO FROM FAA OPS: NEW YORK, NY/UAS SIGHTING/1300E/JFK ATCT ADVISED, E75S, CLE - JFK, REPORTED UAS AT SAME ALTITUDE WHILE NE BOUND AT 1,200 FEET 3 WNW JFK. NO EVASIVE ACTION REPORTED. NY PORT AUTHORITY AND NYPD AVIATION UNITS NOTIFIED.",7,2022-07
2022-07-10,NEW YORK,NEW YORK,"PRELIM INFO FROM FAA OPS: NEW YORK, NY/UAS SIGHTING/1503E/JFK ATCT ADVISED, A21N, SAN JUAN, PUERTO RICO (SJU) - JFK, REPORTED ORANGE UAS OFF LEFT SIDE WHILE SE BOUND AT 600 FEET 2 SW JFK. NO EVASIVE ACTION REPORTED. FOLLOWING ACFT DID NOT REPORT SEEING THE UAS. NY PORT AUTHORITY NOTIFIED.",7,2022-07
2022-07-10,IDAHO,BOISE,"PRELIM INFO FROM FAA OPS: BOISE, ID/UAS SIGHTING/1332M/W-ROC ADVISED, PILATUS PC12, MYL - BOI, REPORTED A UAS AT 4,200 FEET 2 NE BOI. NO EVASIVE ACTION TAKEN. BOISE DISPATCH NOTIFIED.",7,2022-07
2022-07-10,VIRGINIA,MANASSAS,"PRELIM INFO FROM FAA OPS: MANASSAS, VA/UAS SIGHTING/1706E/MANASSAS ATCT ADVISED, SOCATA TMB7, SFM - HEF, REPORTED UAS AT THE 12 O'CLOCK POSITION WHILE SSE BOUND AT 2,000 FEET 3 NNW MANASSAS. NO EVASIVE ACTION REPORTED. PRINCE WILLIAM COUNTY PD NOTIFIED.",7,2022-07
2022-07-10,NEW YORK,ALBANY,"PRELIM INFO FROM FAA OPS: ALBANY, NY/UAS SIGHTING/1725E/ALBANY APCH ADVISED, CESSNA C172, ALB - UNKN, REPORTED GREY UAS AT THE 12 O'CLOCK POSITION WHILE TURNING E BOUND AT 1,000 FEET 3 N ALBANY. NO EVASIVE ACTION REPORTED. SARATOGA COUNTY SHERIFF NOTIFIED.",7,2022-07
2022-07-10,ARKANSAS,LITTLE ROCK,"PRELIM INFO FROM FAA OPS: LITTLE ROCK, AR/UAS SIGHTING/1935C/LITTLE ROCK ATCT ADVISED, SIKORSKY S76, REPORTED A UAS WHILE NE BOUND AT 2,000 FEET 9 W LIT. NO EVASIVE ACTION TAKEN. PULASKI COUNTY PD NOTIFIED.",7,2022-07
2022-07-11,NORTH CAROLINA,RALEIGH/DURHAM,"PRELIM INFO FROM FAA OPS: RALEIGH-DURHAM, NC/UAS SIGHTING/1128E/RALEIGH DURHAM ATCT ADVISED, CRJ9, EWR - RDU, REPORTED A UAS FROM THE RIGHT SIDE WHILE WSW BOUND AT 4,000 FEET 5 SSE RDU. NO EVASIVE ACTION TAKEN. WAKE COUNTY SHERIFF NOTIFIED.",7,2022-07
2022-07-11,LOUISIANA,MONROE,"CORRECTION INFO (CALLSIGN) FROM FAA OPS: MONROE, LA/UAS SIGHTING/1000C/MONROE ATCT ADVISED, T1, CBM - MLU, OBSERVED AN ORANGE UAS OFF THE LEFT SIDE WHILE TURNING BASE LEG TO RUNWAY 4 AT 900 FEET 1.5 NE MLU. NO EVASIVE ACTION WAS TAKEN. MONROE PD NOTIFIED.",7,2022-07
2022-07-11,NEW YORK,NEW YORK,"PRELIM INFO FROM FAA OPS: NEW YORK, NY/UAS SIGHTING/1339E/NEW YORK TRACON ADVISED ENDEAVOR 5272, CRJ9, ILM - LGA, REPORTED A BLACK/YELLOW UAS FROM THE LEFT SIDE WHILE SW BOUND AT 5,600 FEET 1 NE LGA. NO EVASIVE ACTION TAKEN. NY-NJ PORT AUTHORITY NOTIFIED.",7,2022-07
2022-07-11,WISCONSIN,EAU CLAIRE,"PRELIM INFO FROM FAA OPS: EAU CLAIRE, WI/UAS SIGHTING/1330C/MINNEAPOLIS ARTCC ADVISED, A321, BOS - MSP, REPORTED A BLACK/RED UAS WHILE W BOUND AT FL200 VCNTY EAU. NO EVASIVE ACTION TAKEN. EAU CLAIRE COUNTY SHERIFF NOTIFIED.",7,2022-07
2022-07-12,COLORADO,DENVER,"PRELIM INFO FROM FAA OPS: DENVER, CO/UAS SIGHTING/1008M/CENTENNIAL ATCT ADVISED, CESSNA C172, REPORTED A WHITE UAS OFF FRONT SIDE WHILE S BOUND AT 7,000 FEET 3 S CENTENNIAL ARPT. NO EVASIVE ACTION TAKEN. DOUGLAS COUNTY SHERIFF NOTIFIED.",7,2022-07
2022-07-12,MARYLAND,CAMP SPRINGS,"PRELIM INFO FROM FAA OPS: CAMP SPRINGS, MD/UAS SIGHTING/1310E/ANDREWS ATCT ADVISED, C130, SCH - ADW, REPORTED A BLACK QUADCOPTER UAS OFF LEFT SIDE AT 150 FEET WHILE ON FINAL FOR RUNWAY 19R. NO EVASIVE ACTION TAKEN. BASE DEFENSE OPERATIONS COMMAND NOTIFIED.",7,2022-07
2022-07-12,ILLINOIS,AURORA,"PRELIM INFO FROM FAA OPS: AURORA, IL/UAS SIGHTING/1522E/AURORA ATCT REPORTED, PIPER P28A, OBSERVED A UAS WHILE SOUTHBOUND AT 1,200 FEET, 1 S AURORA. NO EVASIVE ACTION TAKEN. MARION COUNTY SHERIFF NOTIFIED.",7,2022-07
2022-07-13,FLORIDA,ORLANDO,"PRELIM INFO FROM FAA OPS: ORLANDO, FL/UAS SIGHTING/0735E/ORLANDO ATCT ADVISED, BOMBARDIER CL30, ELZ - MCO, OBSERVED A UAS WHILE SOUTHBOUND AT 1,900 FEET, 7 N MCO. NO EVASIVE ACTION REPORTED. ORANGE COUNTY SHERIFF NOTIFIED.",7,2022-07
2022-07-13,FLORIDA,ORLANDO,"PRELIM INFO FROM FAA OPS: ORLANDO, FL/UAS SIGHTING/1135E/ORLANDO ATCT ADVISED, BOMBARDIER CL30, ELZ - MCO, REPORTED A WHITE QUADCOPTER OFF LEFT SIDE WHILE S BOUND 7 N MCO. NO EVASIVE ACTION TAKEN. ORANGE COUNTY SHERIFF AVIATION DEPARTMENT NOTIFIED.",7,2022-07
2022-07-13,NEW HAMPSHIRE,PORTSMOUTH,"PRELIM INFO FROM FAA OPS: PORTSMOUTH, NH/UAS SIGHTING/1210E/PORTSMOUTH ATCT ADVISED, PIPER P28A, REPORTED UAS OFF RIGHT SIDE WHILE NNW BOUND AT 1,100 FEET 5 SSE PSM. NO EVASIVE ACTION TAKEN. NEWINGTON PD NOTIFIED.",7,2022-07
2022-07-13,FLORIDA,WEST PALM BEACH,"PRELIM INFO FROM FAA OPS: WEST PALM BEACH, FL/UAS SIGHTING/1304E/PALM BEACH TRACON ADVISED, BEECH BE30, REPORTED A WHITE QUADCOPTER 500 FEET BELOW WHILE E BOUND AT 3,000 FEET 15 W PBI. NO EVASIVE ACTION TAKEN. PALM BEACH COUNTY SHERIFF NOTIFIED.",7,2022-07
2022-07-13,NEW JERSEY,CALDWELL,"PRELIM INFO FROM FAA OPS: CALDWELL, NJ/UAS SIGHTING/1643E/NEW YORK TRACON ADVISED, GULFSTREAM GA6C, TEB - FOK, OBSERVED A QUAD-COPTER UAS WHILE NORTHEAST BOUND AT 9,000 FEET, 5 N CALDWELL. NO INJURIES REPORTED. NYPD AVIATION UNIT NOTIFIED.",7,2022-07
2022-07-13,VIRGINIA,CHARLOTTESVILLE,"UPDATE INFO (EVASIVE ACTION) FROM FAA OPS: CHARLOTTESVILLE, VA/UAS SIGHTING/1718E/CHARLOTTESVILLE ATCT ADVISED, CESSNA C172, REPORTED A BLACK QUADCOPTER OFF LEFT SIDE WHILE S BOUND AT 1,600 FEET 1 S CHO. ACFT TOOK EVASIVE ACTION AND TURNED TO AVOID UAS. CHARLOTTESVILLE ARPT PD NOTIFIED.",7,2022-07
2022-07-13,CALIFORNIA,ONTARIO,"PRELIM INFO FROM FAA OPS: ONTARIO, CA/UAS SIGHTING/1437P/CHINO ATCT ADVISED, PIPER P28A,  REPORTED UAS AT THE 12 O'CLOCK POSITION WHILE E BOUND AT 2,000 FEET 3 NW PARADISE VORTAC. NO EVASIVE ACTION TAKEN. EASTVALE PD NOTIFIED.",7,2022-07
2022-07-13,CALIFORNIA,SAN JOSE,"PRELIM INFO FROM FAA OPS: SAN JOSE, CA/UAS SIGHTING/1750P/REID-HILLVIEW OF SANTA CLARA ATCT ADVISED, CESSNA C180, OBSERVED A UAS AT THE 11 O'CLOCK POSITION WHILE NORTHWEST BOUND AT 400 FEET 5 E SAN JOSE ARPT (RHV). NO EVASIVE ACTION TAKEN. SAN JOSE PD NOTIFIED.",7,2022-07
2022-07-13,ILLINOIS,CHICAGO/WEST CHICAGO,"PRELIM INFO FROM FAA OPS: CHICAGO/WEST CHICAGO, IL/UAS SIGHTING/2025C/CHICAGO TRACON ADVISED, BCS1, LGA - ORD, REPORTED UAS AT THE 1 O'CLOCK POSITION WHILE W BOUND AT 5,000 FEET 10 SE DUPAGE AIRPORT. NO EVASIVE ACTION TAKEN. WEST CHICAGO PD NOTIFIED.",7,2022-07
2022-07-14,FLORIDA,WEST PALM BEACH,"PRELIM INFO FROM FAA OPS: WEST PALM BEACH, FL/UAS SIGHTING/1427E/PALM BEACH TRACON ADVISED, A320, CVG - PBI, OBSERVED A UAS ON LEFT SIDE WHILE SOUTHBOUND AT 2,000 FEET, 10 NW PBI. UAS PASSED APPROX 100 FEET BELOW ACFT. NO EVASIVE ACTION REPORTED. PALM BEACH COUNTY SHERIFF NOTIFIED.",7,2022-07
2022-07-15,COLORADO,DENVER,"PRELIM INFO FROM FAA OPS: DENVER, CO/UAS SIGHTING/1228M/DENVER ATCT ADVISED, CRJ2, LBL - DEN, REPORTED A TAN UAS FROM THE RIGHT SIDE WHILE S BOUND AT 6,500 FEET 5 N DEN. NO EVASIVE ACTION TAKEN. DIA PD NOTIFIED.",7,2022-07
2022-07-15,NEW YORK,POUGHKEEPSIE,"PRELIM INFO FROM FAA OPS: POUGHKEEPSIE, NY/UAS SIGHTING/1952E/HUDSON VALLEY ATCT ADVISED, PIPER P28A, REPORTED UAS WHILE SW BOUND AT 1,200 FEET 1 W POU. NO EVASIVE ACTION TAKEN. DUTCHESS COUNTY SHERIFF NOTIFIED.",7,2022-07
2022-07-16,MICHIGAN,DETROIT,"PRELIM INFO FROM FAA OPS: DETROIT, MI/UAS SIGHTING/1709E/NAVY BLUEAN, (6)/FA18, WAYNE COUNTY ARPT AUTHORITY (YIP) REPORTED A UAS ESE BOUND AT 100 FEET 1.3 S YIP. ATC PROVIDED TRAFFIC ADVISORY TO NAVY BLUEAN. NO EVASIVE ACTION TAKEN. TOWER WCAA LOCATED  OPERATOR. OPERATOR STATED HE HAD APPROVAL FOR AIRSHOW. WCAA REPORT #22-19394. FAA LEAP NOTIFIED.",7,2022-07
2022-07-16,OHIO,CLEVELAND,"PRELIM INFO FROM FAA OPS: CLEVELAND, OH/UAS SIGHTING/1710E/CLEVELAND ATCT ADVISED, LEARJET LJ60, BWI - CLE, REPORTED WHITE QUAD COPTER UAS 2,800 FEET BELOW ACFT FROM THE LEFT SIDE WHILE SW BOUND AT 4,000 FEET 2 NE CLE. NO EVASIVE ACTION TAKEN. CLEVELAND PD NOTIFIED.",7,2022-07
2022-07-16,COLORADO,DENVER,"PRELIM INFO FROM FAA OPS: DENVER, CO/UAS SIGHTING/1542M/DENVER TRACON ADVISED, CRJ2, PSP - DEN, REPORTED A BLACK UAS WHILE N BOUND AT 6,500 FEET 4 S DEN. NO EVASIVE ACTION TAKEN. LEO NOTIFICATION NOT REPORTED.",7,2022-07
2022-07-16,LOUISIANA,NEW ORLEANS,"PRELIM INFO FROM FAA OPS: NEW ORLEANS, LA/UAS SIGHTING/2114C/NEW ORLEANS ATCT ADVISED, HELO, REPORTED 6-8 UAS WHILE NNE BOUND AT 1,500 FEET 3 SSE NEW ORLEANS (NEW). NO EVASIVE ACTION TAKEN. ORLEANS PARISH SHERIFF NOTIFIED.",7,2022-07
2022-07-16,GEORGIA,ATLANTA,"PRELIM INFO FROM FAA OPS: ATLANTA, GA/UAS SIGHTING/2214E/PEACHTREE ATCT ADVISED, ROBINSON R44, PDK - PDK, REPORTED UAS WITH RED AND GREEN FLASHING LIGHTS WHILE ORBITING AT 1,700 FEET 4 SW PDK. NO EVASIVE ACTION TAKEN. ATLANTA PD NOTIFIED.",7,2022-07
2022-07-17,GEORGIA,ATLANTA,"PRELIM INFO FROM FAA OPS: ATLANTA, GA/UAS SIGHTING/1731E/ATLANTA ATCT ADVISED, CESSNA C172, REPORTED A BLUE UAS AT 1 O'CLOCK POSITION AT 3,500 FEET WHILE SE BOUND 5 SE PDK. NO EVASIVE ACTION REPORTED. LEO NOTIFIED.",7,2022-07
2022-07-17,FLORIDA,ORLANDO,"PRELIM INFO FROM FAA OPS: ORLANDO, FL/UAS SIGHTING/1121E/ORLANDO ATCT ADVISED, BEECH BE40, GSO - ORL, REPORTED A BLACK UAS PASSING ON LEFT SIDE OF AIRCRAFT AT 500 FEET ON .25 MILE FINAL RWY 7. NO EVASIVE ACTION REPORTED. LEO NOTIFIED; HOWEVER, AGENCY AND PHONE NUMBER NOT REPORTED.",7,2022-07
2022-07-17,GEORGIA,ATLANTA,"PRELIM INFO FROM FAA OPS: ATLANTA, GA/UAS SIGHTING/1209E/DEKALB-PEACHTREE ATCT ADVISED, PILATUS PC12, REPORTED A BROWN AND WHITE UAS ON LEFT SIDE OF AIRCRAFT AT 2,000 FEET WHILE WESTBOUND 2 NE PDK. NO EVASIVE ACTION REPORTED. LEO NOTIFIED.",7,2022-07
2022-07-17,NEW YORK,NEW YORK,"PRELIM INFO FROM FAA OPS: NEW YORK, NY/UAS SIGHTING/1318E/JFK ATCT ADVISED, A320, JAX - JFK, REPORTED A WHITE UAS AT 800 FEET BASE LEG RWY 13L 2MILES FROM JFK. NO EVASIVE ACTION TAKEN. PORT AUTHORITY NOTIFIED.",7,2022-07
2022-07-17,MICHIGAN,TRAVERSE CITY,"PRELIM INFO FROM FAA OPS: TRAVERSE CITY, MI/UAS SIGHTING/1346E/TRAVERSE CITY ATCT ADVISED GAMA AVIATION 899, BEECH B350, PLN - TVC, REPORTED A UAS FROM THE 12 O'CLOCK POSITION WHILE E BOUND AT 1,000 FEET 3 W TVC. NO EVASIVE ACTION TAKEN. TRAVERSE CITY PD NOTIFIED.",7,2022-07
2022-07-17,ILLINOIS,CHICAGO,"PRELIM INFO FROM FAA OPS: CHICAGO, IL/UAS INCIDENT/2125C/CHICAGO-MIDWAY ATCT ADVISED, CESSNA C172, OBSERVED A UAS WITH GREEN LIGHTS WHILE NORTHBOUND AT 1,700 FEET 5 NE CHICAGO MIDWAY ARPT. PIC REPORTED TAKING EVASIVE ACTION. CHICAGO CITY PD NOTIFIED.",7,2022-07
2022-07-18,FLORIDA,ORLANDO,"PRELIM INFO FROM FAA OPS: ORLANDO, FL/UAS SIGHTING/1033E/ORLANDO ATCT ADVISED, A321, LGA - MCO, REPORTED A BLACK UAS FROM THE LEFT SIDE WHILE S BOUND AT 400 FEET 4 N MCO. NO EVASIVE ACTION TAKEN. ORANGE COUNTY PD NOTIFIED.",7,2022-07
2022-07-18,FLORIDA,ORLANDO,"PRELIM INFO FROM FAA OPS: ORLANDO, FL/UAS SIGHTING/1033E/ORLANDO ATCT ADVISED, A20N, SAN JUAN, PUERTO RICO (TJSJ) - MCO, REPORTED A BLACK UAS FROM THE LEFT SIDE WHILE S BOUND AT 400 FEET 4 N MCO. NO EVASIVE ACTION TAKEN. ORANGE COUNTY PD NOTIFIED.",7,2022-07
2022-07-18,ILLINOIS,CHICAGO,"PRELIM INFO FROM FAA OPS: CHICAGO, IL/UAS SIGHTING/1857C/CHICAGO TRACON ADVISED, E170, XNA - ORD, REPORTED UAS AT 10 O'CLOCK POSITION WHILE E BOUND AT 5,000 FEET 17 ESE ORD. NO EVASIVE ACTION TAKEN. CHICAGO PD NOTIFIED.",7,2022-07
2022-07-19,MARYLAND,SUITLAND,"PRELIM INFO FROM FAA OPS: SUITLAND, MD/UAS SIGHTING/1026E/THE OFFICE OF NAVAL INTELLIGENCE REPORTED A BLACK UAS SE BOUND AT 1,000 FEET VCNTY THE NOAA AND THE U. S CENSUS BUREAU BUILDINGS. CENSUS BUREAU PD NOTIFIED. NO ACFT INVOLVED.",7,2022-07
2022-07-19,PENNSYLVANIA,FRANKLIN,"PRELIM INFO FROM FAA OPS: FRANKLIN, PA/UAS INCIDENT/LATE REPORT-1330E/FSOC ADVISED, BELL B06, REPORTED A WHITE UAS THAT STRUCK THE VERTICAL STABILIZER AND ROTOR BETWEEN 450-500 FEET 35 SE FRANKLIN VOR. NO EVASIVE ACTION TAKEN. PENNSYLVANIA STATE POLICE NOTIFIED.",7,2022-07
2022-07-19,CALIFORNIA,TORRANCE,"PRELIM INFO FROM FAA OPS: TORRANCE, CA/UAS SIGHTING/1350P, TECNAM P06T, REPORTED A UAS AT 100-150 FEET .5 NE TOA. NO EVASIVE ACTION TAKEN. LEO NOTIFICATION NOT REPORTED.",7,2022-07
2022-07-19,ALASKA,KOTZEBUE,"PRELIM INFO FROM FAA OPS: KOTZEBUE, AK/UAS SIGHTING/1534L/ARPT MANAGER RECEIVED A REPORT FROM LOCAL PILOT ON THE GROUND THAT A UAS HAD OVERFLOWN KOTZEBUE ARPT (OTZ) WHILE NORTHBOUND AT 100 FT ELEVATION. NO LEO INFORMATION PROVIDED..",7,2022-07
2022-07-19,TEXAS,HOUSTON,"PRELIM INFO FROM FAA OPS: HOUSTON, TX/UAS SIGHTING/1853C/HOUSTON TRACON ADVISED, B762, IAH - RFD, OBSERVED A UAS 500 FEET BELOW ACFT WHILE NORTHBOUND AT 2,900 FEET, 9 N IAH. NO EVASIVE ACTION REPORTED. HOUSTON FBI FIELD OFFICE NOTIFIED.",7,2022-07
2022-07-20,NEW YORK,WHITE PLAINS,"PRELIM INFO FROM FAA OPS: WHITE PLAINS, NY/UAS SIGHTING/1405E/WESTCHESTER ATCT ADVISED, CIRRUS SR22, OBSERVED A SILVER UAS AT THE 3 O'CLOCK POSITION WHILE SSE BOUND AT 1,500 FEET 1 NE WHITE PLAINS. NO EVASIVE ACTION TAKEN. LEO WAS NOTIFIED.",7,2022-07
2022-07-20,NEW YORK,NEW YORK,"PRELIM INFO FROM FAA OPS: NEW YORK, NY/UAS SIGHTING/1812E/NEW YORK TRACON ADVISED, CRJ9, MKE - LGA, REPORTED A YELLOW AND BLACK UAS FROM THE 9 O'CLOCK POSITION WHILE NE BOUND AT 5,000 FEET 13 SW LGA. NO EVASIVE ACTION TAKEN. PORT AUTHORITY NOTIFIED.",7,2022-07
2022-07-20,MINNESOTA,MINNEAPOLIS,"PRELIM INFO FROM FAA OPS: MINNEAPOLIS, MN/UAS SIGHTING/2049C/MINNEAPOLIS ATCT ADVISED, C130, REPORTED A UAS  200 FEET ABOVE  ACFT AT THE 2 O'CLOCK POSITION WHILE ON 7 MILE FINAL RUNWAY 30R AT 2,800 FEET. NO EVASIVE ACTION TAKEN. DAKOTA COUNTY SHERIFF NOTIFIED.",7,2022-07
2022-07-20,MINNESOTA,MINNEAPOLIS,"PRELIM INFO FROM FAA OPS: MINNEAPOLIS, MN/UAS SIGHTING/2049C/MINNEAPOLIS ATCT ADVISED, C130, REPORTED A UAS FROM BELOW THE LEFT SIDE WHILE NW BOUND AT 3,000 FEET 10 ESE MSP. NO EVASIVE ACTION TAKEN. DAKOTA COUNTY SHERIFF NOTIFIED.",7,2022-07
2022-07-20,TEXAS,HOUSTON,"PRELIM INFO FROM FAA OPS: HOUSTON, TX/UAS SIGHTING/2302C/HOUSTON INTCL ATCT ADVISED, HELO, REPORTED A UAS 400 FEET BELOW ACFT WHILE ESE BOUND AT 500 FEET 2 W IAH. NO EVASIVE ACTION TAKEN. NO LEO NOTIFICATION REPORTED.",7,2022-07
2022-07-21,MONTANA,WOLF POINT,"PRELIM INFO FROM FAA OPS: WOLF POINT, MT/UAS INCIDENT/0330M/SALT LAKE CITY ARTCC ADVISED, BEECH B190, BIL - OLF, REPORTED A UAS WHILE ESE BOUND ON APCH VCNTY OLF. ACFT TOOK EVASIVE ACTION. WOLF POINT PD NOTIFIED.",7,2022-07
2022-07-21,NEW YORK,NEW YORK,"PRELIM INFO FROM FAA OPS: NEW YORK, NY/UAS SIGHTING/1109E/NEW YORK TRACON ADVISED, CRJ9, CLE - LGA, OBSERVED A UAS WHILE NORTHBOUND AT 4,300 FEET 9 W JFK. NO EVASIVE ACTION TAKEN. NYPD AVIATION UNIT NOTIFIED.",7,2022-07
2022-07-21,TEXAS,FORT WORTH,"PRELIM INFO FROM FAA OPS: FORT WORTH, TX/UAS SIGHTING/1055C/FORT WORTH NAVAL AIR STATION ATCT ADVISED, F16, REPORTED UAS OFF THE RIGHT SIDE WHILE S BOUND AT 3,000 FEET 5 N NFW. NO EVASIVE ACTION TAKEN. LEO NOTIFICATION NOT REPORTED.",7,2022-07
2022-07-21,DISTRICT OF COLUMBIA,WASHINGTON,"CLOSE-OUT INFO FROM FAA OPS: WASHINGTON, DC/UAS INCIDENT/1334E/WASHINGTON NATIONAL ATCT ADVISED DCA RESUMED NORMAL OPERATIONS AFTER SCANNING AIRSPACE WITH NEGATIVE SIGHTING OF UAS.",7,2022-07
2022-07-21,MASSACHUSETTS,BOSTON,"PRELIM INFO FROM FAA OPS: BOSTON, MA/UAS SIGHTING/1400E/BOSTON TRACON ADVISED, BOMBARDIER CL30, BOS - CYYZ, REPORTED A UAS FROM THE LEFT SIDE WHILE E BOUND AT 10,000 FEET 11 E BOS. NO EVASIVE ACTION TAKEN. MASSACHUSETTS STATE PD NOTIFIED.",7,2022-07
2022-07-21,CALIFORNIA,MODESTO,"PRELIM INFO FROM FAA OPS: MODESTO, CA/UAS SIGHTING/2021P/NORCAL TRACON ADVISED, A21N, AUS - SFO, REPORTED UAS FROM THE 9 O'CLOCK POSITION WHILE WSW BOUND AT 13,000 FEET 23 WSW MOD. NO EVASIVE ACTION REPORTED. SAN JOAQUIN COUNTY SHERIFF NOTIFIED.",7,2022-07
2022-07-22,NEW YORK,NEW YORK,"PRELIM INFO FROM FAA OPS: NEW YORK, NY/UAS SIGHTING/0832E/JFK ATCT ADVISED, E190, MCO - JFK, REPORTED A RED QUADCOPTER UAS OFF THE RIGHT SIDE WHILE NW BOUND AT 1,500 FEET 3 SE JFK. NO EVASIVE ACTION TAKEN. NEW YORK PORT AUTHORITY NOTIFIED.",7,2022-07
2022-07-22,FLORIDA,TAMPA,"PRELIM INFO FROM FAA OPS: TAMPA, FL/UAS SIGHTING/1037E/MCDILL AFB ATC REPORTED AN UAS OPERATING AT UNKN ALTITUDE 2 E MCF. NO IMPACT TO OPERATIONS. BASE OPERATIONS SECURITY NOTIFIED.",7,2022-07
2022-07-22,FLORIDA,ORLANDO,"PRELIM INFO FROM FAA OPS: ORLANDO, FL/UAS SIGHTING/1154E/MCO ATCT ADVISED, B737, DAL - MCO, REPORTED A UAS OFF THE LEFT SIDE WHILE S BOUND AT 1,000 FEET 2 MILE FINAL RUNWAY 17L. NO EVASIVE ACTION TAKEN. ORANGE COUNTY SHERIFF NOTIFIED.",7,2022-07
2022-07-22,FLORIDA,ORLANDO,"PRELIM INFO FROM FAA OPS: ORLANDO, FL/UAS SIGHTING/1200E/ORLANDO EXECUTIVE ATCT ADVISED, PIPER P28A, ORL - ORL, REPORTED A UAS WHILE N BOUND AT 800 FEET 3 MILE FINAL RUNWAY 7. NO EVASIVE ACTION TAKEN. PUBLIC USE CHASE 3, HELO, WAS NOTIFIED.",7,2022-07
2022-07-23,NEW YORK,CALVERTON,"PRELIM INFO FROM FAA OPS: CALVERTON, NY/UAS SIGHTING/1050E/BOSTON ARTCC ADVISED, CESSNA C310, REPORTED A BLACK UAS 500 FEET BELOW ACFT WHILE N BOUND AT 13,500 FEET OVER CALVERTON VOR. NO EVASIVE ACTION TAKEN. SOUTHAMPTON TOWN PD NOTIFIED.",7,2022-07
2022-07-23,PENNSYLVANIA,JOHNSTOWN,"PRELIM INFO FROM FAA OPS: JOHNSTOWN, PA/UAS SIGHTING/1123E/JOHNSTOWN ATCT ADVISED, PIPER PA32, REPORTED A SILVER UAS FROM THE LEFT SIDE WHILE NE BOUND AT 5,000 FEET 20 ENE JST. NO EVASIVE ACTION TAKEN. PENNSYLVANIA STATE PD NOTIFIED.",7,2022-07
2022-07-23,CONNECTICUT,DANBURY,"PRELIM INFO FROM FAA OPS: DANBURY, CT/UAS SIGHTING/1200E/NEW YORK TRACON ADVISED, CIRRUS SR22, REPORTED A UAS FROM THE 3 O'CLOCK POSITION WHILE WSW BOUND AT 8,500 FEET 6 NE DANBURY. NO EVASIVE ACTION TAKEN.  DANBURY PD NOTIFIED.",7,2022-07
2022-07-23,NEW JERSEY,NEWARK,"PRELIM INFO FROM FAA OPS: NEWARK, NJ/UAS SIGHTING/1348E/NEWARK ATCT ADVISED, B734, SLC - EWR, OBSERVED A RED-COLOR UAS 100 FEET ABOVE ACFT WHILE SOUTHWEST BOUND AT 1,100 FEET, 3 N EWR. NO EVASIVE ACTION REPORTED. NO LEO NOTIFICATION INFORMATION PROVIDED.",7,2022-07
2022-07-23,DISTRICT OF COLUMBIA,WASHINGTON,"PRELIM INFO FROM FAA OPS: WASHINGTON, DC/UAS SIGHTING/1543E/POTOMAC TRACON ADVISED, CESSNA C 525, OBSERVED A UAS AT 8,000 FEET, 35 NE DCA.  PILOT ESTIMATED THE UAS WAS AT APPROX 6,500 FEET IN THE VCNTY OF CLIFTON PARK IN BALTIMORE. NO EVASIVE ACTION REPORTED. BALTIMORE CITY PD NOTIFIED.",7,2022-07
2022-07-23,RHODE ISLAND,PROVIDENCE,"PRELIM INFO FROM FAA OPS: PROVIDENCE, RI/UAS SIGHTING/1655E/PROVIDENCE APCH ADVISED, E170, ORD - PVD, REPORTED A GOLD UAS BELOW ACFT FROM THE 12 O'CLOCK POSITION WHILE SE BOUND AT 2,100 FEET 8 N PVD. NO EVASIVE ACTION TAKEN. RHODE ISLAND ARPT PD NOTIFIED.",7,2022-07
2022-07-23,ILLINOIS,CHICAGO,"PRELIM INFO FROM FAA OPS: CHICAGO, IL/UAS SIGHTING/1649C/CHICAGO MIDWAY ATCT ADVISED, A20N, MORELIA, MEXICO (MMMM) - MDW, REPORTED A RED UAS 300 FEET ABOVE OFF RIGHT SIDE WHILE SW BOUND AT 1,300 FEET 2 NE MDW. NO EVASIVE ACTION TAKEN. CHICAGO PD NOTIFIED.",7,2022-07
2022-07-23,FLORIDA,MIAMI,"PRELIM INFO FROM FAA OPS: MIAMI, FL/UAS SIGHTING/1810E/MIAMI ATCT ADVISED, B738, JFK - MIA, OBSERVED A BLACK UAS OFF THE LEFT SIDE WHILE SE BOUND AT 300 FEET 4 NW MIA. NO EVASIVE ACTION WAS TAKEN. MIAMI-DADE PD NOTIFIED.",7,2022-07
2022-07-23,MASSACHUSETTS,BOSTON,"PRELIM INFO FROM FAA OPS: BOSTON, MA/UAS SIGHTING/1833E/BOSTON TRACON ADVISED, A346, EDDM - BOS, OBSERVED A GRAY UAS WHILE SE BOUND AT 7,000 FEET 5 E BOS. NO EVASIVE ACTION WAS TAKEN. MASSACHUSETTS STATE PD NOTIFIED.",7,2022-07
2022-07-23,CALIFORNIA,LOS ANGELES,"PRELIM INFO FROM FAA OPS: LOS ANGELES, CA/UAS SIGHTING/1852P/LOS ANGELES ATCT ADVISED, B739, SLC - LAX, OBSERVED A UAS OFF THE RIGHT SIDE WHILE SW BOUND AT 1,400 FEET 2 NE LAX. NO EVASIVE ACTION TAKEN. LA COUNTY SHERIFF NOTIFIED.",7,2022-07
2022-07-24,NEW JERSEY,TETERBORO,"PRELIM INFO FROM FAA OPS: TETERBORO, NJ/UAS SIGHTING/1058E/NEW YORK TRACON ADVISED, B739, DEN - EWR, REPORTED A WHITE UAS FROM THE 2 O'CLOCK POSITION WHILE NE BOUND AT 3,500 FEET 10 W TEB. NO EVASIVE ACTION TAKEN. NJ PD NOTIFIED.",7,2022-07
2022-07-24,NEW YORK,POUGHKEEPSIE,"PRELIM INFO FROM FAA OPS: POUGHKEEPSIE, NY/UAS SIGHTING/1127E/POUGHKEEPSIE ATCT ADVISED, CESSNA C68A, POU - BHB, REPORTED A LIGHT BLUE UAS AT SAME ALTITUDE WHILE SW BOUND AT 3,300 FEET 3 SW POU. NO EVASIVE ACTION TAKEN. DUTCHESS COUNTY SHERIFF NOTIFIED.",7,2022-07
2022-07-24,DISTRICT OF COLUMBIA,WASHINGTON,"PRELIM INFO FROM FAA OPS: WASHINGTON, DC/UAS SIGHTING/1217E/POTOMAC TRACON ADVISED, A319, CHS - DCA, OBSERVED UAS BETWEEN 500-1,000 FEET BELOW WHILE SOUTHEAST BOUND ON VISUAL APPROACH RWY19, 10 WNW DCA. NO EVASIVE ACTION TAKEN. MONTGOMERY COUNTY PD NOTIFIED.",7,2022-07
2022-07-24,PENNSYLVANIA,PITTSBURGH,"PRELIM INFO FROM FAA OPS: PITTSBURGH, PA/UAS SIGHTING/1225E/ALLEGHANY ATCT ADVISED, CIRRUS SR22, OBSERVED A UAS ON RIGHT SIDE WHILE WESTBOUND AT 2,300 FEET, 4 E AGC. NO EVASIVE ACTION REPORTED. ALLEGHANY COUNTY EMERGENCY OPERATOR CONTACTED VIA 911.",7,2022-07
2022-07-24,FLORIDA,FORT LAUDERDALE,"PRELIM INFO FROM FAA OPS: FORT LAUDERDALE, FL/UAS SIGHTING/1248E/FORT LAUDERDALE ATCT ADVISED, B738, FLL - DFW, REPORTED A RED UAS FROM THEIR LEFT SIDE WHILE E BOUND AT 1,600 FEET ON 4 MILE FINAL FOR RUNWAY 10L. NO EVASIVE ACTION TAKEN. BROWARD COUNTY SHERIFF NOTIFIED.",7,2022-07
2022-07-24,PENNSYLVANIA,PITTSBURGH,"PRELIM INFO FROM FAA OPS: PITTSBURGH, PA/UAS SIGHTING/1227E/ALLEGHENY ATCT ADVISED, CIRRUS SR22, REPORTED A SILVER UAS FROM THE LEFT SIDE WHILE W BOUND AT 2,300 FEET ON FINAL RUNWAY 28. NO EVASIVE ACTION TAKEN. ALLEGHENY COUNTY SHERIFF NOTIFIED.",7,2022-07
2022-07-24,MASSACHUSETTS,HYANNIS,"PRELIM INFO FROM FAA OPS: HYANNIS, MA/UAS INCIDENT/1400E/BOSTON TRACON ADVISED, PIPER P28A, REPORTED A UAS 30 FEET ON 12 O'CLOCK POSITION WHILE NORTHWEST BOUND AT 2,300 FEET, 2 NW HYANNIS. ACFT TOOK EVASIVE ACTION TO TO THE RIGHT SO AS TO AVOID UAS. MASSACHUSSETTS STATE PD NOTIFIED.",7,2022-07
2022-07-24,FLORIDA,MIAMI,"PRELIM INFO FROM FAA OPS: MIAMI, FL/UAS SIGHTING/1506E/OPA-LOCKA FCT ADVISED, EMBRAER E550,  OBSERVED A UAS 400 FEET OFF RIGHT SIDE WHILE SOUTHEAST BOUND AT 3,000 FEET, 3 WNW OPF. NO EVASIVE ACTION TAKEN. MIAMI-DADE PD NOTIFIED.",7,2022-07
2022-07-24,TENNESSEE,NASHVILLE,"PRELIM INFO FROM FAA OPS: NASHVILLE, TN/UAS SIGHTING/1509C/NASHVILLE ATCT ADVISED, B737, MSY - BNA, REPORTED A BLACK UAS FROM THE 12 O'CLOCK POSITION WHILE ESE BOUND AT 3,000 FEET 7 N BNA. NO EVASIVE ACTION TAKEN. DEPARTMENT OF PUBLIC SAFETY NOTIFIED.",7,2022-07
2022-07-24,WASHINGTON,CHEHALIS,"PRELIM INFO FROM FAA OPS: CHEHALIS, WA/UAS SIGHTING/1509P/SEATTLE ARTCC ADVISED, CESSNA C150, REPORTED A BLACK AND GOLD UAS WHILE S BOUND AT 4,500 FEET 4 SE CLS. NO EVASIVE ACTION TAKEN. LEWIS COUNTY SHERIFF NOTIFIED.",7,2022-07
2022-07-24,WASHINGTON,SEATTLE,"PRELIM INFO FROM FAA OPS: SEATTLE, WA/UAS SIGHTING/1940P/SEATTLE ATCT ADVISED, A321, JFK - SEA, REPORTED A BLACK UAS OFF RIGHT SIDE WHILE NNW BOUND AT 3,000 FEET 9 SSE SEA. NO EVASIVE ACTION TAKEN. LEO NOTIFICATION NOT REPORTED.",7,2022-07
2022-07-24,WASHINGTON,SEATTLE,"PRELIM INFO FROM FAA OPS: SEATTLE, WA/UAS SIGHTING/2025P/SEATTLE TRACON ADVISED, B739, HONOLULU, HAWAII (HNL) - SEA, REPORTED UAS OFF LEFT SIDE WHILE NNW BOUND AT 5,300 FEET 23 SSE SEA. NO EVASIVE ACTION TAKEN. SOUTH SOUND 911 NOTIFIED.",7,2022-07
2022-07-25,TEXAS,EL PASO,"PRELIM INFO FROM FAA OPS: EL PASO, TX/UAS SIGHTING/0915M/EL PASO ATCT REPORTED UAS OPERATING AT 217 FEET 1/2 MILE SW RUNWAY 4. NO IMPACT TO OPERATIONS. LEO NOTIFICATION NOT REPORTED.",7,2022-07
2022-07-25,ILLINOIS,CHICAGO/AURORA,"PRELIM INFO FROM FAA OPS: CHICAGO/AURORA, IL/UAS SIGHTING/1100C/AURORA ATCT ADVISED, CESSNA C172, REPORTED A GREEN UAS FROM THE 3 O'CLOCK POSITION WHILE E BOUND AT 1700 FEET OVER RUNWAY 15 APCH END. NO EVASIVE ACTION TAKEN. SUGAR GROVE PD NOTIFIED.",7,2022-07
2022-07-25,PENNSYLVANIA,PITTSBURGH,"PRELIM INFO FROM FAA OPS: PITTSBURGH, PA/UAS SIGHTING/1208E/PITTSBURGH APCH ADVISED, BEECH B350, CLT - PIT, REPORTED A RED AND BLUE UAS WHILE E BOUND AT 6,000 FEET 8 SSW MONTOUR VOR. NO EVASIVE ACTION TAKEN. 911 NOTIFIED.",7,2022-07
2022-07-25,TEXAS,GAINESVILLE,"PRELIM INFO FROM FAA OPS: GAINESVILLE, TX/UAS SIGHTING/1330C/DALLAS-FORTH WORTH ARTCC ADVISED, PIPER P28A, GKY - GYI, REPORTED A RED UAS WHILE N BOUND AT 6,000 FEET 12 N GLE. NO EVASIVE ACTION TAKEN. NO LEO NOTIFICATION REPORTED.",7,2022-07
2022-07-25,FLORIDA,TALLAHASSEE,"PRELIM INFO FROM FAA OPS: TALLAHASSEE, FL/UAS SIGHTING/1528E/TALLAHASSEE APPROACH ADVISED, H72, WHILE WESTBOUND AT 4,000 FEET OBSERVED 3/UAS FLYING WESTBOUND APPROX 2,000 FEET BLEOW. NO EVASIVE ACTION REPORTED. DECATUR (GA) COUNTY SHERIFF NOTIFIED.",7,2022-07
2022-07-25,WASHINGTON,SEATTLE,"PRELIM INFO FROM FAA OPS: SEATTLE, WA/UAS INCIDENT/LATE REPORT 7-25 1532P/UAS OPERATOR REPORTED PERSON INJURED HAND WHILE ATTEMPTING TO HAND CAPTURE UAS (FA3TLWLLKR). INFORMATION RECEIVED VIA DRONEZONE REPORT.",7,2022-07
2022-07-26,NEW HAMPSHIRE,PORTSMOUTH,"PRELIM INFO FROM FAA OPS: PORTSMOUTH, NH/UAS SIGHTING/1239E/PORTSMOUTH ATCT ADVISED, PILATUS PC12, BED - PSM, REPORTED A UAS FROM THE RIGHT SIDE AT 300 FEET WHILE ON FINAL RUNWAY 34 PORTSMOUTH. NO EVASIVE ACTION TAKEN. PORTSMOUTH INTL ARPT PD NOTIFIED.",7,2022-07
2022-07-26,FLORIDA,LAKELAND,"PRELIM INFO FROM FAA OPS: LAKELAND, FL/UAS SIGHTING/1345E/LAKELAND FCT ADVISED, MOONEY M20P, REPORTED A UAS AT 400 FEET WHILE ON 1 MILE FINAL RUNWAY 10 LAKELAND. NO EVASIVE ACTION TAKEN. LAKELAND PD NOTIFIED.",7,2022-07
2022-07-26,PENNSYLVANIA,LANCASTER,"PRELIM INFO FROM FAA OPS: LANCASTER, PA/UAS SIGHTING/2200E/HARRISBURG ATCT REPORTED UAS VCNTY PEACH BOTTOM NUCLEAR FACILITY. FACILITY AIRSPACE BELONGS TO POTOMAC TRACON. LEO NOTIFICATION NOT REPORTED.",7,2022-07
2022-07-27,NEW YORK,NEW YORK,"PRELIM INFO FROM FAA OPS: NEW YORK, NY/UAS SIGHTING/1221E/LAGUARDIA ATCT ADVISED, E75L, XNA - LGA, REPORTED A SMALL BLACK UAS OFF THE LEFT SIDE WHILE SW BOUND AT 1,000 FEET 2 MILE FINAL RUNWAY 22. NO EVASIVE ACTION TAKEN. PORT AUTHORITY NOTIFIED.",7,2022-07
2022-07-27,RHODE ISLAND,PROVIDENCE,"PRELIM INFO FROM FAA OPS: PROVIDENCE, RI/UAS SIGHTING/1850E/PROVIDENCE APCH ADVISED, SOCATA TBM7, BMG - EWB, REPORTED BLACK UAS 500 FEET BELOW ACFT WHILE E BOUND AT 3,500 FEET 21 S PROVIDENCE. NO EVASIVE ACTION REPORTED. LEOS NOT NOTIFIED.",7,2022-07
2022-07-27,NEBRASKA,NORTH PLATTE,"PRELIM INFO FROM FAA OPS: NORTH PLATTE, NE/UAS SIGHTING/2110C/DENVER ARTCC ADVISED, A321, DTW - SLC, REPORTED POSSIBLE UAS PASS BELOW ACFT AT THE 12 O'CLOCK POSITION WHILE W BOUND AT FL340 35 SE NORTH PLATTE. NO EVASIVE ACTION REPORTED. PILOT STATED THE OBJECT APPEARED TO BE STATIONARY WITH NO LIGHTS. NEBRASKA STATE PD NOTIFIED.",7,2022-07
2022-07-28,FLORIDA,MAYPORT,"PRELIM INFO FROM FAA OPS: MAYPORT, FL/UAS SIGHTING/0949E/NAVAL STATION MAYPORT ADVISED, H60, REPORTED A UAS FROM THE LEFT SIDE WHILE E BOUND AT 1,500 FEET 4 ENE MAYPORT TACAN. NO EVASIVE ACTION TAKEN. LEO NOTIFICATION NOT REPORTED.",7,2022-07
2022-07-28,FLORIDA,FORT LAUDERDALE,"PRELIM INFO FROM FAA OPS: FORT LAUDERDALE, FL/UAS SIGHTING/1030E/FORT LAUDERDALE EXECUTIVE ATCT ADVISED, CESSNA C172, FORT LAUDERDALE EXECUTIVE ARPT, FL (FXE) - FXE, REPORTED A GREEN AND RED UAS OFF THE LEFT SIDE WHILE E BOUND AT 500 FEET 1 MILE FINAL RUNWAY 9.  NO EVASIVE ACTION TAKEN. BROWARD COUNTY SHERIFF NOTIFIED.",7,2022-07
2022-07-28,WASHINGTON,EVERETT,"PRELIM INFO FROM FAA OPS: EVERETT, WA/UAS SIGHTING/0955P/PAINE ATCT ADVISED, BELLANCA BL8, RNT - PAE, REPORTED A UAS WHILE NNW BOUND AT 2,500 FEET 7 ESE PAE. NO EVASIVE ACTION TAKEN. EVERETT PD NOTIFIED.",7,2022-07
2022-07-28,MARYLAND,BALTIMORE,"PRELIM INFO FROM FAA OPS: BALTIMORE, MD/UAS SIGHTING/1857E/POTOMAC TRACON ADVISED, B738, DTW - BWI, REPORTED LARGE UAS AT SAME ALTITUDE FROM THE 9 O'CLOCK POSITION WHILE S BOUND AT 2,700 FEET 9 ESE BWI. NO EVASIVE ACTION REPORTED. ANNE ARUNDEL COUNTY PD NOTIFIED.",7,2022-07
2022-07-29,PENNSYLVANIA,HARRISBURG,"PRELIM INFO FROM FAA OPS: HARRISBURG, PA/UAS SIGHTING/0225E/POWER PLANT SECURITY REPORTED A WHITE UAS WITH RED FLASHING LIGHTS FLY OVER POWER PLANT AT 200 FEET 3 SSE HARRISBURG. NO ACFT INVOLVED. LEO NOTIFICATION NOT REPORTED.",7,2022-07
2022-07-29,NEW JERSEY,LINDEN,"PRELIM INFO FROM FAA OPS: LINDEN, NJ/UAS SIGHTING/0911E/NEW YORK TRACON ADVISED, A320, MSP - LGA, REPORTED A BLACK/ORANGE UAS FROM THE 900 FEET BELOW ACFT WHILE NE BOUND AT 5,000 FEET 18.4 NNW LDJ. NO EVASIVE ACTION TAKEN. NEW YORK PD AIR UNIT NOTIFIED.",7,2022-07
2022-07-29,FLORIDA,TAMPA,"PRELIM INFO FROM FAA OPS: TAMPA, FL/UAS SIGHTING/1117E/TAMPA APCH ADVISED, A319, LGA - TPA, REPORTED A UAS FROM THE 9 O'CLOCK POSITION WHILE N BOUND AT 2,000 FEET 6 N TPA. NO EVASIVE ACTION TAKEN. LEO NOTIFICATION NOT REPORTED.",7,2022-07
2022-07-29,FLORIDA,ORLANDO,"PRELIM INFO FROM FAA OPS: ORLANDO, FL/UAS SIGHTING/1322E/ORLANDO ATCT ADVISED, B737, LYNDEN PINDLING INTL ARPT) (MYNN) - MCO, REPORTED A WHITE UAS WEST OF RUNWAY 17L AT 600 FEET AT THE 9 O'CLOCK POSITION 2 N MCO. NO EVASIVE MANEUVERS.  ORANGE COUNTY SHERIFF AVIATION DEPARTMENT NOTIFIED.",7,2022-07
2022-07-29,TEXAS,SAN ANTONIO,"PRELIM INFO FROM FAA OPS: SAN ANTONIO, TX/UAS SIGHTING/1420C/SAN ANTONIO ATCT ADVISED, PIPER P28A, HYI - SAT, REPORTED A UAS FROM 500 FEET BELOW ACFT WHILE SW BOUND AT 4,500 FEET VCNTY SKF. NO EVASIVE ACTION TAKEN. SAN ANTONIO PD NOTIFIED.",7,2022-07
2022-07-29,MONTANA,KALISPELL,"PRELIM INFO FROM FAA OPS: KALISPELL, MT/UAS SIGHTING/1755M/KALISPELL ATCT ADVISED, LEARJET LJ75, REPORTED ORANGE AND GRAY QUAD COPTER UAS FROM THE 3 O'CLOCK POSITION WHILE E BOUND AT 1,000 FEET 2.5 N GPI. NO EVASIVE ACTION TAKEN. KALISPELL PD NOTIFIED.",7,2022-07
2022-07-29,FLORIDA,VERO BEACH,"PRELIM INFO FROM FAA OPS: VERO BEACH, FL/UAS SIGHTING/2018E/MIAMI ARTCC ADVISED, PIPER P28A, MLB - PHK, REPORTED A UAS FROM THE 12 O'CLOCK POSITION WHILE SW BOUND AT 6,000 FEET 11 WSW VERO BEACH. NO EVASIVE ACTION TAKEN. ST LUCIUS COUNTY SHERIFF NOTIFIED.",7,2022-07
2022-07-30,NEVADA,NORTH LAS VEGAS,"PRELIM INFO FROM FAA OPS: NORTH LAS VEGAS, NV/UAS SIGHTING/0807P/NORTH LAS VEGAS ATCT ADVISED, SPORTSTAR MAX,REPORTED A UAS AT 3,000 FEET LOCATED 500 FEET BELOW AIRCRAFT 9 NW NORTH VGT. NO EVASIVE ACTION TAKEN. NORTH LAS VEGAS PD NOTIFIED.",7,2022-07
2022-07-30,FLORIDA,ORLANDO,"PRELIM INFO FROM FAA OPS: ORLANDO, FL/UAS SIGHTING/1139E/ORLANDO ATCT ADVISED, B739, MCO - MCO, REPORTED A WHITE UAS FROM THE LEFT SIDE WHILE S BOUND AT 900 FEET 3 N MCO. NO EVASIVE ACTION TAKEN. ORANGE COUNTY SHERIFF NOTIFIED.",7,2022-07
2022-07-30,NORTH CAROLINA,CHARLOTTE,"PRELIM INFO FROM FAA OPS: CHARLOTTE, NC/UAS SIGHTING/1214E/CHARLOTTE ATCT ADVISED, CRJ9, GSP - CLT, REPORTED WHITE QUADCOPTER UAS AT 3,000 FEET 11 SE CLT. NO EVASIVE ACTION TAKEN. CHARLOTTE PD NOTIFIED.",7,2022-07
2022-07-30,COLORADO,DENVER,"PRELIM INFO FROM FAA OPS: DENVER, CO/UAS SIGHTING/1042M/DENVER TRACON ADVISED, B737, DEN - TUL, REPORTED A UAS FROM THE 9 O'CLOCK POSITION WHILE E BOUND AT 9,200 FEET 10 E DEN. NO EVASIVE ACTION TAKEN. NO LEO NOTIFICATION REPORTED.",7,2022-07
2022-07-30,PENNSYLVANIA,PHILADELPHIA,"PRELIM INFO FROM FAA OPS: PHILADELPHIA, PA/UAS SIGHTING/1435E/PHILADELPHIA ATCT ADVISED, A321, BOS - PHL, REPORTED A GRAY/SILVER UAS FROM THE BELOW ACFT WHILE W BOUND AT 3,000 FEET 15 E PHL. NO EVASIVE ACTION TAKEN. NO LEO NOTIFICATION REPORTED.",7,2022-07
2022-07-30,NEW YORK,NEW YORK,"PRELIM INFO FROM FAA OPS: NEW YORK, NY/UAS SIGHTING/1617E/ISLIP ATCT ADVISED, MOONEY M20P, HWV - HWV, REPORTED A BLACK UAS WHILE S BOUND AT 1,000 FEET 5 NE ISP. NO EVASIVE ACTION TAKEN. SUFFOLK COUNTY PD AIR UNIT NOTIFIED.",7,2022-07
2022-07-30,FLORIDA,MIAMI,"PRELIM INFO FROM FAA OPS: MIAMI, FL/UAS SIGHTING/1742E/MIAMI ATCT ADVISED, B734, CAMAGUEY, CUBA (MUCM) - MIA, REPORTED A UAS FROM THE 11 O'CLOCK POSITION  WHILE E BOUND AT 1,900 FEET 7 W MIA. NO EVASIVE ACTION REPORTED. MDPD NOTIFIED.",7,2022-07
2022-07-30,NEW YORK,NEW YORK,"PRELIM INFO FROM FAA OPS: NEW YORK, NY/UAS SIGHTING/1817E/JF KENNEDY ATCT ADVISED, A321, CANCUN, MEXICO (MMUN) - JFK, REPORTED BLACK AND BROWN UAS WHILE SW BOUND AT 700 FEET 5 NE JFK. NO EVASIVE ACTION TAKEN. NYPD NOTIFIED.",7,2022-07
2022-07-30,TENNESSEE,NASHVILLE,"PRELIM INFO FROM FAA OPS: NASHVILLE, TN/UAS SIGHTING/2158C/NASHVILLE ATCT ADVISED, HELO, REPORTED UAS WHILE W BOUND AT 1,200 FEET 5 WNW BNA. NO EVASIVE ACTION TAKEN. ARPT PD NOTIFIED.",7,2022-07
2022-07-31,OHIO,COLUMBUS,"PRELIM INFO FROM FAA OPS: COLUMBUS, OH/UAS SIGHTING/1110E/COLUMBUS APCH ADVISED, CRJ2, TORONTO, CANADA (CYYZ) - CMH, REPORTED A BLACK UAS OFF FRONT SIDE WHILE E BOUND AT 1,200 FEET 3 W CMH. NO EVASIVE ACTION TAKEN. COLUMBUS PD NOTIFIED.",7,2022-07
2022-07-31,LOUISIANA,BATON ROUGE,"PRELIM INFO FROM FAA OPS: BATON ROUGE, LA/UAS SIGHTING/1433C/BATON ROUGE ATCT ADVISED, B738, BTR - MIA, AIRCRAFT OBSERVED A WHITE AND GRAY UAS SIDE WHILE SE BOUND AT 5,600 FEET 10 SE BTR. NO EVASIVE ACTION WAS TAKEN. E BATON ROUGE PARISH PD NOTIFIED.",7,2022-07
2022-07-31,NEW YORK,NEW YORK,"PRELIM INFO FROM FAA OPS: NEW YORK, NY/UAS SIGHTING/1553E/KENNEDY ATCT ADVISED, B738, CANCUN, MEXICO (MMUN) - JFK, REPORTED UAS 500 FEET BELOW WHILE E BOUND AT 1,000 FEET ON 3 MILE BASE TO FINAL RUNWAY 13L. NO EVASIVE ACTION TAKEN. NY/NJ PORT AUTHORITY NOTIFIED.",7,2022-07
2022-07-31,DELAWARE,WILMINGTON,"PRELIM INFO FROM FAA OPS: WILMINGTON, DE/UAS SIGHTING/1845E/PHILADELPHIA ATCT ADVISED, CESSNA C182, ILG - LDJ, REPORTED A UAS FROM THE 9 O'CLOCK POSITION WHILE N BOUND AT 1,000 FEET 1 N ILG. NO EVASIVE ACTION REPORTED. LAW ENFORCEMENT NOTIFICATION NOT REPORTED.",7,2022-07
2022-07-31,ILLINOIS,CHICAGO,"PRELIM INFO FROM FAA OPS: CHICAGO, IL/UAS SIGHTING/2016C/CHICAGO TRACON ADVISED, CESSNA C172, REPORTED A BLACK UAS FROM THE 12 O'CLOCK POSITION WHILE N BOUND AT 2,000 FEET 13 E ORD. NO EVASIVE ACTION TAKEN. FBI NOTIFIED.",7,2022-07
2022-07-31,TEXAS,HOUSTON,"PRELIM INFO FROM FAA OPS: HOUSTON, TX/UAS SIGHTING/2015C/HOUSTON TRACON ADVISED, E75L, LAX - IAH, REPORTED A BLACK UAS PASS BEHIND WHILE E BOUND AT 5,000 FEET 18 W IAH. NO EVASIVE ACTION TAKEN. DPS NOTIFIED.",7,2022-07
2022-08-01,ARIZONA,SCOTTSDALE,"PRELIM INFO FROM FAA OPS: SCOTTSDALE, AZ/UAS SIGHTING/0825M/SCOTTSDALE ATCT ADVISED, CESSNA C172, REPORTED UAS OFF RIGHT SIDE WHILE W BOUND AT 2,000 FEET 1 N SCOTTSDALE. NO EVASIVE ACTION REPORTED. SCOTTSDALE PD NOTIFIED.",8,2022-08
2022-08-01,MARYLAND,CAMP SPRINGS,"PRELIM INFO FROM FAA OPS: CAMP SPRINGS, MD/UAS SIGHTING/1200E/ANDREWS ATCT ADVISED, B757, REPORTED BLACK QUAD COPTER UAS 300 FEET BELOW ACFT WHILE S BOUND AT 1,500 FEET 2 S ANDREWS. NO EVASIVE ACTION REPORTED. PRINCE GEORGES SHERIFF NOTIFIED.",8,2022-08
2022-08-01,TEXAS,SAN ANTONIO,"PRELIM INFO FROM FAA OPS: SAN ANTONIO, TX/UAS SIGHTING/1645C/SAN ANTONIO APCH ADVISED, CESSNA C208, REPORTED A WHITE UAS 1,000 FEET BELOW ACFT WHILE W BOUND AT 3,500 FEET 5 KELLY TACAN (KSY). NO EVASIVE ACTION TAKEN. BEXAR COUNTY SHERIFF NOTIFIED.",8,2022-08
2022-08-01,CONNECTICUT,HARTFORD,"PRELIM INFO FROM FAA OPS: HARTFORD, CT/UAS SIGHTING/1930E/YANKEE TRACON ADVISED, A320, MCO - BDL, REPORTED A BLACK UAS FROM THE 9 O'CLOCK POSITION WHILE NNE BOUND AT 8,300 FEET 8 N HARTFORD. NO EVASIVE ACTION TAKEN. CONNECTICUT STATE PD NOTIFIED.",8,2022-08
2022-08-02,OKLAHOMA,IDABEL,"PRELIM INFO FROM FAA OPS: IDABEL, OK/UAS SIGHTING/LATE REPORT-1400C/FORT WORTH ARTCC ADVISED, BEECH BE9L, PWA - 4O4, REPORTED A BLACK UAS WHILE N BOUND AT 3,500 FEET 10 W IDABEL (4O4). NO EVASIVE ACTION TAKEN. LEO NOTIFICATION NOT REPORTED.",8,2022-08
2022-08-02,COLORADO,DENVER,"PRELIM INFO FROM FAA OPS: DENVER, CO/UAS SIGHTING/1602M/DENVER TRACON ADVISED, B739, LAS - DEN, REPORTED UAS AT THE 9 O'CLOCK POSITION WHILE N BOUND AT 10,000 FEET 15 S DEN. NO EVASIVE ACTION TAKEN. LEO NOTIFIED.",8,2022-08
2022-08-02,PENNSYLVANIA,ALLENTOWN,"PRELIM INFO FROM FAA OPS: ALLENTOWN, PA/UAS SIGHTING/1932E/ALLENTOWN APCH ADVISED, CESSNA C182, REPORTED UAS AT 5,700 FEET FROM THE RIGHT SIDE WHILE S BOUND AT 6,000 FEET 2 E ABE. NO EVASIVE ACTION TAKEN. LAW ENFORCEMENT NOTIFIED.",8,2022-08
2022-08-02,VIRGINIA,BROOKE,"PRELIM INFO FROM FAA OPS: BROOKE, VA/UAS SIGHTING/2235E/WASHINGTON ARTCC ADVISED MULTIPLE ACFT REPORTED A UAS WITH RED AND WHITE LIGHTS AT FL239 20 S BROOKE VORTAC. NO EVASIVE ACTION TAKEN. ST MARY'S COUNTY SHERIFF NOTIFIED.",8,2022-08
2022-08-03,FLORIDA,MIAMI,"PRELIM INFO FROM FAA OPS: MIAMI, FL/UAS SIGHTING/1016E/OPA LOCKA ATCT ADVISED, CESSNA C172, REPORTED A WHITE UAS WHILE SE BOUND AT 1,000 FEET 2.4 NW OPF. NO EVASIVE ACTION TAKEN. MDPD NOTIFIED.",8,2022-08
2022-08-03,GEORGIA,ATLANTA,"PRELIM INFO FROM FAA OPS: ATLANTA, GA/UAS SIGHTING/1517E/DOBBINS GCA ADVISED, C130, MGE - MGE, REPORTED A UAS WHILE N BOUND AT 4,000 FEET 12 SW HMP. NO EVASIVE ACTION TAKEN. BASE DEFENSE NOTIFIED.",8,2022-08
2022-08-03,NEVADA,LAS VEGAS,"PRELIM INFO FROM FAA OPS: LAS VEGAS, NV/UAS SIGHTING/1528P/LAS VEGAS ATCT ADVISED, HELO, REPORTED UAS FROM THE LEFT SIDE WHILE N BOUND AT 3,000 FEET 4 N LAS. NO EVASIVE ACTION TAKEN. LAS VEGAS METRO PD NOTIFIED.",8,2022-08
2022-08-03,MINNESOTA,MINNEAPOLIS,"PRELIM INFO FROM FAA OPS: MINNEAPOLIS, MN/UAS SIGHTING/1950C/MINNEAPOLIS ATCT ADVISED, A319, BTV - MSP, REPORTED UAS FROM THE RIGHT SIDE WHILE WNW BOUND AT 3,800 FEET 12 ESE MSP. NO EVASIVE ACTION TAKEN. DAKOTA COUNTY SHERIFF NOTIFIED.",8,2022-08
2022-08-03,GEORGIA,ATLANTA,"PRELIM INFO FROM FAA OPS: ATLANTA, GA/UAS SIGHTING/2036E/ATLANTA ARTCC ADVISED, B739, ATL - CVG, REPORTED A UAS WHILE N BOUND AT 17,500 FEET 42 N ATL. NO EVASIVE ACTION TAKEN. LEO NOT NOTIFIED.",8,2022-08
2022-08-03,CONNECTICUT,HARTFORD,"PRELIM INFO FROM FAA OPS: HARTFORD, CT/UAS SIGHTING/1946E/HARTFORD FCT ADVISED, EUOCOPTER EC35, REPORTED A UAS FROM THE 12 O'CLOCK POSITION WHILE S BOUND AT 1,800 FEET .5 N HFD. NO EVASIVE ACTION TAKEN. HARTFORD PD NOTIFIED.",8,2022-08
2022-08-03,CALIFORNIA,LOS ANGELES,"PRELIM INFO FROM FAA OPS: LOS ANGELES, CA/UAS SIGHTING/2006P/LOS ANGELES ATCT ADVISED, A321, VANCOUVER, CANADA (CYVR) - LAX, REPORTED A BLACK UAS WHILE E BOUND AT 2,400 FEET ON 7 MILE FINAL RUNWAY 24R. NO EVASIVE ACTION TAKEN. LAX ARPT PD TO BE NOTIFIED.",8,2022-08
2022-08-04,FLORIDA,ORLANDO,"PRELIM INFO FROM FAA OPS: ORLANDO, FL/UAS SIGHTING/1758E/ORLANDO ATCT ADVISED, B737, ORD - MCO, REPORTED WHITE QUAD COPTER UAS FROM THE 3 O'CLOCK POSITION WHILE S BOUND AT 2,000 FEET 4 N MCO. NO EVASIVE ACTION TAKEN. ORANGE COUNTY PD NOTIFIED.",8,2022-08
2022-08-04,FLORIDA,ORLANDO,"PRELIM INFO FROM FAA OPS: ORLANDO, FL/UAS SIGHTING/1800E/ORLANDO ATCT ADVISED, B739, DTW - MCO, REPORTED WHITE UAS 5 FEET OFF THE NOSE FROM THE 12 O'CLOCK POSITION WHILE S BOUND AT 1,800 FEET 4 N MCO. NO EVASIVE ACTION TAKEN. ORANGE COUNTY PD NOTIFIED.",8,2022-08
2022-08-04,MICHIGAN,PONTIAC,WATERFORD PD (248) 674-0351,8,2022-08
2022-08-05,NEW YORK,NEW YORK,"PRELIM INFO FROM FAA OPS: NEW YORK, NY/UAS SIGHTING/LATE REPORT-0727E/NEW YORK TRACON ADVISED, CRJ7, GSO - LGA, REPORTED A WHITE UAS WHILE NE BOUND AT 3,200 FEET 4 E LGA. NO EVASIVE ACTION TAKEN. NYPD AVIATION UNIT NOTIFIED.",8,2022-08
2022-08-05,CALIFORNIA,PALO ALTO,"PRELIM INFO FROM FAA OPS: PALO ALTO, CA/UAS SIGHTING/1508P/PALO ALTO ATCT ADVISED, CESSNA C172, REPORTED UAS PASS OFF RIGHT SIDE WHILE SW BOUND AT 2,700 FEET 4 PALO ALTO. NO EVASIVE ACTION REPORTED. LEO NOTIFICATION NOT REPORTED.",8,2022-08
2022-08-05,MINNESOTA,MINNEAPOLIS,"PRELIM INFO FROM FAA OPS: MINNEAPOLIS, MN/UAS SIGHTING/1715C/MSP ATCT ADVISED, A321, PHX - MSP, REPORTED A WHITE UAS AT 200 FEET WHILE ON .5 MILE FINAL RUNWAY 12L. NO EVASIVE ACTION REPORTED. MSP ARPT PD NOTIFIED.",8,2022-08
2022-08-05,HAWAII,HONOLULU,"PRELIM INFO FROM FAA OPS: HONOLULU, HI/UAS SIGHTING/1658L/, CESSNA C208, HNL - LIH, REPORTED A BLACK UAS FROM THE RIGHT SIDE AT 2,600 FEET 4 ESE HNL. NO EVASIVE ACTION TAKEN. HONOLULU PD NOTIFIED.",8,2022-08
2022-08-05,CALIFORNIA,SAN JOSE,"PRELIM INFO FROM FAA OPS: SAN JOSE, CA/UAS SIGHTING/2038P/REID-HILLVIEW ATCT OBSERVED UAS ON .5 MILE FINAL 31L AND RUNWAY 31R AT 200 FEET. NO IMPACT TO OPERATIONS. SAN JOSE PD NOTIFIED.",8,2022-08
2022-08-06,NEW YORK,BUFFALO,"CLOSE-OUT INFO FROM FAA OPS: BUFFALO, NY/UAS INCIDENT/0215E/BUFFALO ATCT ADVISED, LEARJET LJ31, UAS ACTIVITY SUSPENDED. LEO RESPONDED BUT NO SUSPECT IDENTIFIED.",8,2022-08
2022-08-06,TEXAS,COLLEGE STATION,"PRELIM INFO FROM FAA OPS: COLLEGE STATION, TX/UAS SIGHTING/1155C/HOUSTON TRACON ADVISED, CESSNA C182, WEST HOUSTON ARPT, TX (IWS) - CLL, REPORTED A UAS 1,000 FEET BELOW ACFT WHILE NNW BOUND AT 1,800 FEET 16 SE COLLEGE STATION (CLL). NO EVASIVE ACTION TAKEN. FBI NOTIFIED.",8,2022-08
2022-08-06,CALIFORNIA,BURBANK,"PRELIM INFO FROM FAA OPS: BURBANK, CA/UAS SIGHTING/1010P/SOCAL TRACON ADVISED, CIRRUS SR20, OXR - LGB, REPORTED A GOLDEN COLOR UAS 1 MILE OFF THE RIGHT SIDE WHILE W BOUND AT 5,000 FEET OVER BURBANK. NO EVASIVE ACTION TAKEN. LOS ANGELES AIR SUPPORT NOTIFIED.",8,2022-08
2022-08-06,TENNESSEE,NASHVILLE,"PRELIM INFO FROM FAA OPS: NASHVILLE, TN/UAS SIGHTING/1300C/NASHVILLE ATCT ADVISED, B738, DFW - BNA, REPORTED A UAS FROM THE RIGHT SIDE WHILE N BOUND AT 3,500 FEET 5 NW BNA. NO EVASIVE ACTION TAKEN. NASHVILLE METRO ARPT PD NOTIFIED.",8,2022-08
2022-08-06,OREGON,PORTLAND,"PRELIM INFO FROM FAA OPS: PORTLAND, OR/UAS SIGHTING/1245P/PORTLAND ATCT ADVISED, A321, MSP - PDX, REPORTED A UAS FROM THE 12 O'CLOCK POSITION WHILE W BOUND AT 3,000 FEET 10 E PDX. NO EVASIVE ACTION TAKEN. PORTLAND INTL ARPT COMMUNICATION CENTER NOTIFIED.",8,2022-08
2022-08-06,NEW YORK,WHITE PLAINS,"PRELIM INFO FROM FAA OPS: WHITE PLAINS, NY/UAS SIGHTING/1705E/WHITE PLAINS ATCT ADVISED, CRJ9, DTW - HPN, REPORTED A SILVER UAS AT THE 12 O'CLOCK POSITION WHILE SSE BOUND AT 1,000 FEET 3 MILE FINAL RUNWAY 16. NO EVASIVE ACTION TAKEN. WESTCHESTER COUNTY SHERIFF NOTIFIED.",8,2022-08
2022-08-06,MASSACHUSETTS,BOSTON,"PRELIM INFO FROM FAA OPS: BOSTON, MA/UAS SIGHTING/1739E/BOSTON TRACON ADVISED, CESSNA C680, BHB - BOS, REPORTED A WHITE UAS WHILE E BOUND AT 4,000 FEET 5 N BOSTON. NO EVASIVE ACTION REPORTED. LEOS NOT NOTIFIED.",8,2022-08
2022-08-06,WASHINGTON,OLYMPIA,"PRELIM INFO FROM FAA OPS: OLYMPIA, WA/UAS SIGHTING/1445P/SEATTLE TRACON ADVISED, E75L, SBA - SEA, REPORTED A UAS OFF THE RIGHT SIDE WHILE N BOUND AT 12,200 FEET 15 E OLYMPIA (OLM). NO EVASIVE ACTION TAKEN. THURSTON COUNTY SHERIFF NOTIFIED.",8,2022-08
2022-08-06,WASHINGTON,SEATTLE,"PRELIM INFO FROM FAA OPS: SEATTLE, WA/UAS SIGHTING/1555P/SEATTLE TRACON ADVISED, F18S, REPORTED A WHITE UAS WHILE W BOUND AT 6,000 FEET 10 N SEA. NO EVASIVE ACTION TAKEN. BLUE ANGELS TERMINATED AIRSHOW 15 MINUTES EARLY DUE TO SAFETY CONCERNS. NORCOM NOTIFIED.",8,2022-08
2022-08-07,WASHINGTON,SEATTLE,"PRELIM INFO FROM FAA OPS: SEATTLE, WA/UAS SIGHTING/0342P/BOEING ATCT ADVISED, AGUSTA A109, REPORTED UAS 100 FEET ABOVE HARBORVIEW MEDICAL CENTER HELIPORT WHILE N BOUND. NO EVASIVE ACTION TAKEN. LEO NOTIFICATION NOT REPORTED.",8,2022-08
2022-08-07,TENNESSEE,CHATTANOOGA,"PRELIM INFO FROM FAA OPS: CHATTANOOGA, TN/UAS SIGHTING/1330E/CHATTANOOGA ATCT ADVISED, BEECH BE40,  REPORTED UAS 50 FEET ABOVE ACFT WHILE W BOUND AT 3,700 FEET 4 W CHATTANOOGA. NO EVASIVE ACTION REPORTED. LEOS NOT NOTIFIED.",8,2022-08
2022-08-07,NEW YORK,BUFFALO,"PRELIM INFO FROM FAA OPS: BUFFALO, NY/UAS SIGHTING/1337E/BUFFALO ATCT ADVISED, CRJ9, JFK - BUF, REPORTED A RED AND BLACK QUADCOPTER OFF LEFT SIDE WHILE SW BOUND AT 2,300 FEET 9 NE BUF. NO EVASIVE ACTION TAKEN. NIAGARA FALLS TRANSIT AUTHORITY PD NOTIFIED.",8,2022-08
2022-08-07,OHIO,COLUMBUS,"PRELIM INFO FROM FAA OPS: COLUMBUS, OH/UAS SIGHTING/1437E/COLUMBUS ATCT ADVISED, ROBINSON R44, REPORTED A GREY OR BLACK UAS WHILE W BOUND AT 1,100 FEET 5 WSW CMH. NO EVASIVE ACTION TAKEN. OHIO HIGHWAY STATE PATROL NOTIFIED.",8,2022-08
2022-08-07,CALIFORNIA,SAN FRANCISCO,"PRELIM INFO FROM FAA OPS: SAN FRANCISCO, CA/UAS SIGHTING/1945P/NORCAL TRACON ADVISED, B738, OAK - LAS, REPORTED A UAS FROM THE 12 O'CLOCK POSITION WHILE S BOUND AT 3,500 FEET 6 N SFO. NO EVASIVE ACTION TAKEN. SAN FRANCISCO PD NOTIFIED.",8,2022-08
2022-08-08,MASSACHUSETTS,HYANNIS,"PRELIM INFO FROM FAA OPS: HYANNIS, MA/UAS SIGHTING/0915E/HYANNIS ATCT ADVISED, BEECH BE20, FOK - HYA, REPORTED A GREY OR BLACK UAS WHILE SSE BOUND AT 2,500 FEET ON RIGHT BASE RUNWAY 24. NO EVASIVE ACTION TAKEN. BARNSTABLE PD NOTIFIED. NUMBER NOT PROVIDED.",8,2022-08
2022-08-09,ALABAMA,MOBILE,"PRELIM INFO FROM FAA OPS: MOBILE, AL/UAS SIGHTING/LATE REPORT-0942C/MOBILE ATCT ADVISED, BEECH BE65, REPORTED A WHITE UAS WHILE W BOUND AT 8,000 FEET 15 NE BFM. NO EVASIVE ACTION REPORTED. LAW ENFORCEMENT NOT NOTIFIED.",8,2022-08
2022-08-09,NEW JERSEY,TETERBORO,"PRELIM INFO FROM FAA OPS: TETERBORO, NJ/UAS SIGHTING/1107E/TETERBORO ATCT ADVISED, CESSNA C680, EVV - TEB, REPORTED A SILVER UAS PASS BELOW WHILE S BOUND AT 2,000 FEET 7 NE TEB. NO EVASIVE ACTION REPORTED. PARAMUS PD NOTIFIED.",8,2022-08
2022-08-09,DISTRICT OF COLUMBIA,WASHINGTON,"PRELIM INFO FROM FAA OPS: WASHINGTON, DC/UAS INCIDENT/1214E/NCRCC REPORTED A UAS VCNTY OF WASHINGTON MONUMENT AT 100 FT 2.5 NNE DCA. NO IMPACT TO ACFT. SECRET SERVICE RESPONDED AND MITIGATED UAS ACTIVITY.",8,2022-08
2022-08-09,WISCONSIN,MILWAUKEE,"PRELIM INFO FROM FAA OPS: MILWAUKEE, WI/UAS SIGHTING/1532C/MILWAUKEE ATCT ADVISED, DASSAULT F2TH, REPORTED A WHITE UAS FROM THE 11 O'CLOCK POSITION WHILE E BOUND AT 2,200 FEET 4 WSW MKE. NO EVASIVE ACTION REPORTED. MILWAUKEE CO SHERIFF NOTIFIED.",8,2022-08
2022-08-09,FLORIDA,MIAMI,"PRELIM INFO FROM FAA OPS: MIAMI, FL/UAS SIGHTING/1840E/OPA LOCKA ATCT ADVISED, AIRBUS CN35, OBSERVED A UAS AT THE 3 O'CLOCK POSITION WHILE WESTBOUND AT 1,500 FEET ON DOWNWIND FOR RUNWAY 9L OPF. NO EVASIVE ACTION TAKEN. MIAMI DADE PD NOTIFIED.",8,2022-08
2022-08-09,GEORGIA,ATLANTA,"PRELIM INFO FROM FAA OPS: ATLANTA, GA/UAS SIGHTING/1904E/ATLANTA TRACON ADVISED, A20N, LGA - ATL, REPORTED A BLUE UAS AT THE 3 O'CLOCK POSITION WHILE SW BOUND AT 4,500 FEET 12 E ATL. NO EVASIVE ACTION TAKEN. DEKALB COUNTY PD NOTIFIED.",8,2022-08
2022-08-10,MICHIGAN,ANN ARBOR,"PRELIM INFO FROM FAA OPS: ANN ARBOR, MI/UAS SIGHTING/LATE REPORT-0658E/ANN ARBOR ATCT ADVISED UNIVERSITY OF MICHIGAN DPS REPORTED A SILVER UAS FLY OVER THE RUNWAY AND TAXIWAY'S LOW LEVEL AT ANN ARBOR ARPT (ARB). ARPT WAS CLOSED DURING THIS TIME AND NO ACFT WERE AFFECTED.",8,2022-08
2022-08-10,CALIFORNIA,LOS ANGELES,"PRELIM INFO FROM FAA OPS: LOS ANGELES, CA/UAS SIGHTING/1355P/SOCAL TRACON ADVISED, CESSNA C172, REPORTED A WHITE QUADCOPTER 100 FEET ABOVE ACFT OFF RIGHT SIDE WHILE NW BOUND AT 10,000 FEET 6 NE LAX. NO EVASIVE ACTION TAKEN. LAPD NOTIFIED.",8,2022-08
2022-08-10,COLORADO,DENVER,"PRELIM INFO FROM FAA OPS: DENVER, CO/UAS SIGHTING/2059M/ROCKY MTN ATCT ADVISED, CIRRUS SF50,  REPORTED A GREY AND WHITE UAS, A FEW FEET WIDE IN DIAMETER AT 8,000 FEET WHILE SE BOUND 8 NE ROCKY MTN METRO AIRPORT.  UAS PASSED 50 FEET BENEATH AIRCRAFT. NO EVASIVE MANEUVERS. LEO NOTIFICATION WAS NOT REPORTED..",8,2022-08
2022-08-11,NEW MEXICO,LOS ALAMOS,"PRELIM INFO FROM FAA OPS: LOS ALAMOS, NM/UAS SIGHTING/1024M/ALBUQUERQUE ARTCC ADVISED LOS ALAMOS NATIONAL LABORATORY SECURITY DETECTED UAS OPERATING IN RESTRICTED ARA R5101 NEAR MAIN ENTRANCE (DIAMOND DR AND W JEMEZ RD). UAS WAS NOT VISUALLY SPOTTED BY SECURITY. LEOS NOTIFICATION NOT REPORTED. LOS ALAMOS SECURITY OFFICE CONTACT INFO.",8,2022-08
2022-08-11,FLORIDA,TAMPA,"PRELIM INFO FROM FAA OPS: TAMPA, FL/UAS SIGHTING/1406E/TAMPA APCH ADVISED, B738, MKE - TPA, REPORTED BLACK UAS 300 FEET BELOW ACFT WHILE S BOUND AT 1,300 FEET 3 S TAMPA. NO EVASIVE ACTION REPORTED. HILLSBOROUGH COUNTY SHERIFF NOTIFIED.",8,2022-08
2022-08-11,DISTRICT OF COLUMBIA,WASHINGTON,"CORRECTION INFO (CALLSIGN, DEP-DEST) FROM FAA OPS: WASHINGTON, DC/UAS SIGHTING/1612E/POTOMAC TRACON ADVISED LINDBERGH 4169, CRJ7, EWR - DCA, REPORTED BLACK QUADCOPTER UAS 200 FEET BELOW ACFT AT THE 12 O'CLOCK POSITION WHILE S BOUND AT 4,200 FEET 4 SSE DCA. NO EVASIVE ACTION REPORTED. PRINCE GEORGES COUNTY PD NOTIFIED.",8,2022-08
2022-08-11,WASHINGTON,EVERETT,"PRELIM INFO FROM FAA OPS: EVERETT, WA/UAS SIGHTING/1415P/EVERETT ATCT ADVISED, CESSNA C172, REPORTED UAS FROM THE 12 O'CLOCK POSITION WHILE N BOUND AT 1,600 FEET .5 N PAE. NO EVASIVE ACTION TAKEN. LAW ENFORCEMENT NOTIFIED.",8,2022-08
2022-08-11,ARIZONA,SCOTTSDALE,"PRELIM INFO FROM FAA OPS: SCOTTSDALE, AZ/UAS SIGHTING/1825M/SCOTTSDALE ATCT ADVISED, EXPERIMENTAL SLING 4, REPORTED A BLACK UAS FROM THE 11 O'CLOCK POSITION WHILE W BOUND AT 2,400 FEET 4 NNE SDL. NO INJURIES REPORTED. SCOTTSDALE PD NOTIFIED.",8,2022-08
2022-08-12,GEORGIA,ATLANTA,"PRELIM INFO FROM FAA OPS: ATLANTA, GA/UAS SIGHTING/1555E/ATLANTA ATCT ADVISED, B752, MCO - ATL, REPORTED A UAS FROM THE 3 O'CLOCK POSITION WHILE W BOUND AT 2,100 FEET 9 E ATL. NO EVASIVE ACTION TAKEN. LEO NOTIFIED.",8,2022-08
2022-08-12,MICHIGAN,DETROIT,"PRELIM INFO FROM FAA OPS: DETROIT, MI/UAS SIGHTING/1720E/DETROIT-WAYNE ATCT ADVISED MEXICO REGISTERED XBVHL, HAWKER SIDDELEY H25B, OBSERVED A UAS WHILE NORTHEASTBOUND AT 3,000 FEET, 5 SW DETROIT. NO INJURIES REPORTED. NO LEO NOTIFICATION PROVIDED.",8,2022-08
2022-08-12,GEORGIA,ATLANTA,"PRELIM INFO FROM FAA OPS: ATLANTA, GA/UAS SIGHTING/1911E/ATLANTA AIRPORT OPERATIONS  ADVISED A UAS WAS OPERATING AT AN UNSPECIFIED ALTITUDE NEAR ST. HOWARD DRIVE AND WALKER AVENUE WHICH IS WITHIN A 2 MILE-RADIUS OF ATL. IMPACT TO ATL ATC AIR TRAFFIC OPERATIONS NOT REPORTED. COLLEGE PARK POLICE NOTIFIED.",8,2022-08
2022-08-12,CALIFORNIA,LIVERMORE,"PRELIM INFO FROM FAA OPS: LIVERMORE, CA/UAS SIGHTING/1855P/NORCAL TRACON ADVISED, ADVANCE WACO9, REPORTED A UAS OF UNSPECIFIED SIZE AND COLOR AT 3 O'CLOCK POSITION AT 4,500 FEET WHILE SOUTHBOUND 15 NE LVK. NO EVASIVE ACTION REPORTED. LEO WAS NOTIFIED.",8,2022-08
2022-08-13,NEW YORK,LAKE GEORGE,"PRELIM INFO FROM FAA OPS: LAKE GEORGE, NY/UAS SIGHTING/1145E/LAKE GEORGE PARK COMMISSION MARINE PATROL REPORTED A QUADCOPTER BEING OPERATED IN A RECKLESS MANOR NEAR SAWMILL BAY SECTION OF LAKE GEORGE. NO INJURIES REPORTED. LAKE GEORGE PARK COMMISSION MARINE PATROL NOTIFIED.",8,2022-08
2022-08-13,VIRGINIA,NORFOLK,"PRELIM INFO FROM FAA OPS: NORFOLK, VA/UAS SIGHTING/1320E/NORFOLK ATCT ADVISED, CESSNA C68A, AVL - ORF, REPORTED A SILVER UAS WHILE NE BOUND AT 3,000 FEET 12 SW NORFOLK. NO EVASIVE ACTION TAKEN. PORTSMOUTH PD NOTIFIED.",8,2022-08
2022-08-13,MASSACHUSETTS,BOSTON,"PRELIM INFO FROM FAA OPS: BOSTON, MA/UAS SIGHTING/1425E/BOSTON TRACON ADVISED, CESSNA C402, BOS - RUT, REPORTED A WHITE TRI-ROTOR AT 12 O'CLOCK POSITION WHILE N BOUND AT 1,500 FEET 5 N BOS. EVASIVE ACTION NOT TAKEN. MASSACHUSETTS STATE POLICE NOTIFIED.",8,2022-08
2022-08-13,NEVADA,LAS VEGAS,"PRELIM INFO FROM FAA OPS: LAS VEGAS, NV/UAS SIGHTING/1200P/LAS VEGAS TRACON ADVISED RECEIVING A CALL FROM A CITIZEN WHO OBSERVED A UAS OPERATING BY THE SOUTHEAST PERIMETER OF NORTH LAS VEGAS ARPT (VGT).  TRACON CONTACTED VGT ATCT AND BRIEFED THEM ON THE EVENT. NO REPORTED IMPACT TO OPS. LAS VEGAS METRO PD NOTIFIED.",8,2022-08
2022-08-13,NEW YORK,BUFFALO,"PRELIM INFO FROM FAA OPS: BUFFALO, NY/UAS SIGHTING/1835E/BUFFALO APCH ADVISED, CRJ9, BUF - CLT, REPORTED A BLACK UAS FROM THE LEFT SIDE WHILE NE BOUND AT 2,500 FEET 3 NE BUF. NO EVASIVE ACTION TAKEN. ERIE COUNTY SHERIFF NOTIFIED.",8,2022-08
2022-08-13,TEXAS,SAN ANTONIO,"PRELIM INFO FROM FAA OPS: SAN ANTONIO, TX/UAS SIGHTING/1922C/SAN ANTONIO ATCT ADVISED, B737, DFW - SAT, OBSERVED A FOUR FOOT DIAMETER, WHITE AND SILVER UAS AT 2,800 FEET WHILE ON FINAL RUNWAY 13R. NO EVASIVE ACTION TAKEN. BEXAR COUNTY SHERIFF AND BOERNE POLICE DEPARTMENT NOTIFIED.",8,2022-08
2022-08-13,NEW YORK,NEW YORK,"PRELIM INFO FROM FAA OPS: NEW YORK, NY/UAS SIGHTING/0910E/JFK ATCT ADVISED, CRJ7, MKE - JFK, REPORTED  UAS ON RIGHT SIDE WHILE NE BOUND AT 10,000 FEET 10 NW JFK. NO EVASIVE ACTION TAKEN. PORT AUTHORITY NOTIFIED.",8,2022-08
2022-08-14,TENNESSEE,NASHVILLE,"PRELIM INFO FROM FAA OPS: NASHVILLE, TN/UAS SIGHTING/1042C/NASHVILLE TRACON ADVISED, E170, MIA - BNA, REPORTED A BLACK UAS OFF RIGHT SIDE WHILE SSW BOUND AT 1,700 FEET 4 N BNA , NO EVASIVE ACTIONS TAKEN. METRO NASHVILLE ARPT PD NOTIFIED.",8,2022-08
2022-08-14,COLORADO,PUEBLO,"PRELIM INFO FROM FAA OPS: PUEBLO, CO/UAS SIGHTING/LATE REPORT - 1431M/PUEBLO ATCT ADVISED, CESSNA C56X, PUB - MSY, REPORTED A WHITE UAS WHILE SE BOUND AT 8,000 FEET VCNTY PUEBLO. NO EVASIVE ACTION REPORTED. LEO NOTIFICATION NOT REPORTED.",8,2022-08
2022-08-14,NEW YORK,NEW YORK,"PRELIM INFO FROM FAA OPS: NEW YORK, NY/UAS SIGHTING/1730E/LAGUARDIA ATCT ADVISED, E75L, IAH - LGA, REPORTED UAS AT THE 3 O'CLOCK POSITION WHILE SE BOUND AT 300 FEET 2 NE LGA. NO EVASIVE ACTION TAKEN. NEW YORK PORT AUTHORITY NOTIFIED.",8,2022-08
2022-08-14,KANSAS,OLATHE,"PRELIM INFO FROM FAA OPS: OLATHE, KS/UAS SIGHTING/1638C/OLATHE ATCT ADVISED, CESSNA C25B, ISP - OJC, REPORTED 2 UAS 700 FEET BELOW ACFT WHILE SW BOUND AT 2,800 FEET 4 NE OJC. NO EVASIVE ACTION TAKEN. LEO NOTIFICATION NOT REPORTED.",8,2022-08
2022-08-14,NEW JERSEY,TETERBORO,"PRELIM INFO FROM FAA OPS: TETERBORO, NJ/UAS SIGHTING/1800E/NEW YORK TRACON ADVISED, B739, LAS - EWR, REPORTED A BLACK UAS WHILE N BOUND AT 2,800 FEET 8 NNW TEB. NO EVASIVE ACTION REPORTED. NEW JERSEY POLICE NOTIFIED.",8,2022-08
2022-08-14,NEW YORK,NEW YORK,"PRELIM INFO FROM FAA OPS: NEW YORK, NY/UAS SIGHTING/1803E/LAGUARDIA ATCT ADVISED, CRJ9, XNA - LGA, REPORTED A PURPLE AND BLACK UAS FROM THE 9 O'CLOCK POSITION WHILE SW BOUND AT 1,500 FEET 4 NE LGA. NO EVASIVE ACTION TAKEN. PORT AUTHORITY NOTIFIED.",8,2022-08
2022-08-14,TEXAS,DALLAS,"PRELIM INFO FROM FAA OPS: DALLAS, TX/UAS SIGHTING/1727C/ADDISON ATCT ADVISED, PIPER P28A, ADS - UNKN, REPORTED UAS PASS 200 FEET BELOW AIRCRAFT FROM THE RIGHT SIDE WHILE E BOUND AT 2,200 FEET 5 SE ADDISON. NO EVASIVE ACTION REPORTED. DFW DPS NOTIFIED.",8,2022-08
2022-08-14,OREGON,ALBANY,"PRELIM INFO FROM FAA OPS: ALBANY, OR/UAS SIGHTING/1528P/ALBANY FCT ADVISED, CESSNA C182, REPORTED A BLUE UAS AT UNKN ALTITUDE 5 SE ALBANY. NO EVASIVE ACTION REPORTED. LAW ENFORCEMENT NOTIFICATION NOT REPORTED.",8,2022-08
2022-08-14,OREGON,MEDFORD,"PRELIM INFO FROM FAA OPS: MEDFORD, OR/UAS SIGHTING/1535P/MEDFORD ATCT ADVISED, MOONEY M20P, MEDFORD, OR (MFR) - CORVALLIS, OR (CVO), REPORTED 2 UAS 500 FEET BELOW ACFT WHILE N BOUND AT 2,800 FEET 3 N MFR. NO EVASIVE ACTION TAKEN. MEDFORD PD NOTIFIED.",8,2022-08
2022-08-14,TEXAS,HOUSTON,"PRELIM INFO FROM FAA OPS: HOUSTON, TX/UAS SIGHTING/1819C/DAVID WAYNE HOOKS FCT ADVISED, CESSNA C172, REPORTED A UAS FROM THE 12 O'CLOCK POSITION WHILE S BOUND AT 900 FEET 2 N DWH. NO EVASIVE ACTION REPORTED. HARRIS COUNTY CONSTABLE NOTIFIED.",8,2022-08
2022-08-14,WISCONSIN,KENOSHA,"PRELIM INFO FROM FAA OPS: KENOSHA, WI/UAS SIGHTING/1950C/MILWAUKEE APPROACH ADVISED, GULFSTREAM AEROSPACE G280, ENW - SDF, REPORTED A UAS FROM THE 3 O'CLOCK POSITION WHILE NW BOUND AT 3,000 FEET 4 NE KENOSHA. NO EVASIVE ACTION TAKEN. KENOSHA COUNTY SHERIFF NOTIFIED.",8,2022-08
2022-08-15,NEW YORK,NEW YORK,"PRELIM INFO FROM FAA OPS: NEW YORK, NY/UAS SIGHTING/1053E/NEW YORK TRACON ADVISED, E75S, BOS - LGA, OBSERVED A GRAY UAS WHILE SOUTHWEST BOUND AT 5,000 FEET 10 ENE LGA. NO EVASIVE ACTION TAKEN. NYPD AVIATION UNIT NOTIFIED.",8,2022-08
2022-08-15,FLORIDA,BOCA RATON,"PRELIM INFO FROM FAA OPS: BOCA RATON, FL/UAS SIGHTING/1135E/BOCA RATON ATCT ADVISED, LJ60, AFJ - BCT, OBSERVED A BLACK UAS WHILE SOUTHEAST BOUND AT 500 FEET ON FINAL FOR RUNWAY 05 2 WSW BOCA RATON. NO EVASIVE TAKEN. BOCA RATON PD NOTIFIED.",8,2022-08
2022-08-15,FLORIDA,NEW SMYRNA BEACH,"PRELIM INFO FROM FAA OPS: NEW SMYRNA BEACH, FL/UAS SIGHTING/1219E/DAYTONA TRACON ADVISED, PIPER PA28, X50 - X50, REPORTED A WHITE UAS AT THE 11 O'CLOCK POSITION WHILE SSE BOUND AT 2,000 FEET 5 NE EVB. NO EVASIVE ACTION TAKEN. VOLUSIA COUNTY SHERIFF NOTIFIED.",8,2022-08
2022-08-15,CALIFORNIA,ATWATER,"PRELIM INFO FROM FAA OPS: ATWATER, CA/UAS SIGHTING/1203P/CASTLE ATCT ADVISED, CESSNA C152, OBSERVED A GREY UAS WHILE NORTHWEST BOUND AT 800 FEET 1 MILE OF DEPARTURE END OF RUNWAY 31 ATWATER. NO EVASIVE ACTION TAKEN. MERCED COUNTY SHERIFF NOTIFIED.",8,2022-08
2022-08-16,ILLINOIS,CHICAGO/PROSPECT HEIGHTS/WHEELING,"PRELIM INFO FROM FAA OPS: CHICAGO/PROSPECT HEIGHTS/WHEELING, IL/UAS SIGHTING/1107C/CHICAGO EXECUTIVE ATCT ADVISED, DIAMOND DA40, OBSERVED A BLACK QUAD-COPTER UAS WHILE NE BOUND AT 2,300 FEET 5 NE CHICAGO EXECUTIVE. NO EVASIVE ACTION TAKEN. WHEELING PD NOTIFIED.",8,2022-08
2022-08-16,NEW JERSEY,MILLVILLE,"PRELIM INFO FROM FAA OPS: MILLVILLE, NJ/UAS SIGHTING/1316E/NEW YORK ARTCC ADVISED, TYPE UNKN, OBSERVED A UAS OF THE RIGHT SIDE WHILE NORTHBOUND AT 15,000 FEET 25 SE COYLE VORTAC. NO EVASIVE ACTION TAKEN. WEST CREEK PD NOTIFIED.",8,2022-08
2022-08-16,INDIANA,CRAWFORDSVILLE,"PRELIM INFO FROM FAA OPS: CRAWFORDSVILLE, IN/UAS SIGHTING/1621E/INDIANAPOLIS ARTCC ADVISED, EXP VANS RV4, OBSERVED A BLACK UAS WHILE SOUTHBOUND AT 5,500 FEET 3 E CRAWFORDSVILLE. NO EVASIVE ACTION TAKEN. MONTGOMERY COUNTY SHERIFF NOTIFIED.",8,2022-08
2022-08-16,CALIFORNIA,PALM SPRINGS,"PRELIM INFO FROM FAA OPS: PALM SPRINGS, CA/UAS SIGHTING/2141P/PALM SPRINGS ATCT REPORTED A UAS WITHIN VCNTY OF UNSPECIFIED MOVEMENT AREA AT PALM SPRINGS INTL ARPT (PSP). MEDEVAC LMCY18 AND GIVEN TAXI ADVISORIES IN REFERENCE TO UAS. ARPT OPERATIONS NOTIFIED.",8,2022-08
2022-08-17,MASSACHUSETTS,MANSFIELD,"PRELIM INFO FROM FAA OPS: MANSFIELD, MA/UAS SIGHTING/1229E/BOSTON TRACON ADVISED, E55P, HYA - BED, REPORTED A WHITE UAS 1,000 FEET BELOW THEIR 12 O'CLOCK POSITION WHILE NW BOUND AT 3,000 FEET 2 SW MANSFIELD (1B9). NO EVASIVE ACTION TAKEN. MASSACHUSETTS STATE PD NOTIFIED.",8,2022-08
2022-08-17,ARIZONA,GRAND CANYON,"PRELIM INFO FROM FAA OPS: GRAND CANYON, AZ/UAS SIGHTING/LATE REPORT - 1037M/GRAND CANYON ATCT ADVISED, EUROCOPTER EC30, REPORTED A BLACK UAS AT SAME ALTITUDE FROM THEIR 9 O'CLOCK POSITION WHILE E BOUND AT 7,500 FEET 17 ENE GCN. NO EVASIVE ACTION TAKEN. COCONINO COUNTY SHERIFF NOTIFIED.",8,2022-08
2022-08-17,CALIFORNIA,LONG BEACH,"PRELIM INFO FROM FAA OPS: LONG BEACH, CA/UAS SIGHTING/1230P/LONG BEACH ATCT ADVISED, CESSNA C172, FUL - LGB, REPORTED A RED AND WHITE MODEL ACFT WHILE W BOUND AT 900 FEET 3 E LGB. NO EVASIVE ACTION TAKEN. LONG BEACH PD NOTIFIED.",8,2022-08
2022-08-17,WASHINGTON,SEATTLE,"PRELIM INFO FROM FAA OPS: SEATTLE, WA/UAS SIGHTING/1354P/SEATTLE ATCT ADVISED, BCS1, SEA - SNA, REPORTED WHITE UAS WHILE ON DEPARTURE HEADING N BOUND AT  2,000 FEET 4 N SEATTLE. NO EVASIVE ACTION REPORTED. KING COUNTY SHERIFF NOTIFIED.",8,2022-08
2022-08-17,WASHINGTON,SEATTLE,"PRELIM INFO FROM FAA OPS: SEATTLE, WA/UAS SIGHTING/1357P/SEATTLE APCH ADVISED, B737, SEA - JUNEAU, ALASKA (PAJN), REPORTED UAS FROM THE 9 O'CLOCK POSITION WHILE W BOUND AT 6,000 FEET 12 NW SEA. NO EVASIVE ACTION REPORTED. KITSAP COUNTY SHERIFF NOTIFIED.",8,2022-08
2022-08-17,MINNESOTA,DULUTH,"PRELIM INFO FROM FAA OPS: DULUTH, MN/UAS SIGHTING/2236C/DULUTH ATCT REPORTED A QUAD-ROTOR UAS OUTSIDE PERIMETER FENCE AT 500 FEET VCNTY DLH. NO IMPACT TO NAS. DULUTH PD NOTIFIED.",8,2022-08
2022-08-18,FLORIDA,ORLANDO,"PRELIM INFO FROM FAA OPS: ORLANDO, FL/UAS SIGHTING/1229E/ORLANDO ATCT ADVISED, B38M, EWR - MCO, REPORTED RED AND WHITE UAS OFF RIGHT WING AT 500 FEET WHILE S BOUND AT 500 FEET 2 N ORLANDO. NO EVASIVE ACTION REPORTED. ORANGE COUNTY PD NOTIFIED.",8,2022-08
2022-08-18,MONTANA,BILLINGS,"PRELIM INFO FROM FAA OPS: BILLINGS, MT/UAS SIGHTING/1202M/BILLINGS ATCT REPORTED QUAD COPTER UAS OVER DEPARTURE END OF RUNWAY 10L 4.5 E BIL. NO EVASIVE ACTION TAKEN. LAW ENFORCEMENT NOTIFICATION NOT REPORTED.",8,2022-08
2022-08-18,OHIO,DAYTON,"PRELIM INFO FROM FAA OPS: DAYTON, OH/UAS SIGHTING/1550E/DAYTON ATCT ADVISED, GULFSTREAM AC90, REPORTED UAS 500 FEET BELOW ACFT AT 10 O'CLOCK POSITION WHILE W BOUND AT 2,500 FEET 1 E DAYTON. NO EVASIVE ACTION REPORTED. LEOS NOT NOTIFIED.",8,2022-08
2022-08-18,PENNSYLVANIA,PHILADELPHIA,"PRELIM INFO FROM FAA OPS: PHILADELPHIA, PA/UAS SIGHTING/1658E/PHILADELPHIA ATCT ADVISED, E145, ART - PHL, REPORTED UAS WHILE W BOUND AT 3,000 FEET 8 E PHL. NO EVASIVE ACTION REPORTED. LAW ENFORCEMENT NOTIFIED.",8,2022-08
2022-08-18,PENNSYLVANIA,PHILADELPHIA,"PRELIM INFO FROM FAA OPS: PHILADELPHIA, PA/UAS SIGHTING/1658E/PHILADELPHIA ATCT ADVISED, A306, RFD - PHL, REPORTED A UAS WHILE W BOUND AT 3,000 FEET 8 W PHILADELPHIA. NO EVASIVE ACTION TAKEN. PHILADELPHIA ARPT PD NOTIFIED.",8,2022-08
2022-08-18,ILLINOIS,CHICAGO-AURORA,"PRELIM INFO FROM FAA OPS: CHICAGO-AURORA, IL/UAS SIGHTING/2006C/AURORA ATCT ADVISED, CESSNA C150, REPORTED AN ORANGE AND WHITE UAS WHILE NE BOUND AT 2,500 FEET 4 NE ARR. NO EVASIVE ACTION TAKEN. KANE COUNTY SHERIFF NOTIFIED.",8,2022-08
2022-08-19,ILLINOIS,CHICAGO/WAUKEGAN,"PRELIM INFO FROM FAA OPS: CHICAGO/WAUKEGAN, IL/UAS SIGHTING/1330C/WAUKEGAN ATCT ADVISED, CESSNA C172, REPORTED A WHITE UAS AT 2,000 FEET OPERATING OVER THE NUMBERS OF RUNWAY 05 WHILE ON FINAL FOR SAME RUNWAY. NO EVASIVE ACTION TAKEN. WAUKEGAN POLICE DEPARTMENT NOTIFIED.",8,2022-08
2022-08-19,ILLINOIS,CHICAGO/WAUKEGAN,"PRELIM INFO FROM FAA OPS: CHICAGO/WAUKEGAN, IL/UAS SIGHTING/1330C/WAUKEGAN ATCT ADVISED, CESSNA C152, REPORTED A WHITE UAS AT 2,000 FEET WHILE S BOUND AT SAME ALTITUDE 4 N UGN. NO EVASIVE ACTION TAKEN. WAUKEGAN POLICE DEPARTMENT NOTIFIED.",8,2022-08
2022-08-19,NEW JERSEY,TRENTON,"PRELIM INFO FROM FAA OPS: TRENTON, NJ/UAS SIGHTING/1633E/TRENTON ATCT ADVISED, BEECH B350, HPN - TTN, REPORTED A WHITE, RED, & BLACK UAS FROM THE LEFT SIDE WHILE E BOUND AT 1,900 FEET 1 N TTN. NO EVASIVE ACTION TAKEN. MERCER COUNTY SHERIFFS OFFICE NOTIFIED.",8,2022-08
2022-08-19,OHIO,SPRINGFIELD,"PRELIM INFO FROM FAA OPS: SPRINGFIELD, OH/UAS SIGHTING/1737E/DAYTON ATCT ADVISED, CESSNA C182, REPORTED UAS 50 FEET BELOW ACFT WHILE SW BOUND AT 450 FEET 7 N SPRINGFIELD. NO EVASIVE ACTION REPORTED. OHIO STATE PATROL NOTIFIED.",8,2022-08
2022-08-19,TEXAS,EL PASO,"PRELIM INFO FROM FAA OPS: EL PASO, TX/UAS INCIDENT/1507M/EL PASO ATCT ADVISED REPORTED UAS OPERATING VCNTY EL PASO. AIRPORT OPS 11 MADE CONTACT WITH UAS OPERATOR AND INFORMED OPERATOR OF COORDINATION PROCEDURES. NO IMPACT TO OPERATIONS. LEOS NOT NOTIFIED. FAA LEAP NOTIFIED.",8,2022-08
2022-08-19,MICHIGAN,GRAND RAPIDS,"PRELIM INFO FROM FAA OPS: GRAND RAPIDS, MI/UAS SIGHTING/1730E/KALAMAZOO APCH ADVISED, CESSNA C172, REPORTED UAS AT SAME ALTITUDE WHILE NNW BOUND AT 2,500 FEET 15 NNW GRAND RAPIDS. NO EVASIVE ACTION REPORTED. KENT COUNTY SHERIFF NOTIFIED.",8,2022-08
2022-08-19,TEXAS,DALLAS-FORT WORTH,"PRELIM INFO FROM FAA OPS: DALLAS-FORT WORTH, TX/UAS SIGHTING/1719C/DALLAS-FORT WORTH ATCT ADVISED, B738, COS - DFW, REPORTED UAS 500 FEET OVERHEAD WHILE S BOUND AT 3,300 FEET 6 MILE FINAL RUNWAY 18L. NO EVASIVE ACTION TAKEN. DFW DPS NOTIFIED.",8,2022-08
2022-08-19,ILLINOIS,CHICAGO,"PRELIM INFO FROM FAA OPS: CHICAGO, IL/UAS SIGHTING/2325C/MIDWAY ATCT ADVISED, B738, HOU - MDW, REPORTED A WHITE UAS OFF RIGHT SIDE WHILE NE BOUND AT 400 FEET ON SHORT FINAL RUNWAY 22L. NO EVASIVE ACTION TAKEN. CHICAGO PD NOTIFIED.",8,2022-08
2022-08-20,FLORIDA,ORLANDO,"PRELIM INFO FROM FAA OPS: ORLANDO, FL/UAS SIGHTING/1435E/ORLANDO EXECUTIVE ATCT ADVISED , PIPER P28A, REPORTED A UAS AT SAME ALTITUDE WHILE WSW BOUND AT 600 FEET 1 ENE ORL. NO EVASIVE ACTION TAKEN. ORANGE COUNTY SHERIFF'S OFFICE NOTIFIED.",8,2022-08
2022-08-20,NORTH CAROLINA,CONCORD,"PRELIM INFO FROM FAA OPS: CONCORD, NC/UAS SIGHTING/1442E/CONCORD FCT ADVISED, PIPER P28A, REPORTED A WHITE UAS FROM THE RIGHT SIDE WHILE SE BOUND AT 300 FEET 1.5 NE JQF. NO EVASIVE ACTION TAKEN. CONCORD PD NOTIFIED.",8,2022-08
2022-08-20,NEVADA,LAS VEGAS,"PRELIM INFO FROM FAA OPS: LAS VEGAS, NV/UAS SIGHTING/LATE REPORT 8/20 - 1208P/LAS VEGAS TRACON ADVISED, BOMBARDIER CL60, REPORTED UAS PASSING 50 FEET ABOVE ACFT WHILE E BOUND AT 3,200 FEET 2 W LAS. PIC REPORTED NMAC. NO EVASIVE ACTION TAKEN. LAS VEGAS METRO PD NOTIFIED.",8,2022-08
2022-08-20,NEVADA,LAS VEGAS,"PRELIM INFO FROM FAA OPS: LAS VEGAS, NV/UAS SIGHTING/1220P/LAS VEGAS ATCT ADVISED, A20N, SAN - LAS, REPORTED A UAS ABOVE ACFT WHILE E BOUND AT 3,000 FEET 2.5 W LAS. NO EVASIVE ACTION TAKEN. METRO PD NOTIFIED.",8,2022-08
2022-08-20,FLORIDA,FORT LAUDERDALE,"PRELIM INFO FROM FAA OPS: FORT LAUDERDALE, FL/UAS SIGHTING/1520E/MIAMI ARTCC ADVISED, BEECH BE35, FXE - PGD, REPORTED A GREY AND BLACK UAS 100 FEET ABOVE THE 9 O'CLOCK POSITION WHILE NW BOUND AT 8,000 FEET 40 NW FLL. NO EVASIVE ACTION TAKEN. BROWARD COUNTY SHERIFF NOTIFIED.",8,2022-08
2022-08-20,DISTRICT OF COLUMBIA,WASHINGTON,"PRELIM INFO FROM FAA OPS: WASHINGTON, DC/UAS SIGHTING/1558E/POTOMAC TRACON ADVISED, GULFSTREAM GLF5, REPORTED A SILVER AND WHITE UAS FROM THE 9 O'CLOCK POSITION WHILE E BOUND AT 5,000 FEET 16 NW DCA. NO EVASIVE ACTION TAKEN. FAIRFAX COUNTY PD NOTIFIED.",8,2022-08
2022-08-20,PENNSYLVANIA,PHILADELPHIA,"PRELIM INFO FROM FAA OPS: PHILADELPHIA, PA/UAS SIGHTING/1612E/PHILADELPHIA ATCT ADVISED, A321, PHL - CLT, REPORTED A SILVER AND WHITE UAS WHILE W BOUND AT 7,500 FEET 10 W PHL. NO EVASIVE ACTION TAKEN. SECRET SERVICE NOTIFIED.",8,2022-08
2022-08-20,PENNSYLVANIA,PHILADELPHIA,"PRELIM INFO FROM FAA OPS: PHILADELPHIA, PA/UAS SIGHTING/1720E/PHILADELPHIA ATCT ADVISED, CRJ7, MHT - PHL, REPORTED A WHITE UAS FROM THE 3 O'CLOCK POSITION WHILE N BOUND AT 3,000 FEET 15 E PHL. NO EVASIVE ACTION TAKEN. PHILADELPHIA ARPT PD NOTIFIED.",8,2022-08
2022-08-20,CALIFORNIA,SAN JOSE,"PRELIM INFO FROM FAA OPS: SAN JOSE, CA/UAS SIGHTING/1727P/REID-HILLVIEW ATCT ADVISED, CESSNA C172, RHV - PRB, REPORTED A RED UAS WHILE NW BOUND AT 400 FEET VCNTY RHV. NO EVASIVE ACTION TAKEN. SAN JOSE PD NOTIFIED.",8,2022-08
2022-08-20,MINNESOTA,DULUTH,"PRELIM INFO FROM FAA OPS: DULUTH, MN/UAS SIGHTING/2105C/DULUTH ATCT REPORTED A QUAD-ROTOR UAS AT 2,400 FEET VCNTY DLH. NO IMPACT TO NAS REPORTED. LOCAL PD NOTIFIED.",8,2022-08
2022-08-21,NEW MEXICO,SANTA FE,"PRELIM INFO FROM FAA OPS: SANTA FE, NM/UAS INCIDENT/0810M/SANTA FE FCT ADVISED, HELO, REPORTED AN ORANGE UAS WHILE W BOUND AT 500 FEET 2 E SAF. EVASIVE ACTION TAKEN. SANTA FE PD NOTIFIED.",8,2022-08
2022-08-21,FLORIDA,TAMPA,"PRELIM INFO FROM FAA OPS: TAMPA, FL/UAS SIGHTING/1220E/TAMPA ATCT ADVISED, B763, AFW - TPA, REPORTED A BLACK UAS AT THE 9 O'CLOCK POSITION WHILE S BOUND AT 2,500 FEET 8 N TPA. NO ACTION TAKEN. LEO NOTIFICATION NOT REPORTED.",8,2022-08
2022-08-21,NEW YORK,POUGHKEEPSIE,"PRELIM INFO FROM FAA OPS: POUGHKEEPSIE, NY/UAS SIGHTING/1249E/BOSTON ARTCC ADVISED, PIPER P28R, W00 - ACK, REPORTED A UAS WHILE S BOUND AT 9,500 FEET OVER POU. NO EVASIVE ACTION TAKEN. DUTCHESS COUNTY SHERIFF NOTIFIED.",8,2022-08
2022-08-21,CALIFORNIA,EL MONTE,"PRELIM INFO FROM FAA OPS: EL MONTE, CA/UAS SIGHTING/1055P/SAN GABRIEL VALLEY ATCT ADVISED ARPT MANAGEMENT PERSONNEL REPORTED UAS AT 750 FEET .75 SW EMT. NO IMPACT TO ARPT OPERATIONS. NO ACFT INVOVLED IN REPORTING. ORANGE COUNTY SHERIFF NOTIFIED.",8,2022-08
2022-08-21,NEW YORK,DEER PARK,"PRELIM INFO FROM FAA OPS: DEER PARK, NY/UAS SIGHTING/1710E/NEW YORK TRACON ADVISED, E75L, PWM - JFK, REPORTED A WHITE UAS WHILE WSW BOUND AT 2,000 FEET 10 S DEER PARK VOR. NO EVASIVE ACTION TAKEN. NASSAU COUNTY SHERIFF NOTIFIED.",8,2022-08
2022-08-21,MICHIGAN,FLINT,"PRELIM INFO FROM FAA OPS: FLINT, MI/UAS SIGHTING/1829E/KALAMAZOO ATCT ADVISED, CIRRUS S22T, PTK - PTK, REPORTED UAS WHILE E BOUND AT 2,500 FEET 8 NW FLINT. NO EVASIVE ACTION REPORTED. MI STATE PD NOTIFIED.",8,2022-08
2022-08-21,NEW YORK,NEW YORK,"PRELIM INFO FROM FAA OPS: NEW YORK, NY/UAS SIGHTING/1850E/NEW YORK TRACON ADVISED, E75S, ORF - JFK, RPORTED WHITE AND SILVER UAS AT SAME ALTITUDE WHILE W BOUND AT 2,000 FEET 12 ENE JFK. NO EVASIVE ACTION REPORTED. NYPD AVIATION NOTIFIED.",8,2022-08
2022-08-21,TEXAS,SAN ANTONIO,"PRELIM INFO FROM FAA OPS: SAN ANTONIO, TX/UAS SIGHTING/1805C/SAN ANTONIO TRACON ADVISED, A319, SAT - DFW, REPORTED BLACK UAS 200 FEET BELOW AIRCRAFT FROM THE 9 O'CLOCK POSITION WHILE SE BOUND AT 2,700 FEET 10 SE SAT. NO EVASIVE ACTION REPORTED. SAN ANTONIO PD NOTIFIED.",8,2022-08
2022-08-21,RHODE ISLAND,PROVIDENCE,"PRELIM INFO FROM FAA OPS: PROVIDENCE, RI/UAS SIGHTING/2240E/PROVIDENCE ATCT ADVISED, CESSNA C172, HPN - MANSFIELD, MA, REPORTED GREEN UAS PASS 1,000 FEET BELOW AIRCRAFT FROM THE 1 O'CLOCK POSITION WHILE NE BOUND AT 5,500 FEET 16 WNW PVD. NO EVASIVE ACTION TAKEN. RHODE ISLAND AIRPORT CORPORATION PD NOTIFIED.",8,2022-08
2022-08-22,FLORIDA,SARASOTA/BRADENTON,"PRELIM INFO FROM FAA OPS: SARASOTA-BRADENTON, FL/UAS SIGHTING/1320E/SARASOTA ATCT ADVISED, CESSNA C525, BKV - SRQ, REPORTED UAS OFF LEFT SIDE WHILE NW BOUND AT 1,100 FEET 2 SE SRQ. NO EVASIVE ACTIONS TAKEN. SARASOTA SHERIFF NOTIFIED.",8,2022-08
2022-08-22,WEST VIRGINIA,MARTINSBURG,"PRELIM INFO FROM FAA OPS: MARTINSBURG, WV/UAS SIGHTING/1325E/MARTINSBURG ATCT ADVISED, BEECH BE9L, POU - MRB, REPORTED A BLACK UAS FROM THE RIGHT SIDE WHILE W BOUND AT 2,700 FEET ON 7 MILE FINAL RUNWAY 26 MRB. NO EVASIVE ACTION TAKEN. BERKELEY COUNTY SHERIFF'S OFFICE NOTIFIED.",8,2022-08
2022-08-22,WASHINGTON,EVERETT,"PRELIM INFO FROM FAA OPS: EVERETT, WA/UAS SIGHTING/1232P/PAINE ATCT ADVISED, CESSNA C182, REPORTED A GREEN UAS WHILE W BOUND AT 2,600 FEET 7 SE PAE. NO EVASIVE ACTION TAKEN. SNOHOMISH COUNTY SHERIFF NOTIFIED.",8,2022-08
2022-08-22,INDIANA,INDIANAPOLIS,"PRELIM INFO FROM FAA OPS: INDIANAPOLIS, IN/UAS SIGHTING/1642E/INDIANAPOLIS APCH ADVISED, B739, ATL - IND, REPORTED A GOLD QUAD-COPTER UAS 500 FEET OFF THE RIGHT SIDE WHILE NW BOUND AT 8,000 FEET 12 SE BRICKYARD VORTAC. NO EVASIVE ACTION TAKEN. MARION COUNTY SHERIFF NOTIFIED.",8,2022-08
2022-08-22,MASSACHUSETTS,BOSTON,"PRELIM INFO FROM FAA OPS: BOSTON, MA/UAS SIGHTING/1720E/BOSTON TRACON ADVISED, CESSNA C402, BHB - BOS, REPORTED A SILVER QUADCOPTER WHILE SW BOUND AT 4,000 FEET 15 SW BOS. NO EVASIVE ACTION TAKEN. MASSACHUSETTS STATE POLICE NOTIFIED.",8,2022-08
2022-08-22,COLORADO,DENVER,"PRELIM INFO FROM FAA OPS: DENVER, CO/UAS SIGHTING/1550M/DENVER ATCT ADVISED, B738, SEA - DEN, REPORTED A BLACK AND YELLOW UAS FROM THE 3 O'CLOCK POSITION WHILE S BOUND AT 7,000 FEET 5 N DEN. NO EVASIVE ACTION TAKEN. DIA OPS NOTIFIED.",8,2022-08
2022-08-22,WASHINGTON,SEATTLE,"PRELIM INFO FROM FAA OPS: SEATTLE, WA/UAS SIGHTING/1554P/SEATTLE TRACON ADVISED, BELL B06, REPORTED A WHITE UAS WHILE S BOUND AT 1,800 FEET 18 N SEA. NO EVASIVE ACTION TAKEN. KING COUNTY SHERIFF NOTIFIED.",8,2022-08
2022-08-22,OHIO,COLUMBUS,"CLOSE-OUT INFO FROM FAA OPS: COLUMBUS, OH/UAS SIGHTING/2048E/OHIO STATE ATCT ADVISED, CESSNA C172, PILOT REPORTED LATERAL EVASIVE ACTION TAKEN. NO DAMAGE OR INJURIES REPORTED.",8,2022-08
2022-08-23,FLORIDA,ORLANDO,"PRELIM INFO FROM FAA OPS: ORLANDO, FL/UAS SIGHTING/1035E/CENTRAL FLORIDA TRACON ADVISED , CESSNA C580, ORL - UNKN, REPORTED 2 UAS FROM THE 2 O'CLOCK POSITION WHILE NE BOUND AT 1,500 FEET 6 NE ORL. NO EVASIVE ACTION REPORTED. ORANGE COUNTY SHERIFF NOTIFIED.",8,2022-08
2022-08-23,GEORGIA,ATLANTA,"PRELIM INFO FROM FAA OPS: ATLANTA, GA/UAS SIGHTING/1608E/ATLANTA AIRPORT OPS OBSERVED A UAS AT AN UNKN ALTITUDE VCNTY ATL. NO ACFT INVOLVED. NO IMPACT TO OPERATIONS REPORTED. LEO NOTIFICATION NOT REPORTED.",8,2022-08
2022-08-23,KANSAS,WICHITA,"PRELIM INFO FROM FAA OPS: WICHITA, KS/UAS SIGHTING/1730C/WICHITA ATCT ADVISED, CESSNA C441, BBG - AAO, REPORTED A BLACK UAS WHILE N BOUND AT 2,100 FEET VCNTY COLONEL JAMES JABARA ARPT (AAO). NO EVASIVE ACTION TAKEN. WICHITA ARPT PD NOTIFIED.",8,2022-08
2022-08-23,NEW YORK,NEW YORK,"PRELIM INFO FROM FAA OPS: NEW YORK, NY/UAS SIGHTING/2235E/LAGUARDIA ATCT ADVISED, A320, ORD - LGA, REPORTED A UAS FROM THE RIGHT SIDE WHILE SW BOUND AT 7,000 FFET 2 NE LGA. NO EVASIVE ACTION TAKEN. NYPD NOTIFIED.",8,2022-08
2022-08-24,NEVADA,LAS VEGAS,"PRELIM INFO FROM FAA OPS: LAS VEGAS, NV/UAS SIGHTING/0858P/NORTH LAS VEGAS ATCT ADVISED, CESSNA C56X, RNO - VGT, REPORTED BLACK UAS AT 4,500 FEET WHILE AT 4,100 FEET 5 SW BOUND VGT ON APPROACH. NO EVASIVE ACTION TAKEN. LAS VEGAS METRO PD NOTIFIED.",8,2022-08
2022-08-24,ILLINOIS,CHICAGO,"PRELIM INFO FROM FAA OPS: CHICAGO, IL/UAS SIGHTING/1214C/CHICAGO O'HARE ATCT ADVISED, E170, CVG - ORD, REPORTED QUAD COPTER UAS WHILE N BOUND AT 8,000 FEET 2 E ORD. NO EVASIVE ACTION REPORTED. ARPT PD NOTIFIED.",8,2022-08
2022-08-24,MICHIGAN,DETROIT,"PRELIM INFO FROM FAA OPS: DETROIT, MI/UAS SIGHTING/1806E/DETROIT TRACON ADVISED, B752, SDF - DTW, REPORTED A BLACK UAS AT THE 3 O'CLOCK POSITION WHILE SW BOUND AT 1,900 FEET ON FINAL RUNWAY 21R. MICHIGAN STATE POLICE NOTIFIED.",8,2022-08
2022-08-25,TEXAS,HOUSTON,"PRELIM INFO FROM FAA OPS: HOUSTON, TX/UAS SIGHTING/1153C/CONROE/NORTH HOUSTON REGIONAL ATCT ADVISED, SIKORSKY S58P, REPORTED ORANGE UAS FROM THE 12 O'CLOCK POSITION WHILE SSE BOUND AT 900 FEET 2.5 NW CXO. NO EVASIVE ACTION REPORTED. LAW ENFORCEMENT NOTIFICATION NOT REPORTED.",8,2022-08
2022-08-25,CALIFORNIA,SAN DIEGO,"PRELIM INFO FROM FAA OPS: SAN DIEGO, CA/UAS SIGHTING/1225P/SAN DIEGO ATCT ADVISED, B737, SJC - SAN, REPORTED A WHITE AND SILVER UAS WHILE W BOUND AT 1,500 FEET ON 4 MILE FINAL. NO EVASIVE ACTION TAKEN. SDHP NOTIFIED.",8,2022-08
2022-08-25,NEW YORK,NEW YORK,"PRELIM INFO FROM FAA OPS: NEW YORK, NY/UAS SIGHTING/1615E/JFK ATCT ADVISED, GULFSTREAM GLF5, REPORTED A RED UAS 200 FEET BELOW ACFT FROM THE 4 O'CLOCK POSITION WHILE SW BOUND AT 700 FEET ON 1.5 MILE FINAL RUNWAY 22L. NO EVASIVE ACTION TAKEN. PORT AUTHORITY NOTIFIED.",8,2022-08
2022-08-25,MASSACHUSETTS,BOSTON,"PRELIM INFO FROM FAA OPS: BOSTON, MA/UAS SIGHTING/1647E/BOSTON ATCT ADVISED, CESSNA C402, AUG - BOS, REPORTED UAS 200 FEET BELOW ACFT WHILE S BOUND AT 5,000 FEET 8 NW BOSTON. NO EVASIVE ACTION REPORTED. MASS STATE PD NOTIFIED.",8,2022-08
2022-08-25,TEXAS,HOUSTON,"PRELIM INFO FROM FAA OPS: HOUSTON, TX/UAS SIGHTING/1638C/HOUSTON TRACON ADVISED, CIRRUS SR20, REPORTED A BLUE QUADCOPTER 100 FEET ABOVE AT THE 12 O'CLOCK POSITION WHILE NW BOUND AT 7,000 FEET 23 NW IAH. NO INJURIES REPORTED. HOUSTON PD NOTIFIED.",8,2022-08
2022-08-25,CALIFORNIA,LOS ANGELES,"PRELIM INFO FROM FAA OPS: LOS ANGELES, CA/UAS SIGHTING/1945P/LOS ANGELES ARTCC ADVISED, B739, LAX - ANCHORAGE, ALASKA (PANC), REPORTED A BLACK UAS AT THE 9 O'CLOCK POSITION WHILE S BOUND AT 9,000 FEET 15 W LAX. NO EVASIVE ACTION TAKEN. LAPD NOTIFIED.",8,2022-08
2022-08-26,NEBRASKA,SIDNEY,"PRELIM INFO FROM FAA OPS: SIDNEY, NE/UAS SIGHTING/0745M/DENVER ARTCC ADVISED, CESSNA C421, REPORTED A UAS 50 FEET BELOW ACFT WHILE SE BOUND AT 13,100 FEET 30 ENE SNY. NO EVASIVE ACTION TAKEN. GARDEN CITY SHERIFF NOTIFIED.",8,2022-08
2022-08-26,FLORIDA,FORT MYERS,"PRELIM INFO FROM FAA OPS: FORT MYERS, FL/UAS SIGHTING/1100E/FORT MYERS ATCT ADVISED, B737, MDW - RSW, REPORTED A UAS FROM THE WHILE 1 O'CLOCK POSITION WHILE NE BOUND AT 15,000 FEET 6 SW RSW. NO EVASIVE ACTION TAKEN. LCSO NOTIFIED.",8,2022-08
2022-08-26,NORTH CAROLINA,RALEIGH/DURHAM,"CORRECTION INFO (CALLSIGN) FROM FAA OPS: RALEIGH/DURHAM, NC/UAS SIGHTING/1120E/RALEIGH DURHAM ATCT ADVISED, B738, ATL - RDU, REPORTED A UAS FROM THE LEFT SIDE WHILE SW BOUND AT 2,000 FEET 4 NE RDU. NO EVASIVE ACTION TAKEN. ARPT AUTHORITY NOTIFIED.",8,2022-08
2022-08-26,MINNESOTA,MINNEAPOLIS,"PRELIM INFO FROM FAA OPS: MINNEAPOLIS, MN/UAS SIGHTING/1214C/MINNEAPOLIS TRACON ADVISED, CRJ9, TORONTO (CYYZ) - MSP, REPORTED A LARGE NUMBER OF UAS WHILE NW BOUND AT 4,000 FEET 13 NW MSP. NO EVASIVE ACTION TAKEN. LEO NOTIFIED.",8,2022-08
2022-08-26,CALIFORNIA,FAIRFIELD,"PRELIM INFO FROM FAA OPS: FAIRFIELD, CA/UAS SIGHTING/1200P/TRAVIS AIR FORCE BASE ATCT REPORTED A UAS IN CLASS D AIRSPACE. NO ACFT INVOLVED. NO IMPACT TO OPERATIONS. LEO NOTIFICATION NOT REPORTED.",8,2022-08
2022-08-26,GEORGIA,ATLANTA,"PRELIM INFO FROM FAA OPS: ATLANTA, GA/UAS SIGHTING/1540E/ATLANTA TRACON ADVISED, A321, ATL - SLC, REPORTED A UAS 200 FEET BELOW ACFT WHILE W BOUND AT 2,600 FEET 1 W ATL. NO EVASIVE ACTION TAKEN. COLLEGE PARK PD NOTIFIED.",8,2022-08
2022-08-26,GEORGIA,ATLANTA,"PRELIM INFO FROM FAA OPS: ATLANTA, GA/UAS SIGHTING/1540E/DELTA 1354, A320, CMH - ATL, REPORTED A UAS AT 2,600 FEET 1 W ATL. NO EVASIVE ACTION TAKEN. COLLEGE PARK PD NOTIFIED.",8,2022-08
2022-08-26,NORTH CAROLINA,CHARLOTTE,"PRELIM INFO FROM FAA OPS: CHARLOTTE, NC/UAS SIGHTING/1647E/CHARLOTTE TRACON ADVISED, PIPER P28A, REPORTED A GRAY UAS AT THE 3 O'CLOCK POSITION WHILE SW BOUND AT 7,500 FEET 20 W CLT. NO EVASIVE ACTION TAKEN. GASTON COUNTY SHERIFF NOTIFIED.",8,2022-08
2022-08-26,NEW YORK,NEW YORK,"PRELIM INFO FROM FAA OPS: NEW YORK, NY/UAS SIGHTING/1726E/LAGUARDIA ATCT ADVISED, CRJ9, CHS - LGA, REPORTED A UAS FROM THE 9 O'CLOCK POSITION WHILE NE BOUND AT 4,000 FEET 8 NNW LGA. NO EVASIVE ACTION TAKEN. NYPD NOTIFIED.",8,2022-08
2022-08-26,TEXAS,EL PASO,"PRELIM INFO FROM FAA OPS: EL PASO, TX/UAS SIGHTING/LATE REPORT 8-26 1806M/EL PASO ARPT OPERATIONS REPORTED A UAS OPERATOR WAS IDENTIFIED AFTER UAS LOCATED .5 S ELP. NO IMPACTS TO NAS REPORTED. NO LEO NOTIFICATION. OPERATOR ASKED TO STOP OPERATING UAS WITHIN VNCTY OF ARPT.",8,2022-08
2022-08-27,ILLINOIS,CHICAGO/PROSPECT HEIGHTS/WHEELING,"PRELIM INFO FROM FAA OPS: CHICAGO, IL/UAS INCIDENT/0935C/CHICAGO EXECTIVE ATCT ADVISED, CESSNA C525, REPORTED A BLACK QUADCOPTER UAS AT THE 12 O'CLOCK POSITION WHILE E BOUND AT 2,000 FEET 7 W PWK. ACFT DESCENDED 200 FEET TO AVOID UAS. FBI NOTIFIED.",8,2022-08
2022-08-27,NEW YORK,NEW YORK,"PRELIM INFO FROM FAA OPS: NEW YORK, NY/UAS SIGHTING/1052E/LAGUARDIA ATCT ADVISED, BCS1, MSY - LGA, REPORTED A QUAD-COPTER UAS WHILE NE BOUND AT 1,700 FEET 3 SW LGA. NO EVASIVE ACTION TAKEN. NYPD AVIATION UNIT NOTIFIED.",8,2022-08
2022-08-27,RHODE ISLAND,PROVIDENCE,"PRELIM INFO FROM FAA OPS: PROVIDENCE, RI/UAS SIGHTING/1458E/BOSTON TRACON ADVISED, B738, MIA - BOS, REPORTED A BLACK UAS AT THE 3 O'CLOCK POSITION WHILE E BOUND AT 9,000 FEET 17 ENE PVD. NO EVASIVE ACTION TAKEN, MASSACHUSETTS STATE PD NOTIFIED.",8,2022-08
2022-08-27,NEW HAMPSHIRE,MANCHESTER,"PRELIM INFO FROM FAA OPS: MANCHESTER, NH/UAS SIGHTING/1609E/BOSTON TRACON ADVISED, CRJ9, DCA - MHT, REPORTED A BROWN UAS AT THE 9 O'CLOCK POSITION WHILE SE BOUND AT 5,000 FEET 9 SW MHT. NO EVASIVE ACTION TAKEN. MANCHESTER PD NOTIFIED.",8,2022-08
2022-08-27,GEORGIA,ATLANTA,"PRELIM INFO FROM FAA OPS: ATLANTA, GA/UAS SIGHTING/1800E/ATLANTA TRACON ADVISED, CIRRUS SR22, REPORTED UAS AT THE 12 O'CLOCK POSITION WHILE SW BOUND AT 5,000 FEET 25 SW ATL. NO EVASIVE ACTION TAKEN. COBB COUNTY SHERIFF NOTIFIED.",8,2022-08
2022-08-27,NORTH CAROLINA,CHARLOTTE,"PRELIM INFO FROM FAA OPS: CHARLOTTE, NC/UAS SIGHTING/1949E/CHARLOTTE TRACON ADVISED, CRJ9, ATL - DCA, REPORTED A WHITE-SILVER UAS OFF RIGHT SIDE WHILE E BOUND AT 8,800 FEET 27 NE CLT. NO EVASIVE ACTION TAKEN. LINCOLN COUNTY DISPATCH NOTIFIED.",8,2022-08
2022-08-28,CONNECTICUT,GROTON-NEW LONDON,"PRELIM INFO FROM FAA OPS: GROTON-NEW LONDON, CT/UAS SIGHTING/1036E/GROTON-NEW LONDON ATCT ADVISED, CESSNA C182, REPORTED A UAS FROM THE 12 O'CLOCK POSITION WHILE SW BOUND AT 1,500 FEET 1 NW GON. NO EVASIVE ACTION REPORTED. GROTON PD NOTIFIED.",8,2022-08
2022-08-28,FLORIDA,FORT LAUDERDALE,"PRELIM INFO FROM FAA OPS: FORT LAUDERDALE, FL/UAS SIGHTING/1105E/MIAMI TRACON ADVISED, ATR AT46, TPA - FLL, REPORTED BLACK AND WHITE UAS PASS UNDERNEATH FROM THE 1 O'CLOCK POSITION WHILE SW BOUND AT 1,700 FEET 7 W FLL. NO EVASIVE ACTION TAKEN. BROWARD COUNTY SHERIFF NOTIFIED.",8,2022-08
2022-08-28,VIRGINIA,HERNDON,"PRELIM INFO FROM FAA OPS: HERNDON, VA/UAS SIGHTING/1342E/POTOMAC TRACON ADVISED, GULFSTREAM AEROSPACE GLF5, JYO - PDK, REPORTED A GOLD UAS 1,000 FEET BELOW ACFT WHILE W BOUND AT 3,000 FEET 8 NNW HARMEL VOR. NO EVASIVE ACTION REPORTED. LOUDON COUNTY SHERIFF NOTIFIED.",8,2022-08
2022-08-28,PENNSYLVANIA,PHILADELPHIA,"PRELIM INFO FROM FAA OPS: PHILADELPHIA, PA/UAS INCIDENT/1505E/NORTHEAST PHILADELPHIA ATCT ADVISED, PIPER P28A, PNE - PNE, REPORTED TWO YELLOW UAS FROM THE 12 O'CLOCK POSITION WHILE SSE BOUND AT 600 FEET 1 W PNE. ACFT ADJUSTED COURSE TO AVOID UAS. NO INJURIES REPORTED. PHILADELPHIA PD NOTIFIED.",8,2022-08
2022-08-28,NEW JERSEY,NEWARK,"PRELIM INFO FROM FAA OPS: NEWARK, NJ/UAS SIGHTING/1525E/NEW YORK TRACON ADVISED, A321, MCO - EWR, REPORTED A SILVER UAS FROM THE 2 O'CLOCK POSITION WHILE NE BOUND AT 3,000 FEET 14 SSW EWR. NO EVASIVE ACTION REPORTED. NEW JERSEY STATE POLICE NOTIFIED.",8,2022-08
2022-08-28,CALIFORNIA,SAN FRANCISCO,"PRELIM INFO FROM FAA OPS: SAN FRANCISCO, CA/UAS SIGHTING/1235P/NORCAL TRACON ADVISED, A320, LAS - SFO, REPORTED A UAS 1,000 FEET BELOW WHILE W BOUND AT 4,000 FEET 4 NW SFO. NO EVASIVE ACTION REPORTED. DALY CITY PD NOTIFIED.",8,2022-08
2022-08-28,NEW YORK,NEW YORK,"PRELIM INFO FROM FAA OPS: NEW YORK, NY/UAS SIGHTING/1750E/JF KENNEDY ATCT ADVISED, A320, BZN - JFK, REPORTED A UAS FROM THE LEFT SIDE WHILE SW BOUND AT 2,000 FEET 9 NE JFK. NO EVASIVE ACTION TAKEN. PORT AUTHORITY NOTIFIED.",8,2022-08
2022-08-28,TEXAS,SAN ANTONIO,"PRELIM INFO FROM FAA OPS: SAN ANTONIO, TX/UAS SIGHTING/1726C/SAN ANTONIO ATCT ADVISED, CESSNA C182, REPORTED UAS FROM THE 3 O'CLOCK POSITION WHILE E BOUND AT 3,500 FEET 14 S SAT. NO EVASIVE ACTION TAKEN. SAN ANTONIO PD NOTIFIED.",8,2022-08
2022-08-28,MICHIGAN,DETROIT,"PRELIM INFO FROM FAA OPS: DETROIT, MI/UAS SIGHTING/1831E/DETROIT ATCT ADVISED, CRJ9, CLT - DTW, REPORTED RED UAS FROM THE 12 O'CLOCK POSITION WHILE SW BOUND AT 1,000 FEET 3 NE DTW. NO EVASIVE ACTION TAKEN. MICHIGAN STATE PD NOTIFIED.",8,2022-08
2022-08-28,OHIO,CINCINNATI,"PRELIM INFO FROM FAA OPS: CINCINNATI, OH/UAS SIGHTING/1853E/CINCINNATI-NORTHERN KENTUCKY INTERNATIONAL ARPT ADVISED, CESSNA C25B, GON - LUK, REPORTED BLUE QUAD COPTER UAS FROM THE LEFT SIDE WHILE SSW BOUND AT 3,000 FEET 8 NNE LUK. NO EVASIVE ACTION TAKEN. HAMILTON COUNTY SHERIFF DISPATCH NOTIFIED.",8,2022-08
2022-08-28,NEW YORK,NEW YORK,"PRELIM INFO FROM FAA OPS: NEW YORK, NY/UAS SIGHTING/1928E/JFK ATCT ADVISED, B738, PANAMA CITY, PANAMA (MPTO) - JFK, REPORTED A UAS WHILE SW BOUND AT 14,00 FEET ON 5 MILE FINAL RUNWAY 22L. NO INJURIES REPORTED. LEO NOTIFICATION NOT REPORTED.",8,2022-08
2022-08-28,CALIFORNIA,BAKERSFIELD,"PRELIM INFO FROM FAA OPS: BAKERSFIELD, CA/UAS SIGHTING/1945P/BAKERSFIELD ATCT ADVISED, CESSNA C310, REPORTED ONE TO TWO UAS FROM THE 12 O'CLOCK POSITION WHILE WNW BOUND AT 10,000 FEET OVERHEAD GORMAN VORTAC. ACFT TURNED TO AVOID UAS. LAW ENFORCEMENT NOTIFICATION NOT REPORTED.",8,2022-08
2022-08-28,CALIFORNIA,BAKERSFIELD,"PRELIM INFO FROM FAA OPS: BAKERSFIELD, CA/UAS SIGHTING/2027P/LOS ANGELES ARTCC ADVISED MULTIPLE ACFT REPORTED A UAS FROM THE 3 O'CLOCK POSITION WHILE N BOUND AT 10,000 FEET 25 NNW BFL. NO INJURIES REPORTED. BFL PD NOTIFIED.",8,2022-08
2022-08-29,TEXAS,HOUSTON,"PRELIM INFO FROM FAA OPS: HOUSTON, TX/UAS SIGHTING/0831C/HOUSTON ATCT ADVISED, E75L, ICT - IAH, REPORTED A WHITE UAS WHILE E BOUND AT 3,500 FEET 9 W IAH. NO EVASIVE ACTION TAKEN. HOUSTON PD AIR UNIT NOTIFIED.",8,2022-08
2022-08-29,NORTH CAROLINA,RALEIGH/DURHAM,"PRELIM INFO FROM FAA OPS: RALEIGH/DURHAM, NC/UAS SIGHTING/1120E/RALEIGH-DURHAM ATCT ADVISED, CESSNA C172, BUY - BUY, REPORTED A METALLIC UAS WHILE ESE BOUND AT 4,800 FEET 17 WNW RDU. NO EVASIVE ACTION TAKEN. ORANGE COUNTY PD NOTIFIED.",8,2022-08
2022-08-29,ARIZONA,TUCSON,"PRELIM INFO FROM FAA OPS: TUCSON, AZ/UAS SIGHTING/0939M/ALBUQUERQUE ARTCC ADVISED, A321, ONT - DFW, REPORTED A UAS FROM 500 FEET BELOW THE 9 O'CLOCK POSITION WHILE WNW BOUND AT FL340 59 SE TUS. NO EVASIVE ACTION TAKEN. PINAL COUNTY SHERIFF NOTIFIED.",8,2022-08
2022-08-29,NEW JERSEY,NEWARK,"PRELIM INFO FROM FAA OPS: NEWARK, NJ/UAS SIGHTING/LATE REPORT - 29/2316E/E-ROC ADVISED. A UAS OF UNSPECIFIED SIZE AND COLOR WAS FLYING WITHIN THE AREA DURING UAS OPERATIONS BY THE NEWARK POLICE DEPARTMENT AT THE MTV MUSIC AWARDS HOSTED AT THE PRUDENTIAL CENTER,  AND CAME CLOSE TO THE POLICE UAS OPERATIONS, WHICH RESULTED IN CONCERNS OF INJURIES TO CELEBRITIES WALKING THE RED CARPET. NO IMPACT TO NAS OPERATIONS. NO GROUND INJURIES REPORTED. A REPORT WAS FILED  AT THE LOCAL POLICE DEPARTMENT. NO PHONE NUMBER WAS PROVIDED.",8,2022-08
2022-08-29,TEXAS,GLEN ROSE,"PRELIM INFO FROM FAA OPS: GLEN ROSE, TX/UAS SIGHTING/LATE REPORT 8-29 2330C/FORT WORTH ARTCC ADVISED PLANT SUPERVISOR REPORTED 2 UAS AT 250 FEET AGL VCNTY COMANCHE PEAK NUCLEAR POWER PLANT. INCIDENT HAS BEEN ONGOING FOR 3-4 WEEKS. NO IMPACT TO PLANT OPERATIONS. NO IMPACT TO NAS. LOCAL LEO NOTIFIED.",8,2022-08
2022-08-30,CALIFORNIA,SAN FRANCISCO,"PRELIM INFO FROM FAA OPS: SAN FRANCISCO, CA/UAS SIGHTING/1003P/SFO ATCT ADVISED, B738, LAS - SFO, REPORTED UAS OPERATING 20 FEET ABOVE WATER WHILE AT 900 FEET ON 2 MILE FINAL RUNWAY 28R. NO EVASIVE ACTION REPORTED. SFO ARPT OPS NOTIFIED.",8,2022-08
2022-08-30,FLORIDA,MIAMI,"PRELIM INFO FROM FAA OPS: MIAMI, FL/UAS SIGHTING/1310E/MIAMI APCH ADVISED, E170, GRAND EXUMNA ISLAND, BAHAMAS (MYEF) - MIA, REPORTED A SILVER AND BLACK UAS FROM THE 2 O'CLOCK POSITION WHILE N BOUND AT 3,000 FEET 10 WSW MIA. NO EVASIVE ACTION TAKEN. MIAMI DADE DRONE CENTER NOTIFIED.",8,2022-08
2022-08-30,PENNSYLVANIA,PITTSBURGH,"PRELIM INFO FROM FAA OPS: PITTSBURGH, PA/UAS SIGHTING/1752E/ALLEGHENY ATCT ADVISED, PIPER P28A, ROC - AGC, REPORTED A UAS 100 FEET FROM THE 4 O'CLOCK POSITION WHILE W BOUND AT 2,200 FEET 10 ENE AGC. NO EVASIVE ACTION TAKEN. WEST MIFFLIN BOROUGH PD NOTIFIED.",8,2022-08
2022-08-30,WASHINGTON,EVERETT,"PRELIM INFO FROM FAA OPS: EVERETT, WA/UAS SIGHTING/1930P/PAINE ATCT ADVISED, CESSNA C172, REPORTED UAS FROM THE RIGHT SIDE 50 FEET BELOW WHILE S BOUND AT 2,500 FEET 4 SSE PAE. NO EVASIVE ACTION TAKEN. SNOHOMISH COUNTY PD NOTIFIED.",8,2022-08
2022-08-30,CALIFORNIA,SAN DIEGO,"PRELIM INFO FROM FAA OPS: SAN DIEGO, CA/UAS SIGHTING/2003P/SAN DIEGO ATCT ADVISED, PIPER P28A, REPORTED UAS 200 FEET BELOW ACFT WHILE N BOUND AT 1,500 FEET 0.5 S SAN. NO EVASIVE ACTION TAKEN. SAN DIEGO HARBOR PD NOTIFIED.",8,2022-08
2022-08-31,WISCONSIN,GREEN BAY,"PRELIM INFO FROM FAA OPS: GREEN BAY, WI/UAS SIGHTING/1042C/GREEN BAY ATCT ADVISED, LEARJET LJ60, RYY - GRB, OBSERVED A DRONE AT 1,600 FEET WHILE LANDING RWY 24. NO EVASIVE ACTION REPORTED. NO LEOS NOTIFIED.",8,2022-08
2022-08-31,INDIANA,LAFAYETTE,"PRELIM INFO FROM FAA OPS: LAFAYETTE, IN/UAS SIGHTING/1620E/LAFAYETTE ATCT ADVISED, PIPER P28A, REPORTED A QUADCOPTER WHILE N BOUND AT 1,800 FEET 3 S LAF. NO EVASIVE ACTION TAKEN. TIPPECANOE COUNTY SHERIFF NOTIFIED.",8,2022-08
2022-08-31,CALIFORNIA,LIVERMORE,"PRELIM INFO FROM FAA OPS: LIVERMORE, CA/UAS SIGHTING/1519P/LIVERMORE ATCT ADVISED, CESSNA C172, REPORTED A BLACK UAS AT THE 1 O'CLOCK POSITION WHILE S BOUND AT 1,200 FEET 2 WSW LVK. NO EVASIVE ACTION TAKEN. LIVERMORE PD NOTIFIED.",8,2022-08
2022-08-31,PENNSYLVANIA,PHILADELPHIA,"PRELIM INFO FROM FAA OPS: PHILADELPHIA, PA/UAS SIGHTING/1921E/PHILADELPHIA TRACON ADVISED, A321, ORANJESTAD, ARUBA (TNCA) - PHL, REPORTED UAS WITH WHITE FLASHING LIGHTS AT THE 2 O'CLOCK POSITION WHILE E BOUND AT 6,000 FEET 9 SE PHL. NO EVASIVE ACTION TAKEN. PHILADELPHIA ARPT PD NOTIFIED.",8,2022-08
2022-08-31,GEORGIA,LAWRENCEVILLE,"PRELIM INFO FROM FAA OPS: LAWRENCEVILLE, GA/UAS SIGHTING/1949E/ATLANTA TRACON ADVISED, B77L, FRANKFURT, GERMANY (EDDF) - ATL, REPORTED A UAS 200 FEET OFF THE 12 O'CLOCK POSITION WHILE SW BOUND AT 8,000 FEET 15 S LZU. NO EVASIVE ACTION TAKEN. WALTON COUNTY SHERIFF NOTIFIED.",8,2022-08
2022-09-01,VIRGINIA,LEESBURG,"PRELIM INFO FROM FAA OPS: LEESBURG, VA/UAS SIGHTING/0909E/LEESBURG ATCT ADVISED, PIPER P28A, REPORTED UAS OFF LEFT SIDE WHILE S BOUND AT 1,000 FEET 5 N JYO. NO EVASIVE ACTION TAKEN. LEO NOTIFICATION NOT REPORTED.",9,2022-09
2022-09-01,FLORIDA,OCALA,"PRELIM INFO FROM FAA OPS: OCALA, FL/UAS SIGHTING/1250E/JACKSONVILLE APCH ADVISED, PIPER P28A, REPORTED A BLACK UAS OFF RIGHT SIDE WHILE NNW BOUND AT 4,500 FEET 3 SSE OCG. NO EVASIVE ACTION TAKEN. MARION COUNTY SHERIFF NOTIFIED.",9,2022-09
2022-09-01,CALIFORNIA,AVALON,"PRELIM INFO FROM FAA OPS: AVALON, CA/UAS SIGHTING/1000P/SOCAL TRACON ADVISED, A320, SNA - SEA, REPORTED UAS AT THE 2 O'CLOCK POSITION WHILE NW BOUND AT 10,000 FEET 8 N AVX. NO EVASIVE ACTION TAKEN. AVALON PD NOTIFICATION NUMBER NOT PROVIDED.",9,2022-09
2022-09-01,WYOMING,JACKSON,"PRELIM INFO FROM FAA OPS: JACKSON, WY/UAS INCIDENT/1157M/EAST IDAHO DISPATCH ADVISED, ROCKWELL AC690, WHILE CONDUCTING FIREFIGHTING OPS NORTHBOUND AT 9,000 FEET WITHIN TFR/0404, OBSERVED A WHITE COLOR, 2-FOOR UAS APPROX 61 SE JACKSON, WY.  NO EVASIVE ACTION TAKEN. UAS DID NOT INTERFERE WITH DROP. FREMONT COUNTY SHERIFF NOTIFIED.",9,2022-09
2022-09-01,CALIFORNIA,LOS ANGELES,"PRELIM INFO FROM FAA OPS: LOS ANGELES, CA/UAS SIGHTING/1205P/LOS ANGELES ATCT ADVISED, E75L, SJC - LAX, REPORTED UAS OFF LEFT SIDE WHILE W BOUND AT 1,600 FEET 4 E LAX. NO EVASIVE ACTION TAKEN. LAWA ARPT PD NOTIFIED.",9,2022-09
2022-09-01,CALIFORNIA,LOS ANGELES,"PRELIM INFO FROM FAA OPS: LOS ANGELES, CA/UAS SIGHTING/1205P/LOS ANGELES ATCT ADVISED, B737, OAK - LAX, REPORTED UAS OFF LEFT SIDE WHILE W BOUND AT 1,600 FEET 4 E LAX. NO EVASIVE ACTION TAKEN. LAWA ARPT PD NOTIFIED.",9,2022-09
2022-09-01,IDAHO,COEUR D'ALENE,"PRELIM INFO FROM FAA OPS: COEUR D'ALENE, ID/UAS SIGHTING/1800P/SEATTLE ARTCC ADVISED, AERO COMMANDER AC69, OBSERVED A UAS WITHIN THE KATKA FIRE FIGHTING TFR AT 100 FEET 58 N COEUR D'ALENE. NO EVASIVE ACTION TAKEN. LEO NOTIFICATION NOT REPORTED.",9,2022-09
2022-09-01,COLORADO,DENVER,"PRELIM INFO FROM FAA OPS: DENVER, CO/UAS SIGHTING/1935M/DENVER TRACON ADVISED, FAIRCHILD SW4, MCK - DEN, REPORTED A UAS 500 FEET BELOW ACFT FROM THE 11 O'CLOCK POSITION WHILE S BOUND AT 11,500 FEET 6 E DEN. NO EVASIVE ACTION TAKEN. DENVER ARPT PD NOTIFIED.",9,2022-09
2022-09-02,FLORIDA,MIAMI,"PRELIM INFO FROM FAA OPS: MIAMI, FL/UAS SIGHTING/1030E/MIAMI ATCT ADVISED, B38M, MEDELLIN-RIONEGRO, COLOMBIA (SKRG) - MIA, REPORTED A YELLOW UAS AT THE 3 O'CLOCK POSITION WHILE E BOUND AT 3,000 FEET 1 W MIA. NO EVASIVE ACTION TAKEN. MIAMI-DADE COUNTY PD NOTIFIED.",9,2022-09
2022-09-02,MASSACHUSETTS,WESTFIELD-SPRINGFIELD,"PRELIM INFO FROM FAA OPS: WESTFIELD-SPRINGFIELD, MA/UAS SIGHTING/1140E/BRADLEY TRACON ADVISED, A320, ACT - BAF, REPORTED A GOLD UAS AT 9 O'CLOCK POSITION WHILE SSW BOUND AT 4,000 FEET 4 W BAF. NO EVASIVE ACTION TAKEN. MASSACHUSETTS STATE POLICE NOTIFIED.",9,2022-09
2022-09-02,ARIZONA,PHOENIX,"PRELIM INFO FROM FAA OPS: PHOENIX, AZ/UAS SIGHTING/1011M/GATEWAY ATCT ADVISED, PIPER P28A, REPORTED UAS 50 FEET ABOVE AT THE 12 O'CLOCK POSITION WHILE WNW BOUND AT 2,600 FEET .75 W IWA. ACFT HAD TO PITCH DOWN TO AVOID UAS. LEO NOTIFICATION NOT REPORTED.",9,2022-09
2022-09-02,CALIFORNIA,SANTA BARBARA,"PRELIM INFO FROM FAA OPS: SANTA BARBARA, CA/UAS SIGHTING/1619P/SANTA BARBARA ATCT ADVISED, CESSNA C152, SBA - LGB, REPORTED A UAS FROM THE 12 O'CLOCK POSITION WHILE E BOUND AT 4,100 FEET 8 E SBA. NO EVASIVE ACTION TAKEN. SANTA BARBARA PD NOTIFIED.",9,2022-09
2022-09-02,INDIANA,INDIANAPOLIS,"PRELIM INFO FROM FAA OPS: INDIANAPOLIS, IN/UAS SIGHTING/1930E/INDIANAPOLIS TRACON ADVISED, TEX2, FSD - IND, REPORTED A WHITE CYLINDRICAL SHAPED UAS AT THE 11 O'CLOCK POSITION WHILE SE BOUND AT 4,000 FEET 9 ENE BRICKYARD VORTAC. NO EVASIVE ACTION TAKEN. MARION COUNTY SHERIFF NOTIFIED.",9,2022-09
2022-09-03,NORTH CAROLINA,CHARLOTTE,"PRELIM INFO FROM FAA OPS: CHARLOTTE, NC/UAS SIGHTING/1543E/CLT APCH ADVISED, B738, CHS - CLT, REPORTED UAS 500 FEET BELOW ACFT AT THE 12 O'CLOCK POSITION WHILE NNE BOUND AT 4,000 FEET 12 S CLT. NO EVASIVE ACTION REPORTED. LANCASTER COUNTY SHERIFF NOTIFIED.",9,2022-09
2022-09-03,NEW YORK,FARMINGDALE,"PRELIM INFO FROM FAA OPS: FARMINGDALE, NY/UAS SIGHTING/1625E/FARMINGDALE ATCT ADVISED, CESSNA C82R, BID - FRG, REPORTED A WHITE/YELLOW QUAD-ROTOR UAS WHILE N BOUND AT 1,700 FEET 10 E FRG. NO EVASIVE ACTION TAKEN. SUFFOLK COUNTY PD NOTIFIED.",9,2022-09
2022-09-03,OHIO,COLUMBUS,"PRELIM INFO FROM FAA OPS: COLUMBUS, OH/UAS INCIDENT/1734E/COLUMBUS APCH ADVISED, BELL B06, REPORTED A BLACK QUADCOPTER UAS AT 1,300 FEET 5 W COLUMBUS. PILOT CLIMBED AND TURNED TO AVOID UAS. OHIO STATE PD NOTIFIED.",9,2022-09
2022-09-03,OHIO,COLUMBUS,"PRELIM INFO FROM FAA OPS: COLUMBUS, OH/UAS INCIDENT/1835E/COLUMBUS ATCT ADVISED, HELO, [DEPARTURE] - [ARRIVAL], REPORTED BLACK QUADCOPTER UAS AT SAME ALTITUDE WHILE W BOUND AT 1,300 FEET 5 W CMH. N327AE MADE CLIMBING LEFT TURN TO AVOID COLLISION WITH UAS. OHIO STATE HIGHWAY PATROL NOTIFIED.",9,2022-09
2022-09-03,MASSACHUSETTS,NEW BEDFORD,"PRELIM INFO FROM FAA OPS: NEW BEDFORD, MA/UAS SIGHTING/1745E/PROVIDENCE APCH ADVISED, CESSNA T206, ISP - MTP, REPORTED A SILVER AND BLUE UAS 1,000 FEET BELOW ACFT AT THE 11 O'CLOCK POSITION WHILE NW BOUND AT 4,500 FEET VCNTY 10 W NEW BEDFORD. NO EVASIVE ACTION REPORTED. FALL RIVER PD NOTIFIED.",9,2022-09
2022-09-03,CALIFORNIA,PALO ALTO,"PRELIM INFO FROM FAA OPS: PALO ALTO, CA/UAS SIGHTING/1635P/NORCAL TRACON ADVISED, A320, PUERTO VALLARTA, MEXICO (MMPR) - SFO, REPORTED UAS FROM THE 3 O'CLOCK POSITION WHILE NNW BOUND AT 4,000 FEET15 ESE PAO. NO EVASIVE ACTION TAKEN. PALO ALTO PD NOTIFIED.",9,2022-09
2022-09-04,OHIO,COLUMBUS,"PRELIM INFO FROM FAA OPS: COLUMBUS, OH/UAS SIGHTING/LATE REPORT 3/2325E/COLUMBUS PD ADVISED, GOODYEAR BLIMP,  WAS OPERATING NEAR  AN ACTIVE OHIO STATE UNIVERSITY (OSU) FOOTBALL GAME'S TEMPORARY FLIGHT RESTRICTION (TFR) WHEN A UAS WAS OBSERVED 400 FEET INSIDE OF THE TFR, 6 MILES WEST OF COLUMBUS AIRPORT. THERE WERE NO EVASIVE MANEUVERS. LAW ENFORCEMENT APPREHENDED ONE UAS OPERATOR.",9,2022-09
2022-09-04,FLORIDA,FORT MYERS,"PRELIM INFO FROM FAA OPS: FORT MYERS, FL/UAS SIGHTING/1315E/FORT MYERS ATCT, CESSNA C56X, PWK - FMY, REPORTED A BLACK AND WHITE UAS FROM 200 FEET BELOW WHILE SW BOUND AT 2,300 FEET 7 WNW FMY. NO EVASIVE ACTION TAKEN. LEE COUNTY SHERIFF NOTIFIED.",9,2022-09
2022-09-04,TEXAS,SOMERVILLE,"PRELIM INFO FROM FAA OPS: SOMERVILLE, TX/UAS SIGHTING/2250C/COMANCHE PEAK NUCLEAR POWER PLANT REPORTED A UAS FLYING OVER PLANT AT 500 FEET FROM SW TO NE. SIZE OF UAS WAS APPROXIMATELY 10 FEET WIDE. NO IMPACT TO NAS.  SOMERVILLE COUNTY SHERIFF DEPARTMENT WAS NOTIFIED,.WOC 7-3333 EC/ER",9,2022-09
2022-09-05,ARIZONA,MESA,"PRELIM INFO FROM FAA OPS: MESA, AZ/UAS SIGHTING/1055M/MESA ATCT ADVISED, PIPER P28A, FFZ - FFZ, REPORTED A UAS FROM 500 FEET BELOW WHILE E BOUND AT 3,500 FEET 4 E FFZ. NO EVASIVE ACTION TAKEN. MESA PD NOTIFIED.",9,2022-09
2022-09-05,WISCONSIN,GREEN BAY,"PRELIM INFO FROM FAA OPS: GREEN BAY, WI/UAS SIGHTING/1350C/W-ROC ADVISED, CESSNA C172, GRB - GRB, REPORTED A UAS FROM 500 FEET ABOVE ACFT WHILE N BOUND AT 1,400 FEET 1 SW GRB. NO EVASIVE ACTION TAKEN. LEO NOTIFICATION NOT REPORTED.",9,2022-09
2022-09-05,MINNESOTA,MINNEAPOLIS,"PRELIM INFO FROM FAA OPS: MINNEAPOLIS, MN/UAS SIGHTING/1432C/CRYSTAL ATCT ADVISED, PIPER P28A, MIC - MIC, REPORTED A DARK UAS PASS BESIDE ACFT WHILE SE BOUND AT 2,300 FEET 3 SSE MIC. NO EVASIVE ACTION TAKEN. LOCAL LEO NOTIFIED.",9,2022-09
2022-09-05,NEW JERSEY,NEWARK,"PRELIM INFO FROM FAA OPS: NEWARK, NJ/UAS SIGHTING/1620E/NEW YORK TRACON ADVISED, DE HAVILLAND CANADA DH8D, CYTZ - EWR, REPORTED 2 UAS AT THE 2 O'CLOCK POSITION WHILE S BOUND AT 4,000 FEET 12 NE EWR. NO INJURIES REPORTED. NJ TERRORISM RESPONSE UNIT NOTIFIED.",9,2022-09
2022-09-05,FLORIDA,OCALA,"PRELIM INFO FROM FAA OPS: OCALA, FL/UAS SIGHTING/1628E/JACKSONVILLE ARTCC ADVISED, B738, CALGARY, CANADA (CYYC) - MCO, REPORTED A WHITE UAS FROM THE 9 O'CLOCK POSITION WHILE SSE BOUND AT 16,800 FEET 15 E OCALA VORTAC. NO EVASIVE ACTION TAKEN. NO LEO NOTIFICATION REPORTED.",9,2022-09
2022-09-05,TENNESSEE,MEMPHIS,"PRELIM INFO FROM FAA OPS: MEMPHIS, TN/UAS SIGHTING/1650C/MEMPHIS TRACON ADVISED, BEECH B350, REPORTED BLACK UAS WHILE NNW BOUND AT 3,000 FEET 5 E MEM. NO EVASIVE ACTION TAKEN. LAW ENFORCEMENT NOTIFICATION NOT REPORTED.",9,2022-09
2022-09-05,TEXAS,MIDLAND,"PRELIM INFO FROM FAA OPS: MIDLAND, TX/UAS SIGHTING/1718C/MIDLAND ATCT ADVISED, BEECH BE58, REPORTED BY A UAS FROM THE 9 O'CLOCK POSITION WHILE W BOUND AT 5,700 FEET 5 ENE MAF. NO INJURIES REPORTED. NO LEO NOTIFICATION REPORTED.",9,2022-09
2022-09-05,TEXAS,MIDLAND,"PRELIM INFO FROM FAA OPS: MIDLAND, TX/UAS SIGHTING/1718C/MIDLAND ATCT ADVISED, BEECH BE58, REPORTED UAS FROM THE 9 O'CLOCK POSITION WHILE W BOUND AT 5,700 FEET 5 ENE MAF. NO EVASIVE ACTION REPORTED. LAW ENFORCEMENT NOTIFICATION NOT REPORTED.",9,2022-09
2022-09-05,OKLAHOMA,TULSA,"PRELIM INFO FROM FAA OPS: TULSA, OK/UAS SIGHTING/1825C/TULSA RIVERSIDE ATCT ADVISED, PIPER P28A, REPORTED SILVER AND RED UAS FROM THE 9 O'CLOCK POSITION WHILE S BOUND AT 1,600 FEET 2.5 ESE RVS. NO EVASIVE ACTION REPORTED. JENKS PD NOTIFIED.",9,2022-09
2022-09-06,NEW JERSEY,NEWARK,"PRELIM INFO FROM FAA OPS: NEWARK, NJ/UAS SIGHTING/1048E/NEWARK ATCT ADVISED, B38M, EWR - RSW, REPORTED UAS OFF LEFT SIDE 50 FEET ABOVE WHILE LINING UP FOR DEPARTURE ON RUNWAY 22R. NO EVASIVE ACTION TAKEN. NY-NJ PORT AUTHORITY NOTIFIED.",9,2022-09
2022-09-06,CALIFORNIA,LOS ANGELES,"PRELIM INFO FROM FAA OPS: LOS ANGELES, CA/UAS SIGHTING/1634P/LOS ANGELES ARTCC ADVISED UNITED 2146, B739, LAX - DEN, REPORTED A GOLD UAS FROM THE LEFT SIDE WHILE NW BOUND AT 12,000 FEET 4 NE LAX. NO EVASIVE ACTION TAKEN. LAPD NOTIFIED.",9,2022-09
2022-09-07,FLORIDA,ORLANDO,"PRELIM INFO FROM FAA OPS: ORLANDO, FL/UAS SIGHTING/1143E/ORLANDO EXECUTIVE ATCT ADVISED, CIRRUS SF50, REPORTED A WHITE UAS 500 FEET BELOW WHILE WSW BOUND AT 2,000 FEET 7 ENE ORL. NO INJURIES REPORTED. LEO NOTIFIED.",9,2022-09
2022-09-07,FLORIDA,WEST PALM BEACH,"PRELIM INFO FROM FAA OPS: WEST PALM BEACH, FL/UAS SIGHTING/1549E/PALM BEACH ARPT OPS PERSONNEL OBSERVED A UAS OPERATING AT OR BELOW 100 FEET AGL WITHIN .5 MILE FROM NORTH SIDE OF ARPT. NO REPORTED IMPACT TO OPS. NO LEO NOTIFICATION PROVIDED.",9,2022-09
2022-09-07,WASHINGTON,EVERETT,"PRELIM INFO FROM FAA OPS: EVERETT, WA/UAS SIGHTING/1318P/PAINE ATCT ADVISED, CESSNA C172, OBSERVED A UAS WHILE NORTHBOUND AT 1,200 FEET, 1 W PAINE FIELD. UAS PASSED APPROXIMATELY 400 FEET BELOW ACFT. NO EVASIVE ACTION REPORTED. NO LEO NOTIFICATION PROVIDED.",9,2022-09
2022-09-07,TENNESSEE,NASHVILLE,"PRELIM INFO FROM FAA OPS: NASHVILLE, TN/UAS SIGHTING/1528C/NASHVILLE ATCT ADVISED, DASSAULT F2TH, REPORTED A BLACK QUADCOPTER AT THE 3 O'CLOCK POSITION WHILE NNE BOUND AT 1,600 FEET 2 SSW BNA. NO EVASIVE ACTION TAKEN. NASHVILLE METRO ARPT AUTHORITY NOTIFIED.",9,2022-09
2022-09-08,OKLAHOMA,POTEAU,"PRELIM INFO FROM FAA OPS: POTEAU, OK/UAS SIGHTING/0910C/MEMPHIS ARTCC ADVISED, CIRRUS SR22, TUL - ELD, REPORTED A BLACK/WHITE QUAD-ROTOR UAS 100 FEET FROM ACFT WHILE SSE BOUND AT 11,000 FEET 15 S RKR. NO EVASIVE ACTION REPORTED. LEO NOTIFICATION NOT REPORTED.",9,2022-09
2022-09-08,TEXAS,HOUSTON,"PRELIM INFO FROM FAA OPS: HOUSTON, TX/UAS SIGHTING/1027C/SUGAR LAND ATCT ADVISED, PIPER PA11, REPORTED A UAS WHILE ON DEPARTURE AT 1,300 FEET 2 W SUGAR LAND, TX. NO EVASIVE ACTION REPORTED. NO LEO INFO PROVIDED.",9,2022-09
2022-09-08,MISSISSIPPI,COLUMBUS,"PRELIM INFO FROM FAA OPS: COLUMBUS, MS/UAS SIGHTING/1045C/COLUMBUS ATCT ADVISED, T38, REPORTED A UAS AT 490 FEET 1 NW COLUMBUS ARPT. NO EVASIVE ACTION TAKEN. LAW ENFORCEMENT NOTIFICATION NOT REPORTED.",9,2022-09
2022-09-08,MARYLAND,BALTIMORE,"PRELIM INFO FROM FAA OPS: BALTIMORE, MD/UAS SIGHTING/1406E/BWI ATCT ADVISED, B738, CLE - BWI, OBSERVED A UAS ON LEFT SIDE WHILE EASTBOUND AT 1,500 FEET, 5 W BWI. NO EVASIVE ACTION REPORTED. ANNE ARUNDEL COUNTY PD NOTIFIED.",9,2022-09
2022-09-08,TEXAS,GLEN ROSE,"PRELIM INFO FROM FAA OPS: GLEN ROSE, TX/UAS SIGHTING/0113C/FORT WORTH ARTCC ADVISED PLANT SUPERVISOR REPORTED A UAS AT 100 FEET AGL VCNTY COMANCHE PEAK NUCLEAR POWER PLANT. INCIDENT SIMILAR TO PREVIOUS WOC REPORT ON 8/30. NO IMPACT TO NAS. LOCAL LEO NOTIFIED.",9,2022-09
2022-09-09,LOUISIANA,NEW ORLEANS,"PRELIM INFO FROM FAA OPS: NEW ORLEANS, LA/UAS SIGHTING/0730C/NEW ORLEANS TRACON ADVISED, BCS1, MSY - LGA, REPORTED A UAS FROM THE 12 O'CLOCK POSITION WHILE NE BOUND AT 200 FEET 1 NNE MSY. NO EVASIVE ACTION TAKEN. KENNER PD NOTIFIED.",9,2022-09
2022-09-09,KENTUCKY,COVINGTON,"PRELIM INFO FROM FAA OPS: COVINGTON, KY/UAS SIGHTING/0942E/CINCINNATI TRACON ADVISED GERMAN REGISTERED EUROTRANS 365, A332, CVG - SCHKEUDITZ, GERMANY (EDDP), REPORTED UAS AT THE 8 O'CLOCK POSITION WHILE NNE BOUND AT 7,000 FEET 20 NNE CVG. NO EVASIVE ACTION TAKEN. HAMILTON COUNTY SHERIFF NOTIFIED.",9,2022-09
2022-09-09,FLORIDA,LAKELAND,"PRELIM INFO FROM FAA OPS: LAKELAND, FL/UAS SIGHTING/1050E/LAKELAND ATCT ADVISED SEVERAL LARGE UAS REPORTED BY ARPT OPS AT INTERSECTION OF WARNING RD AND OLD MEDULLA RD 1 SE LAL. NO IMPACT TO OPERATIONS. LAKELAND PD NOTIFIED.",9,2022-09
2022-09-09,VIRGINIA,MANASSAS,"PRELIM INFO FROM FAA OPS: MANASSAS, VA/UAS SIGHTING/1340E/POTOMAC TRACON ADVISED, PIPER P46T, REPORTED A SMALL REDDISH-BROWN UAS AT THE 9 O'CLOCK POSITION WHILE S BOUND AT 1,000 FEET 1 S HEF. NO EVASIVE ACTION TAKEN. PRINCE WILLIAM COUNTY PD NOTIFIED.",9,2022-09
2022-09-09,WISCONSIN,MILWAUKEE,"PRELIM INFO FROM FAA OPS: MILWAUKEE, WI/UAS SIGHTING/1510C/MILWAUKEE ATCT ADVISED, BEECH BE10, INT - UES, REPORTED A WHITE/BLACK UAS WHILE W BOUND AT 6,000 FEET 6 N MWC. NO EVASIVE ACTION TAKEN. MILWAUKEE COUNTY SHERIFF NOTIFIED.",9,2022-09
2022-09-09,INDIANA,INDIANAPOLIS,"PRELIM INFO FROM FAA OPS: INDIANAPOLIS, IN/UAS SIGHTING/1635E/INDIANAPOLIS TRACON, DIAMOND DA40, IND - IND, REPORTED A UAS FROM THE 9 O'CLOCK POSITION WHILE N BOUND AT 3,000 FEET 18 N BRICKYARD VORTAC. NO EVASIVE ACTION TAKEN. LAW ENFORCEMENT NOTIFICATION NOT REPORTED.",9,2022-09
2022-09-09,NEW YORK,NEW YORK,"PRELIM INFO FROM FAA OPS: NEW YORK, NY/UAS SIGHTING/2028E/JF KENNEDY ATCT ADVISED, B38M, MONTEGO BAY, JAMAICA (MKJS) - JFK, REPORTED A UAS WITH GREEN LIGHTS PASSED 1,000 FEET BELOW ACFT WHILE SW BOUND AT 1,800 FEET 6 NE JFK. NO EVASIVE ACTION TAKEN. PORT AUTHORITY NOTIFIED.",9,2022-09
2022-09-10,INDIANA,INDIANAPOLIS,"PRELIM INFO FROM FAA OPS: INDIANAPOLIS, IN/UAS SIGHTING/1502E/INDIANAPOLIS TRACON ADVISED, DIAMOND DA40, IND - IND, REPORTED A WHITE UAS FROM THE 3 O'CLOCK POSITION WHILE NW BOUND AT 2,000 FEET 3 E IND. NO EVASIVE ACTION REPORTED. MARION COUNTY SHERIFF NOTIFIED.",9,2022-09
2022-09-10,MASSACHUSETTS,BOSTON,"PRELIM INFO FROM FAA OPS: BOSTON, MA/UAS SIGHTING/1514E/BOSTON ATCT ADVISED, BOMBARDIER GLEX, TEB - BOS, REPORTED A RED/ORANGE UAS WHILE NE BOUND AT 1,100 FEET 2 SW BOS. NO EVASIVE ACTION TAKEN. MA STATE POLICE NOTIFIED.",9,2022-09
2022-09-10,NEW JERSEY,TETERBORO,"PRELIM INFO FROM FAA OPS: TETERBORO, NJ/UAS SIGHTING/1514E/NEW YORK TRACON ADVISED , RAYTHEON HA4T, SOP - TEB, REPORTED A UAS FROM THE 3 O'CLOCK POSITION WHILE SE BOUND AT 2,000 FEET 9 NNW TEB. NJ COUNTER TERRORISM UNIT NOTIFIED.",9,2022-09
2022-09-10,CONNECTICUT,HARTFORD,"PRELIM INFO FROM FAA OPS: HARTFORD, CT/UAS SIGHTING/1710E/HARFORD ATCT ADVISED, CESSNA C172, REPORTED A BLACK UAS WHILE NE BOUND AT 2,800 FEET 6.5 SW HFD. NO EVASIVE ACTION REPORTED. ROCKY HILL SHERIFF NOTIFIED.",9,2022-09
2022-09-10,NEW YORK,NEW YORK,"PRELIM INFO FROM FAA OPS: NEW YORK, NY/UAS SIGHTING/1713E/NEW YORK TRACON ADVISED, CRJ9, BGR - LGA, REPORTED A BLACK UAS FROM THE 12 O'CLOCK POSITION WHILE S BOUND AT 4,000 FEET 20 NE LGA. NO EVASIVE ACTION TAKEN. WESTCHESTER PD NOTIFIED.",9,2022-09
2022-09-10,NEW YORK,NEW YORK,"PRELIM INFO FROM FAA OPS: NEW YORK, NY/UAS SIGHTING/1719E/NEW YORK TRACON ADVISED, B738, TPA - LGA, REPORTED A BLACK UAS AT THE 2 O'CLOCK POSITION WHILE S BOUND AT 2,000 FEET 7 NE LGA. NO EVASIVE ACTION TAKEN. NYPD AVIATION UNIT NOTIFIED.",9,2022-09
2022-09-11,TENNESSEE,MEMPHIS,"PRELIM INFO FROM FAA OPS: MEMPHIS, TN/UAS SIGHTING/1610C/MEMPHIS TRACON ADVISED, BELL B06, REPORTED A BLACK QUADCOPTER UAS ORBITING AT 500 FEET WHILE N BOUND AT SAME ALTITUDE. NO EVASIVE ACTION TAKEN. NO LEO NOTIFIED.",9,2022-09
2022-09-12,MISSISSIPPI,JACKSON,"PRELIM INFO FROM FAA OPS: JACKSON, MS/UAS INCIDENT/1725C/JACKSON ATCT ADVISED, BEECH BE40, REPORTED A UAS FROM THE RIGHT SIDE WHILE SE BOUND AT 2,000 FEET 1.5 E JAN. NO EVASIVE ACTION TAKEN. TRAFFIC PATTERN MOVED TO AVOID UAS. FLOWOOD PD NOTIFIED.",9,2022-09
2022-09-12,NEW JERSEY,NEWARK,"PRELIM INFO FROM FAA OPS: NEWARK, NJ/UAS SIGHTING/1853E/NEWARK ATCT ADVISED, E170, MEM - EWR, REPORTED A UAS WHILE SW BOUND AT 2,000 FEET ON 6 MILE FINAL RUNWAY 22L. NO EVASIVE ACTION TAKEN. NJ PORT AUTHORITY NOTIFIED.",9,2022-09
2022-09-12,PENNSYLVANIA,PHILADELPHIA,"CORRECTION INFO (ACFT LOCATION) FROM FAA OPS: PHILADELPHIA, PA/UAS SIGHTING/1845E/PHILADELPHIA ATCT ADVISED, B763, SDF - PHL, REPORTED UAS AT THE 10 O'CLOCK POSITION WHILE S BOUND AT 3,000 FEET 10 E PHL. NO EVASIVE ACTION TAKEN. PHILADELPHIA ARPT PD NOTIFIED.",9,2022-09
2022-09-13,TEXAS,DALLAS-FORT WORTH,"PRELIM INFO FROM FAA OPS: DALLAS-FORT WORTH, TX/UAS SIGHTING/LATE REPORT - 0311C/DFW ATCT REPORTED A UAS OPERATING IN AREA OF TERMINAL E AT UNKN ALTITUDE. NO ACFT WERE INVOLVED IN INCIDENT DFW DPS WAS NOTIFIED.",9,2022-09
2022-09-13,TEXAS,HOUSTON,"PRELIM INFO FROM FAA OPS: HOUSTON, TX/UAS SIGHTING/1523C/HOUSTON ATCT ADVISED, B738, DAL - HOU, REPORTED A SMALL UAS FLYING APPROXIMATELY 700 FEET ABOVE ACFT WHILE ON FINAL RUNWAY 13R. NO EVASIVE ACTION REPORTED. HOUSTON PD NOTIFIED.",9,2022-09
2022-09-13,CALIFORNIA,CONCORD,"PRELIM INFO FROM FAA OPS: CONCORD, CA/UAS SIGHTING/1345P/CONCORD ATCT ADVISED AIRPORT OPERATIONS REPORTED A UAS ON RUNWAY 19R NEAR TWY C WHILE DOING RUNWAY INSPECTIONS. NO IMPACT TO OPERATIONS. NO LEO NOTIFICATION PROVIDED.",9,2022-09
2022-09-13,PENNSYLVANIA,EAST TEXAS,"PRELIM INFO FROM FAA OPS: EAST TEXAS, PA/UAS SIGHTING/1753E/ALLENTOWN ATCT ADVISED, CESSNA C172, REPORTED A SMALL, SHINY UAS FROM THE 12 O'CLOCK POSITION WHILE S BOUND AT 3,500 FEET 13 E EAST TEXAS. NO EVASIVE ACTION TAKEN. LEHIGH COUNTY NOTIFIED.",9,2022-09
2022-09-14,NEW YORK,ROCHESTER,"PRELIM INFO FROM FAA OPS: ROCHESTER, NY/UAS SIGHTING/1050E/ROCHESTER ATCT ADVISED, A320, ATL - ROC, REPORTED A UAS OFF THE LEFT SIDE WHILE NE BOUND AT 1,000 FEET 1 ENE ROC. NO EVASIVE ACTION TAKEN. LEO NOTIFICATION NOT PROVIDED.",9,2022-09
2022-09-14,DISTRICT OF COLUMBIA,WASHINGTON,"PRELIM INFO FROM FAA OPS: WASHINGTON, DC/UAS SIGHTING/1438E/POTOMAC TRACON ADVISED, CESSNA C210, BWI - LINCOLN, ME (LRG), REPORTED A WHITE UAS 1,000 FEET BELOW ACFT WHILE E BOUND AT 7,000 FEET 19 N DCA. NO EVASIVE ACTION TAKEN. KENT COUNTY SHERIFF NOTIFIED.",9,2022-09
2022-09-14,CALIFORNIA,SAN FRANCISCO,"PRELIM INFO FROM FAA OPS: SAN FRANCISCO, CA/UAS SIGHTING/1657P/SAN FRANCISCO ATCT ADVISED, BCS3, MONTREAL, CANADA (CYUL) - SFO, REPORTED A UAS FROM THE 3 O'CLOCK POSITION WHILE W BOUND AT 1,000 FEET 2 E SFO. NO EVASIVE ACTION TAKEN. SFO ARPT COMMUNICATIONS NOTIFIED.",9,2022-09
2022-09-15,GEORGIA,ATLANTA,"PRELIM INFO FROM FAA OPS: ATLANTA, GA/UAS SIGHTING/1109E/ATLANTA TRACON ADVISED, E55P, CSG - PDK, REPORTED A GREY UAS AT THE 12 O'CLOCK POSITION WHILE E BOUND AT 4,000 FEET 7 NW FULTON COUNTY EXECUTIVE ARPT (FTY). NO EVASIVE ACTION TAKEN. COBB COUNTY SHERIFF NOTIFIED.",9,2022-09
2022-09-15,NEW YORK,NEW YORK,"PRELIM INFO FROM FAA OPS: NEW YORK, NY/UAS SIGHTING/1201E/NEW YORK TRACON ADVISED, B752, ATL - JFK, REPORTED A UAS OFF THE LEFT SIDE WHILE NW BOUND AT 3,300 FEET 16 SE JFK. NO EVASIVE ACTION TAKEN. NYPD AVIATION UNIT NOTIFIED.",9,2022-09
2022-09-15,NEW YORK,NEW YORK,"PRELIM INFO FROM FAA OPS: NEW YORK, NY/UAS SIGHTING/1205E/NEW YORK TRACON ADVISED, B738, AUS - JFK, REPORTED A UAS OFF THE LEFT SIDE WHILE NW BOUND AT 3,300 FEET 16 SE JFK. NO EVASIVE ACTION TAKEN. NYPD AVIATION UNIT NOTIFIED.",9,2022-09
2022-09-15,ILLINOIS,CHICAGO,"PRELIM INFO FROM FAA OPS: CHICAGO, IL/UAS SIGHTING/1205C/CHICAGO TRACON ADVISED, CRJ7, MKE - ORD, REPORTED A BLACK AND WHITE UAS AT THE 12 O'CLOCK POSITION WHILE E BOUND AT 5,000 FEET 12 ENE ORD. NO EVASIVE ACTION TAKEN. WILMETTE PD NOTIFIED.",9,2022-09
2022-09-15,CALIFORNIA,SANTA ANA,"PRELIM INFO FROM FAA OPS: SANTA ANA, CA/UAS SIGHTING/1031P/JOHN WAYNE ATCT ADVISED, A319, MSP - SNA, REPORTED A WHITE/BLACK UAS FROM THE 3 O'CLOCK POSITION WHILE SSW BOUND AT 1,000 FEET ON 3 MILE FINAL RUNWAY 20R SNA. NO EVASIVE ACTION TAKEN. ORANGE COUNTY SHERIFF NOTIFIED.",9,2022-09
2022-09-15,TEXAS,HOUSTON,"PRELIM INFO FROM FAA OPS: HOUSTON, TX/UAS SIGHTING/1655C/HOUSTON TRACON ADVISED, E75S, TORONTO, CANADA (CYYZ) - IAH, REPORTED A WHITE UAS FROM THE 12 O'CLOCK POSITION WHILE N BOUND AT 2,500 FEET 20 WNW IAH. NO EVASIVE ACTION TAKEN. HPD AIR UNIT NOTIFIED.",9,2022-09
2022-09-15,ARIZONA,PRESCOTT,"PRELIM INFO FROM FAA OPS: PRESCOTT, AZ/UAS SIGHTING/1724M/PRESCOTT ATCT ADVISED, DIAMOND DA42, REPORTED A BLACK UAS FROM THE 9 O'CLOCK POSITION WHILE SW BOUND AT 5,900 FEET 1 SSW PRC. NO EVASIVE ACTION TAKEN. YAVAPAI COUNTY SHERIFF NOTIFIED.",9,2022-09
2022-09-16,NEW YORK,HUGUENOT,"PRELIM INFO FROM FAA OPS: HUGUENOT, NY/UAS SIGHTING/1028E/BOSTON ARTCC ADVISED, BOMBARDIER CL35, BED - TEB, REPORTED A WHITE UAS 1,500 FEET BELOW ACFT WHILE S BOUND AT 7,000 FEET 10 N HUGUENOT VOR. NO EVASIVE ACTION TAKEN. NEW YORK PD NOTIFIED.",9,2022-09
2022-09-16,FLORIDA,JACKSONVILLE,"PRELIM INFO FROM FAA OPS: JACKSONVILLE, FL/UAS SIGHTING/2031E/JACKSONVILLE APCH ADVISED, GULFSTREAM G150, ILG - JAX, REPORTED A SILVER QUADCOPTER UAS AT THE 11 O'CLOCK POSITION WHILE E BOUND AT 1,000 FEET 2 W JAX. NO EVASIVE ACTION TAKEN. JACKSONVILLE SHERIFF NOTIFIED.",9,2022-09
2022-09-16,CALIFORNIA,SALINAS,"PRELIM INFO FROM FAA OPS: SALINAS, CA/UAS SIGHTING/1558P/NORCAL TRACON ADVISED, CIRRUS SR22, REPORTED A BLACK AND RED UAS FROM THE 7 O'CLOCK POSITION WHILE N BOUND AT 2,500 FEET 20 NW SNS. NO EVASIVE ACTION TAKEN. SANTA CRUZ SHERIFF NOTIFIED.",9,2022-09
2022-09-16,TEXAS,HOUSTON,"PRELIM INFO FROM FAA OPS: HOUSTON, TX/UAS SIGHTING/2210C/HOBBY ATCT ADVISED, HELO, REPORTED A UAS WHILE W BOUND AT 600 FEET 8 NW HOU. NO EVASIVE ACTION TAKEN. HPD NOTIFIED.",9,2022-09
2022-09-17,INDIANA,EVANSVILLE,"PRELIM INFO FROM FAA OPS: EVANSVILLE, IN/UAS SIGHTING/1115C/INDIANAPOLIS ARTCC ADVISED, MOONEY M20, REPORTED UAS AT THE 3 O'CLOCK POSITION WHILE NE BOUND AT 12,500 FEET 20 WSW POCKET CITY VORTAC. NO EVASIVE ACTION. LEO NOTIFICATION NOT REPORTED.",9,2022-09
2022-09-17,ARIZONA,PHOENIX,"PRELIM INFO FROM FAA OPS: PHOENIX, AZ/UAS SIGHTING/1014M/PHOENIX TRACON ADVISED, B739, SEA - PHX, REPORTED A BLACK UAS AT THE 1 O'CLOCK POSITION WHILE S BOUND AT 10,000 FEET 22 NW PHOENIX VORTAC. NO EVASIVE ACTION TAKEN. PHOENIX ARPT PD NOTIFIED.",9,2022-09
2022-09-17,TENNESSEE,NASHVILLE,"PRELIM INFO FROM FAA OPS: NASHVILLE, TN/UAS SIGHTING/1604C/NASHVILLE ATCT ADVISED, B739, LAX - BNA, REPORTED A BLUE/RED UAS FROM THE 3 O'CLOCK POSITION WHILE SSW BOUND AT 1,300 FEET 2 S BNA. NO EVASIVE ACTION TAKEN. MNAA NOTIFIED.",9,2022-09
2022-09-17,WASHINGTON,OLYMPIA,"PRELIM INFO FROM FAA OPS: OLYMPIA, WA/UAS SIGHTING/1417P/OLYMPIA ATCT ADVISED, CESSNA C172, REPORTED A BLACK AND GRAY UAS 200 FEET BELOW ACFT WHILE N BOUND AT 800 FEET 1 N OLM. NO EVASIVE ACTION TAKEN. TUMWATER PD NOTIFIED.",9,2022-09
2022-09-17,NEW YORK,NEW YORK,"PRELIM INFO FROM FAA OPS: NEW YORK, NY/UAS SIGHTING/1932E/LA GAURDIA ATCT ADVISED, B38M, TORONTO, CANADA (YYZ) - LGA, REPORTED A UAS FROM THE 12 O'CLOCK POSITION WHILE SSE BOUND AT 1,200 FEET 3 NW LGA. NO EVASIVE ACTION TAKEN. NO LEO NOTIFICATION REPORTED.",9,2022-09
2022-09-17,COLORADO,DENVER,"PRELIM INFO FROM FAA OPS: DENVER, CO/UAS SIGHTING/1927M/DENVER TRACON ADVISED, E75L, GJT - DEN, REPORTED A UAS 100 FEET FROM BELOW THE ACFT WHILE N BOUND AT 9,000 FEET 10 NW DEN. NO EVASIVE ACTION TAKEN. DENVER INTL ARPT PD NOTIFIED.",9,2022-09
2022-09-18,GEORGIA,MACON,"PRELIM INFO FROM FAA OPS: MACON, GA/UAS SIGHTING/0801E/ATLANTA ARTCC ADVISED, B753, MCO - ATL, REPORTED GREEN UAS FROM THE 10 O'CLOCK POSITION WHILE NW BOUND AT FL195 18 N MCN. NO EVASIVE ACTION TAKEN. JONES COUNTY SHERIFF NOTIFIED.",9,2022-09
2022-09-18,DISTRICT OF COLUMBIA,WASHINGTON,"PRELIM INFO FROM FAA OPS: WASHINGTON, DC/UAS SIGHTING/1328E/POTOMAC TRACON ADVISED, A20N, DCA - DEN, REPORTED A UAS FROM THE 3 O'CLOCK POSITION WHILE WSW BOUND AT 3,400 FEET 7 SSW DCA. NO EVASIVE ACTION TAKEN. FAIRFAX COUNTY PD NOTIFIED.",9,2022-09
2022-09-18,VIRGINIA,HERNDON,"PRELIM INFO FROM FAA OPS: HERNDON, VA/UAS SIGHTING/1358E/POTOMAC TRACON ADVISED, CESSNA C68A, LEB - HEF, REPORTED A BLACK AND WHITE UAS FROM THE 1 O'CLOCK POSITION WHILE N BOUND AT FL200 5 SE ARMEL VOR. NO EVASIVE ACTION TAKEN. FAIRFAX COUNTY PD NOTIFIED.",9,2022-09
2022-09-18,OHIO,COLUMBUS,"PRELIM INFO FROM FAA OPS: COLUMBUS, OH/UAS SIGHTING/1615E/STATE ATCT ADVISED, EUROCOPTER EC30, REPORTED A RED AND BLACK QUADCOPTER WHILE N BOUND AT 1,800 FEET 2 N OSU. EVASIVE ACTION NOT TAKEN. OHIO STATE HIGHWAY PATROL NOTIFIED.",9,2022-09
2022-09-18,ILLINOIS,CHICAGO,"PRELIM INFO FROM FAA OPS: CHICAGO, IL/UAS SIGHTING/1555C/CHICAGO TRACON ADVISED, E145, CWA - ORD, REPORTED UAS 500 FEET ABOVE ACFT FROM THE 12 O'CLOCK POSITION WHILE W BOUND AT 4,000 FEET 15 E ORD. NO EVASIVE ACTION TAKEN. FBI NOTIFIED.",9,2022-09
2022-09-18,FLORIDA,TAMPA,"PRELIM INFO FROM FAA OPS: TAMPA, FL/UAS SIGHTING/1723E/TAMPA ATCT ADVISED, BEECH BE36, REPORTED A WHITE UAS 500 FEET BELOW WHILE N BOUND AT 2,300 FEET 15 NE TPA. NO EVASIVE ACTION TAKEN. PASCO COUNTY SHERIFF NOTIFIED.",9,2022-09
2022-09-18,FLORIDA,BROOKSVILLE,"PRELIM INFO FROM FAA OPS: BROOKSVILLE, FL/UAS SIGHTING/1735E/BROOKSVILLE ATCT ADVISED, BEECH BE9L, REPORTED A WHITE UAS WHILE NW BOUND AT 2,000 FEET 20 SE BKV. NO EVASIVE ACTION TAKEN. PASCO COUNTY SHERIFF NOTIFIED.",9,2022-09
2022-09-18,MASSACHUSETTS,BEDFORD,"PRELIM INFO FROM FAA OPS: BEDFORD, MA/UAS SIGHTING/1745E/BOSTON TRACON ADVISED, CIRRUS S22T, REPORTED A SILVER QUADCOPTER AT THE 2 O'CLOCK POSITION WHILE ENE BOUND AT 3,500 FEET 5 WNW BED. EVASIVE ACTION NOT TAKEN. CONCORD PD NOTIFIED.",9,2022-09
2022-09-18,NEW YORK,NEW YORK,"PRELIM INFO FROM FAA OPS: NEW YORK, NY/UAS SIGHTING/1756E/KENNEDY ATCT ADVISED, B738, FLL - JFK, REPORTED A BLACK UAS WHILE SW BOUND AT 1,000 FEET ON A 3 MILE FINAL FOR RUNWAY 22L. NO EVASIVE ACTION TAKEN. NY PORT AUTHORITY NOTIFIED.",9,2022-09
2022-09-18,MINNESOTA,MINNEAPOLIS,"PRELIM INFO FROM FAA OPS: MINNEAPOLIS, MN/UAS SIGHTING/1828C/MINNEAPOLIS TRACON ADVISED, PIPER P28A, REPORTED A YELLOW UAS OFF LEFT SIDE WHILE NE BOUND AT 3,500 FEET OVER MSP. NO EVASIVE ACTION TAKEN. MSP ARPT PD NOTIFIED.",9,2022-09
2022-09-19,NEVADA,LAS VEGAS,"PRELIM INFO FROM FAA OPS: LAS VEGAS, NV/UAS SIGHTING/0640P/LAS VEGAS ATCT ADVISED, CESSNA C206,REPORTED A RED AND BLACK QUAD COPTER UAS IN FRONT OF ACFT WHILE N BOUND AT 3,000 FEET 3 N LAS VEGAS. NO EVASIVE ACTION REPORTED.  LAS VEGAS PD NOTIFIED.",9,2022-09
2022-09-19,UTAH,LOGAN,"PRELIM INFO FROM FAA OPS: LOGAN, UT/UAS SIGHTING/1223M/SALT LAKE CITY ARTCC ADVISED, CESSNA C414, WAS REPORTED BY A WHITE UAS FROM THE 9 O'CLOCK POSITION WHILE N BOUND AT 8,700 FEET 17 NNE LGU. NO EVASIVE ACTION TAKEN. CACHE COUNTY SHERIFF NOTIFIED.",9,2022-09
2022-09-19,TEXAS,BONHAM,"PRELIM INFO FROM FAA OPS: BONHAM, TX/UAS SIGHTING/1330C/FORT WORTH ARTCC ADVISED, CESSNA C182, REPORTED A GREEN UAS FROM THE RIGHT SIDE WHILE SW BOUND AT 4,000 FEET 12 S BONHAM. NO EVASIVE ACTION TAKEN. FANNIN COUNTY SHERIFF NOTIFIED.",9,2022-09
2022-09-19,TENNESSEE,SMYRNA,"PRELIM INFO FROM FAA OPS: SMYRNA, TN/UAS SIGHTING/1746C/SMYRNA ATCT ADVISED, CESSNA C172, REPORTED UAS OFF RIGHT SIDE WHILE E BOUND AT 1,500 FEET 2 N MQY. NO EVASIVE ACTION TAKEN. SMYRNA ARPT PUBLIC SAFETY NOTIFIED.",9,2022-09
2022-09-20,TENNESSEE,MEMPHIS,"PRELIM INFO FROM FAA OPS: MEMPHIS, TN/UAS SIGHTING/1249C/MEMPHIS TRACON ADVISED, PIPER P28R, REPORTED A SILVER UAS FROM BELOW WHILE N BOUND AT 7,000 FEET 9 SE MEM. NO EVASIVE ACTION TAKEN. DESOTO COUNTY SHERIFF TO BE NOTIFIED.",9,2022-09
2022-09-20,PENNSYLVANIA,PHILADELPHIA,"PRELIM INFO FROM FAA OPS: PHILADELPHIA, PA/UAS SIGHTING/1722E/NORTHEAST PHILADELPHIA ATCT ADVISED, HELO, REPORTED UAS 300 FEET BELOW WHILE SE BOUND AT 1,000 FEET 1 NNW PNE. NO EVASIVE ACTION TAKEN. PHILADELPHIA PD NOTIFIED.",9,2022-09
2022-09-20,VIRGINIA,CASANOVA,"PRELIM INFO FROM FAA OPS: CASANOVA, VA/UAS SIGHTING/1745E/POTOMAC TRACON ADVISED, CIRRUS SR22, HEF - EKY, REPORTED A UAS FROM THE 12 O'CLOCK POSITION WHILE WSW BOUND AT 4,000 FEET 6 E CASANOVA VORTAC. NO EVASIVE ACTION TAKEN. FAUQUIER COUNTY SHERIFF NOTIFIED.",9,2022-09
2022-09-20,NORTH CAROLINA,WILMINGTON,"PRELIM INFO FROM FAA OPS: WILMINGTON, NC/UAS SIGHTING/1920E/WILMINGTON ATCT ADVISED, E75L, DCA - ILM, REPORTED A BLACK UAS 100 FEET FROM ACFT WHILE ENE BOUND AT 400 FEET 5.8 SSW ILM. NO EVASIVE ACTION TAKEN. ARPT PD NOTIFIED.",9,2022-09
2022-09-20,UTAH,OGDEN,"PRELIM INFO FROM FAA OPS: OGDEN, UT/UAS SIGHTING/1932M/OGDEN ATCT ADVISED, CESSNA C170, REPORTED UAS OFF LEFT SIDE WHILE S BOUND AT 300 FEET ON RIGHT BASE FOR RUNWAY 21. NO EVASIVE ACTION TAKEN. WEBER COUNTY SHERIFF NOTIFIED.",9,2022-09
2022-09-20,UTAH,OGDEN,"PRELIM INFO FROM FAA OPS: OGDEN, UT/UAS SIGHTING/1932M/OGDEN FCT ADVISED, CESSNA C170, OBSERVED A UAS ON LEFT SIDE WHILE SOUTHBOUND AT 300 FEET, 3 N OGDEN. NO EVASIVE ACTION REPORTED. LEO NOTIFIED.",9,2022-09
2022-09-20,ARIZONA,PAGE,"PRELIM INFO FROM FAA OPS: PAGE, AZ/UAS SIGHTING/2228M/LOS ANGELES ARTCC ADVISED, A20N, DTW - LAS, DESCENDING OUT OF FL360 OBSERVED AN UNIDENTIFIED FLYING OBJECT AT 12 O'CLOCK AT APPROXIMATELY FL340. FRONTIER 2117  STATED THE THE OBJECT WAS MOVING NORTH TO SOUTH AT A HIGH RATE OF SPEED AND WAS INITIALLY LIT AND THEN TURNED IT'S LIGHTS OFF.",9,2022-09
2022-09-21,MINNESOTA,MINNEAPOLIS,"PRELIM INFO FROM FAA OPS: MINNEAPOLIS, MN/UAS SIGHTING/1320C/MSP ATCT ADVISED, A333, PARIS, FRANCE (LFPG) - MSP, REPORTED UAS FROM THE 9 O'CLOCK POSITION AT 2,500 FEET ON 4 MILE FINAL RUNWAY 30L MSP. NO EVASIVE ACTION REPORTED. MSP ARPT PD NOTIFIED.",9,2022-09
2022-09-21,TEXAS,FORT WORTH,"PRELIM INFO FROM FAA OPS: FORT WORTH, TX/UAS SIGHTING/1401C/MEACHAM ATCT ADVISED, CESSNA C172, REPORTED A BLACK AND WHITE UAS OFF THE LEFT SIDE WHILE N BOUND AT 1,700 FEET 1 SW FTW. NO EVASIVE ACTION TAKEN. DFW DPS NOTIFIED.",9,2022-09
2022-09-22,PENNSYLVANIA,PHILADELPHIA,"PRELIM INFO FROM FAA OPS: PHILADELPHIA, PA/UAS SIGHTING/1630E/PHILADELPHIA ATCT ADVISED, B738, MDW - PHL, REPORTED UAS AT THE 2 O'CLOCK POSITION WHILE S BOUND AT 4,000 FEET 10 ENE PHL. NO EVASIVE ACTION REPORTED. PHL ARPT PD NOTIFIED.",9,2022-09
2022-09-22,HAWAII,HONOLULU,"PRELIM INFO FROM FAA OPS: HONOLULU, HI/UAS SIGHTING/1729L/HONOLULU CONTROL FACILITY ADVISED, CESSNA C208, HONOLULU, HI (HNL) - KAUNAKAKAI, HI (MKK), REPORTED A RED UAS 200 FEET FROM ABOVE THE 9 O'CLOCK POSITION WHILE SE BOUND AT 1,800 FEET 5 ESE HNL. NO EVASIVE ACTION TAKEN. HONOLULU PD NOTIFIED.",9,2022-09
2022-09-23,DISTRICT OF COLUMBIA,WASHINGTON,"PRELIM INFO FROM FAA OPS: WASHINGTON, DC/UAS SIGHTING/0733E/POTOMAC TRACON ADVISED CANADA REGISTERED JAZZ 866, CRJ9, DCA - OTTAWA, CANADA (CYOW), REPORTED A RED UAS FROM THE 3 O'CLOCK POSITION WHILE NNW BOUND AT 16,000 FEET 17 NNW DCA. NO EVASIVE ACTION TAKEN. NO LEO NOTIFICATION REPORTED.",9,2022-09
2022-09-23,NEW YORK,NEW YORK,"PRELIM INFO FROM FAA OPS: NEW YORK, NY/UAS SIGHTING/1330E/LAGUARDIA ATCT ADVISED, CRJ9, CHS - LGA, REPORTED A UAS FROM THE 12 O'CLOCK POSITION WHILE NE BOUND AT 2,500 FEET 3 SW LGA. NO EVASIVE ACTION TAKEN. PORT AUTHORITY NOTIFIED.",9,2022-09
2022-09-23,OHIO,COLUMBUS,"PRELIM INFO FROM FAA OPS: COLUMBUS, OH/UAS INCIDENT/2134E/DEN ADVISED, CESSNA C172, OSU - OSU, REPORTED A UAS FROM THE LEFT SIDE WHILE W BOUND AT 400 FEET .25 MILE FINAL OSU. ACFT INITIATED GO-AROUND TO AVOID UAS. LAW ENFORCEMENT HELO NOTIFIED.",9,2022-09
2022-09-23,WASHINGTON,SPOKANE,"PRELIM INFO FROM FAA OPS: SPOKANE, WA/UAS SIGHTING/1953P/SPOKANE ATCT ADVISED, A320, SNA - GEG, REPORTED A UAS FROM 100 FEET ABOVE ACFT WHILE SSW BOUND AT 4,000 FEET 4 NNE GEG. NO EVASIVE ACTION TAKEN. SPOKANE ARPT PD NOTIFIED.",9,2022-09
2022-09-24,GEORGIA,SAVANNAH,"PRELIM INFO FROM FAA OPS: SAVANNAH, GA/UAS SIGHTING/0125E/JACKSONVILLE ARTCC ADVISED, GULFSTREAM G150, JAC - SAV, REPORTED A UAS WHILE E BOUND AT 1,000 FEET 2 W SAV. NO EVASIVE ACTION TAKEN. SAVANNAH INTL ARPT PD NOTIFIED.",9,2022-09
2022-09-24,OHIO,YOUNGSTOWN/WARREN,"CORRECTION INFO (LEO, FIX, TIME) FROM FAA OPS: YOUNGSTOWN-WARREN, OH/UAS SIGHTING/1034E/YOUNGSTOWN APPROACH ADVISED, CESSNA C172, COLUMBIA ARPT (4G8) - TTN, REPORTED A POSSIBLE BLACK UAS FROM THE 8 O'CLOCK POSITION WHILE ESE BOUND AT 5,500 FEET 15 SSE YNG. NO EVASIVE ACTION TAKEN. TRUMBELL COUNTY SHERIFF NOTIFIED.",9,2022-09
2022-09-24,VIRGINIA,HARCUM,"PRELIM INFO FROM FAA OPS: HARCUM, VA/UAS SIGHTING/1118E/POTOMAC TRACON ADVISED, DIAMOND DA40, HEF - JGG, REPORTED A UAS FROM THE 2 O'CLOCK POSITION WHILE SSE BOUND AT 3,500 FEET 12 NNW HARCUM. NO EVASIVE ACTION TAKEN. KING WILLIAM COUNTY SHERIFF NOTIFIED.",9,2022-09
2022-09-24,TENNESSEE,MEMPHIS,"PRELIM INFO FROM FAA OPS: MEMPHIS, TN/UAS SIGHTING/1019C/MEMPHIS ATCT ADVISED, B763, MKE - MEM, REPORTED RED UAS FROM THE 1 O'CLOCK POSITION WHILE S BOUND AT 1,700 FEET 6 N MEM. NO EVASIVE ACTION TAKEN. MEMPHIS PD NOTIFIED.",9,2022-09
2022-09-24,NEW YORK,BINGHAMTON,"PRELIM INFO FROM FAA OPS: BINGHAMTON, NY/UAS SIGHTING/1140E/BINGHAMPTON ATCT ADVISED, CESSNA C172, BGM - BGM, REPORTED A UAS FROM THE 9 O'CLOCK POSITION WHILE N BOUND AT 3,100 FEET 10 N BGM. NO EVASIVE ACTION TAKEN. NO LEO NOTIFICATION REPORTED.",9,2022-09
2022-09-24,COLORADO,ERIE,"PRELIM INFO FROM FAA OPS: ERIE, CO/UAS SIGHTING/1330M/DENVER TRACON ADVISED, CESSNA C172, REPORTED A BLACK UAS FROM THE 3 O'CLOCK POSITION WHILE S BOUND AT 9,000 FEET OVER ERIE. NO EVASIVE ACTION TAKEN. DENVER PD NOTIFIED.",9,2022-09
2022-09-24,CALIFORNIA,VAN NUYS,"PRELIM INFO FROM FAA OPS: VAN NUYS, CA/UAS SIGHTING/1345P/VAN NUYS ATCT ADVISED, CESSNA C172, REPORTED A UAS FROM THE RIGHT SIDE WHILE ENE BOUND AT 2,000 FEET 2 NW VNY. NO EVASIVE ACTION TAKEN. NO LEO NOTIFICATION PROVIDED.",9,2022-09
2022-09-24,ARIZONA,SCOTTSDALE,"PRELIM INFO FROM FAA OPS: SCOTTSDALE, AZ/UAS SIGHTING/1435M/SCOTTSDALE ATCT ADVISED, CIRRUS S22T, SDL - TUS, REPORTED 2 UAS 600 FEET BELOW ACFT WHILE N BOUND AT 3,600 FEET 2 N SCOTTSDALE. NO EVASIVE ACTION REPORTED. LEOS NOT NOTIFIED.",9,2022-09
2022-09-24,PENNSYLVANIA,PHILADELPHIA,"PRELIM INFO FROM FAA OPS: PHILADELPHIA, PA/UAS SIGHTING/1745E/PHILADELPHIA ATCT ADVISED, E145, QUEBEC CITY, CANADA (CYQB) - PHL, REPORTED A GRAY/BLACK UAS 500 BELOW THE ACFT WHILE W BOUND AT 3,500 FEET 12 E PHL. NO EVASIVE ACTION TAKEN. PHL ARPT PD NOTIFIED.",9,2022-09
2022-09-24,MASSACHUSETTS,BEVERLY,"PRELIM INFO FROM FAA OPS: BEVERLY, MA/UAS SIGHTING/1832E/BOSTON TRACON ADVISED, CESSNA C402, AUG - BOS, REPORTED A WHITE/BLUE UAS 10 FEET FROM THE 12 O'CLOCK POSITION WHILE NE BOUND AT 5,000 FEET 5 NNE BVY. NO EVASIVE ACTION TAKEN. MASSACHUSETTS STATE PD NOTIFIED.",9,2022-09
2022-09-24,TEXAS,HOUSTON,"PRELIM INFO FROM FAA OPS: HOUSTON, TX/UAS SIGHTING/1842C/HOBBY ATCT ADVISED, HELO, REPORTED A UAS FROM THE 9 O'CLOCK POSITION WHILE ESE BOUND AT 800 FEET 7 WNW HOU. NO EVASIVE ACTION TAKEN. HOUSTON PD NOTIFIED.",9,2022-09
2022-09-24,PENNSYLVANIA,PHILADELPHIA,"PRELIM INFO FROM FAA OPS: PHILADELPHIA, PA/UAS SIGHTING/1855E/PHILADELPHIA ATCT ADVISED CANADA REGISTERED JAZZ 932, CRJ9, TORONTO, CANADA (CYYZ) - PHL, REPORTED A BLACK UAS 100 FEET FROM ABOVE THE 12 O'CLOCK POSITION WHILE ESE BOUND AT 3,000 FEET 9 NE PHL. NO EVASIVE ACTION TAKEN. PHILADELPHIA ARPT PD NOTIFIED.",9,2022-09
2022-09-25,VIRGINIA,RICHMOND,"PRELIM INFO FROM FAA OPS: RICHMOND, VA/UAS SIGHTING/0905E/RICHMOND ATCT ADVISED, CRJ7, EWR - RIC, REPORTED A WHITE UAS 500 FEET ABOVE ACFT OFF RIGHT SIDE WHILE E BOUND AT 2,000 FEET 1 S RICHMOND. HENRICO COUNTY PD NOTIFIED.",9,2022-09
2022-09-25,PENNSYLVANIA,PHILADELPHIA,"PRELIM INFO FROM FAA OPS: PHILADELPHIA, PA/UAS SIGHTING/0920E/PHILADELPHIA TRACON ADVISED, CRJ7, DAY - PHL, REPORTED A UAS 200 FEET ABOVE ACFT WHILE S BOUND AT 2,000 FEET 10 N PHL. NO EVASIVE ACTION TAKEN. PHL ARPT PD NOTIFIED.",9,2022-09
2022-09-25,CALIFORNIA,SAN DIEGO/EL CAJON,"PRELIM INFO FROM FAA OPS: SAN DIEGO-EL CAJON, CA/UAS SIGHTING/1043P/GILLESPIE ATCT ADVISED, B205, REPORTED A UAS WHILE N BOUND AT 700 FEET 1 S SEE. NO EVASIVE ACTION TAKEN. SAN DIEGO COUNTY SHERIFF NOTIFIED.",9,2022-09
2022-09-25,COLORADO,DENVER,"PRELIM INFO FROM FAA OPS: DENVER, CO/UAS SIGHTING/1258M/DENVER TRACON ADVISED, TEX2, REPORTED GREY UAS PASSED 50 FEET OVER THE LEFT WING WHILE SSE BOUND AT 11,000 FEET 5 N APA. NO EVASIVE ACTION TAKEN. DENVER ARPT PD NOTIFIED.",9,2022-09
2022-09-25,CALIFORNIA,STOCKTON,"PRELIM INFO FROM FAA OPS: STOCKTON, CA/UAS SIGHTING/LATE REPORT-1450P/NORCAL TRACON ADVISED, CESSNA C172, REPORTED A GOLD UAS AT THE 12 O'CLOCK POSITION WHILE SW BOUND AT 1,800 FEET 3 SW SCK. NO EVASIVE ACTION TAKEN. SAN JOAQUIN SHERIFF NOTIFICATION NUMBER NOT PROVIDED.",9,2022-09
2022-09-25,WASHINGTON,SEATTLE,"PRELIM INFO FROM FAA OPS: SEATTLE, WA/UAS SIGHTING/1553P/BOEING ATCT REPORTED UAS OVER LUMEN FIELD FOR 5 MINUTES INSIDE TFR DURING A FOOTBALL GAME. SEATTLE PD NOTIFICATON NUMBER NOT PROVIDED.",9,2022-09
2022-09-25,NEVADA,LAS VEGAS,"PRELIM INFO FROM FAA OPS: LAS VEGAS, NV/UAS SIGHTING/1644P/LAS VEGAS ATCT ADVISED, B738, MSY - LAS, OBSERVED A UAS WHILE WESTBOUND AT 3,500 FEET, 3 E LAS. NO INJURIES REPORTED. NO LEO NOTIFICATION PROVIDED.",9,2022-09
2022-09-25,CALIFORNIA,SAN JOSE,"PRELIM INFO FROM FAA OPS: SAN JOSE, CA/UAS SIGHTING/1718P/NORCAL TRACON ADVISED, CESSNA C25M, OBSERVED A UAS 100 FEET ABOVE ACFT WHILE NORTHBOUND AT 13,000 FEET, 3 N SAN JOSE. NO EVASIVE ACTION TAKEN.  SAN JOSE PD NOTIFIED.",9,2022-09
2022-09-26,PENNSYLVANIA,WILKES-BARRE,"PRELIM INFO FROM FAA OPS: WILKES-BARRE, PA/UAS SIGHTING/0100E/WILKES-BARRE ATCT REPORT UAS IN THE BERWICK POWER PLANT PROTECTED AIRSPACE 25 SW AVP. POWER PLANT SECURITY PERSONNEL REPORTED THE UAS APPEARED TO BE MILITARY IN SIZE AND TYPE. FBI NOTIFICATION NUMBER NOT PROVIDED.",9,2022-09
2022-09-26,NEW YORK,NEW YORK,"PRELIM INFO FROM FAA OPS: NEW YORK, NY/UAS SIGHTING/1028E/JF KENNEDY ATCT ADVISED, B762, SWF - JFK, REPORTED A UAS ABOVE ACFT WHILE SW BOUND AT 800 FEET ON SHORT FINAL RUNWAY 22L. NO EVASIVE ACTION TAKEN. NEW YORK PORT AUTHORITY NOTIFIED.",9,2022-09
2022-09-26,FLORIDA,ORLANDO,"PRELIM INFO FROM FAA OPS: ORLANDO, FL/UAS SIGHTING/1553E/SANFORD ATCT ADVISED, CESSNA C172, REPORTED A UAS FROM THE 3 O'CLOCK POSITION WHILE E BOUND AT 1,000 FEET 2 W SFB. NO EVASIVE ACTION TAKEN. SEMINOLE COUNTY SHERIFF AVIATION UNIT NOTIFIED.",9,2022-09
2022-09-26,TENNESSEE,NASHVILLE,"PRELIM INFO FROM FAA OPS: NASHVILLE, TN/UAS SIGHTING/1735C/NASHVILLE APCH ADVISED, B737, BNA - CALGARY, CANADA (CYYC), REPORTED A COPPER METALLIC UAS AT THE 9 O'CLOCK POSITION WHILE W BOUND AT 4,000 FEET 4 NNW BNA. NO EVASIVE ACTION TAKEN. METROPOLITAN NASHVILLE ARPT AUTHORITY NOTIFIED.",9,2022-09
2022-09-27,NORTH CAROLINA,CHARLOTTE,"PRELIM INFO FROM FAA OPS: CHARLOTTE, NC/UAS SIGHTING/1145E/CHARLOTTE ATCT ADVISED, CRJ9, REPORTED RED AND BLACK UAS 500 FEET WHILE NE BOUND AT 9,000 FEET 5 E CHARLOTTE. NO EVASIVE ACTION REPORTED. CHESTER COUNTY SHERIFF NOTIFIED.",9,2022-09
2022-09-27,NEW YORK,NEW YORK,"PRELIM INFO FROM FAA OPS: NEW YORK, NY/UAS SIGHTING/LATE REPORT - 1313E/NEW YORK TRACON ADVISED, CESSNA C68A, MKE - LGA, REPORTED A SILVER UAS AT THE 12 O'CLOCK POSITION WHILE SW BOUND AT 3,000 FEET 8 NE LGA. NO EVASIVE ACTION TAKEN.  NYPD AVIATION UNIT NOTIFIED.",9,2022-09
2022-09-27,MAINE,ROCKLAND,"PRELIM INFO FROM FAA OPS: ROCKLAND, ME/UAS SIGHTING/1725E/PORTLAND ATCT ADVISED, CESSNA C172, BHB - SFM, REPORTED A UAS FROM THE RIGHT SIDE WHILE W BOUND AT 6,500 FEET 6 N ROCKLAND. NO EVASIVE ACTION TAKEN. LEO NOTIFICATION NOT REPORTED.",9,2022-09
